
Graduation_Project.elf:     file format elf32-avr

Sections:
Idx Name          Size      VMA       LMA       File off  Algn
  0 .text         000034f2  00000000  00000000  00000094  2**1
                  CONTENTS, ALLOC, LOAD, READONLY, CODE
  1 .data         00000222  00800060  000034f2  00003586  2**0
                  CONTENTS, ALLOC, LOAD, DATA
  2 .bss          0000001c  00800282  00800282  000037a8  2**0
                  ALLOC
  3 .stab         00006a44  00000000  00000000  000037a8  2**2
                  CONTENTS, READONLY, DEBUGGING
  4 .stabstr      00001fc5  00000000  00000000  0000a1ec  2**0
                  CONTENTS, READONLY, DEBUGGING
  5 .debug_aranges 00000180  00000000  00000000  0000c1b1  2**0
                  CONTENTS, READONLY, DEBUGGING
  6 .debug_pubnames 000001d3  00000000  00000000  0000c331  2**0
                  CONTENTS, READONLY, DEBUGGING
  7 .debug_info   0000200f  00000000  00000000  0000c504  2**0
                  CONTENTS, READONLY, DEBUGGING
  8 .debug_abbrev 00001170  00000000  00000000  0000e513  2**0
                  CONTENTS, READONLY, DEBUGGING
  9 .debug_line   00001001  00000000  00000000  0000f683  2**0
                  CONTENTS, READONLY, DEBUGGING
 10 .debug_frame  000001a0  00000000  00000000  00010684  2**2
                  CONTENTS, READONLY, DEBUGGING
 11 .debug_str    000002c1  00000000  00000000  00010824  2**0
                  CONTENTS, READONLY, DEBUGGING
 12 .debug_loc    000008ae  00000000  00000000  00010ae5  2**0
                  CONTENTS, READONLY, DEBUGGING
 13 .debug_ranges 00000050  00000000  00000000  00011393  2**0
                  CONTENTS, READONLY, DEBUGGING

Disassembly of section .text:

00000000 <__vectors>:
       0:	0c 94 2a 00 	jmp	0x54	; 0x54 <__ctors_end>
       4:	0c 94 76 08 	jmp	0x10ec	; 0x10ec <__vector_1>
       8:	0c 94 9d 08 	jmp	0x113a	; 0x113a <__vector_2>
       c:	0c 94 c4 08 	jmp	0x1188	; 0x1188 <__vector_3>
      10:	0c 94 47 00 	jmp	0x8e	; 0x8e <__bad_interrupt>
      14:	0c 94 47 00 	jmp	0x8e	; 0x8e <__bad_interrupt>
      18:	0c 94 77 07 	jmp	0xeee	; 0xeee <__vector_6>
      1c:	0c 94 47 00 	jmp	0x8e	; 0x8e <__bad_interrupt>
      20:	0c 94 47 00 	jmp	0x8e	; 0x8e <__bad_interrupt>
      24:	0c 94 47 00 	jmp	0x8e	; 0x8e <__bad_interrupt>
      28:	0c 94 45 07 	jmp	0xe8a	; 0xe8a <__vector_10>
      2c:	0c 94 fc 06 	jmp	0xdf8	; 0xdf8 <__vector_11>
      30:	0c 94 47 00 	jmp	0x8e	; 0x8e <__bad_interrupt>
      34:	0c 94 47 00 	jmp	0x8e	; 0x8e <__bad_interrupt>
      38:	0c 94 47 00 	jmp	0x8e	; 0x8e <__bad_interrupt>
      3c:	0c 94 47 00 	jmp	0x8e	; 0x8e <__bad_interrupt>
      40:	0c 94 47 00 	jmp	0x8e	; 0x8e <__bad_interrupt>
      44:	0c 94 47 00 	jmp	0x8e	; 0x8e <__bad_interrupt>
      48:	0c 94 47 00 	jmp	0x8e	; 0x8e <__bad_interrupt>
      4c:	0c 94 47 00 	jmp	0x8e	; 0x8e <__bad_interrupt>
      50:	0c 94 47 00 	jmp	0x8e	; 0x8e <__bad_interrupt>

00000054 <__ctors_end>:
      54:	11 24       	eor	r1, r1
      56:	1f be       	out	0x3f, r1	; 63
      58:	cf e5       	ldi	r28, 0x5F	; 95
      5a:	d8 e0       	ldi	r29, 0x08	; 8
      5c:	de bf       	out	0x3e, r29	; 62
      5e:	cd bf       	out	0x3d, r28	; 61

00000060 <__do_copy_data>:
      60:	12 e0       	ldi	r17, 0x02	; 2
      62:	a0 e6       	ldi	r26, 0x60	; 96
      64:	b0 e0       	ldi	r27, 0x00	; 0
      66:	e2 ef       	ldi	r30, 0xF2	; 242
      68:	f4 e3       	ldi	r31, 0x34	; 52
      6a:	02 c0       	rjmp	.+4      	; 0x70 <.do_copy_data_start>

0000006c <.do_copy_data_loop>:
      6c:	05 90       	lpm	r0, Z+
      6e:	0d 92       	st	X+, r0

00000070 <.do_copy_data_start>:
      70:	a2 38       	cpi	r26, 0x82	; 130
      72:	b1 07       	cpc	r27, r17
      74:	d9 f7       	brne	.-10     	; 0x6c <.do_copy_data_loop>

00000076 <__do_clear_bss>:
      76:	12 e0       	ldi	r17, 0x02	; 2
      78:	a2 e8       	ldi	r26, 0x82	; 130
      7a:	b2 e0       	ldi	r27, 0x02	; 2
      7c:	01 c0       	rjmp	.+2      	; 0x80 <.do_clear_bss_start>

0000007e <.do_clear_bss_loop>:
      7e:	1d 92       	st	X+, r1

00000080 <.do_clear_bss_start>:
      80:	ae 39       	cpi	r26, 0x9E	; 158
      82:	b1 07       	cpc	r27, r17
      84:	e1 f7       	brne	.-8      	; 0x7e <.do_clear_bss_loop>
      86:	0e 94 b5 17 	call	0x2f6a	; 0x2f6a <main>
      8a:	0c 94 77 1a 	jmp	0x34ee	; 0x34ee <_exit>

0000008e <__bad_interrupt>:
      8e:	0c 94 00 00 	jmp	0	; 0x0 <__vectors>

00000092 <__fixunssfsi>:
      92:	ef 92       	push	r14
      94:	ff 92       	push	r15
      96:	0f 93       	push	r16
      98:	1f 93       	push	r17
      9a:	7b 01       	movw	r14, r22
      9c:	8c 01       	movw	r16, r24
      9e:	20 e0       	ldi	r18, 0x00	; 0
      a0:	30 e0       	ldi	r19, 0x00	; 0
      a2:	40 e0       	ldi	r20, 0x00	; 0
      a4:	5f e4       	ldi	r21, 0x4F	; 79
      a6:	0e 94 49 03 	call	0x692	; 0x692 <__gesf2>
      aa:	88 23       	and	r24, r24
      ac:	8c f0       	brlt	.+34     	; 0xd0 <__fixunssfsi+0x3e>
      ae:	c8 01       	movw	r24, r16
      b0:	b7 01       	movw	r22, r14
      b2:	20 e0       	ldi	r18, 0x00	; 0
      b4:	30 e0       	ldi	r19, 0x00	; 0
      b6:	40 e0       	ldi	r20, 0x00	; 0
      b8:	5f e4       	ldi	r21, 0x4F	; 79
      ba:	0e 94 c1 01 	call	0x382	; 0x382 <__subsf3>
      be:	0e 94 a9 03 	call	0x752	; 0x752 <__fixsfsi>
      c2:	9b 01       	movw	r18, r22
      c4:	ac 01       	movw	r20, r24
      c6:	20 50       	subi	r18, 0x00	; 0
      c8:	30 40       	sbci	r19, 0x00	; 0
      ca:	40 40       	sbci	r20, 0x00	; 0
      cc:	50 48       	sbci	r21, 0x80	; 128
      ce:	06 c0       	rjmp	.+12     	; 0xdc <__fixunssfsi+0x4a>
      d0:	c8 01       	movw	r24, r16
      d2:	b7 01       	movw	r22, r14
      d4:	0e 94 a9 03 	call	0x752	; 0x752 <__fixsfsi>
      d8:	9b 01       	movw	r18, r22
      da:	ac 01       	movw	r20, r24
      dc:	b9 01       	movw	r22, r18
      de:	ca 01       	movw	r24, r20
      e0:	1f 91       	pop	r17
      e2:	0f 91       	pop	r16
      e4:	ff 90       	pop	r15
      e6:	ef 90       	pop	r14
      e8:	08 95       	ret

000000ea <_fpadd_parts>:
      ea:	a0 e0       	ldi	r26, 0x00	; 0
      ec:	b0 e0       	ldi	r27, 0x00	; 0
      ee:	eb e7       	ldi	r30, 0x7B	; 123
      f0:	f0 e0       	ldi	r31, 0x00	; 0
      f2:	0c 94 40 1a 	jmp	0x3480	; 0x3480 <__prologue_saves__>
      f6:	dc 01       	movw	r26, r24
      f8:	2b 01       	movw	r4, r22
      fa:	fa 01       	movw	r30, r20
      fc:	9c 91       	ld	r25, X
      fe:	92 30       	cpi	r25, 0x02	; 2
     100:	08 f4       	brcc	.+2      	; 0x104 <_fpadd_parts+0x1a>
     102:	39 c1       	rjmp	.+626    	; 0x376 <_fpadd_parts+0x28c>
     104:	eb 01       	movw	r28, r22
     106:	88 81       	ld	r24, Y
     108:	82 30       	cpi	r24, 0x02	; 2
     10a:	08 f4       	brcc	.+2      	; 0x10e <_fpadd_parts+0x24>
     10c:	33 c1       	rjmp	.+614    	; 0x374 <_fpadd_parts+0x28a>
     10e:	94 30       	cpi	r25, 0x04	; 4
     110:	69 f4       	brne	.+26     	; 0x12c <_fpadd_parts+0x42>
     112:	84 30       	cpi	r24, 0x04	; 4
     114:	09 f0       	breq	.+2      	; 0x118 <_fpadd_parts+0x2e>
     116:	2f c1       	rjmp	.+606    	; 0x376 <_fpadd_parts+0x28c>
     118:	11 96       	adiw	r26, 0x01	; 1
     11a:	9c 91       	ld	r25, X
     11c:	11 97       	sbiw	r26, 0x01	; 1
     11e:	89 81       	ldd	r24, Y+1	; 0x01
     120:	98 17       	cp	r25, r24
     122:	09 f4       	brne	.+2      	; 0x126 <_fpadd_parts+0x3c>
     124:	28 c1       	rjmp	.+592    	; 0x376 <_fpadd_parts+0x28c>
     126:	af e4       	ldi	r26, 0x4F	; 79
     128:	b1 e0       	ldi	r27, 0x01	; 1
     12a:	25 c1       	rjmp	.+586    	; 0x376 <_fpadd_parts+0x28c>
     12c:	84 30       	cpi	r24, 0x04	; 4
     12e:	09 f4       	brne	.+2      	; 0x132 <_fpadd_parts+0x48>
     130:	21 c1       	rjmp	.+578    	; 0x374 <_fpadd_parts+0x28a>
     132:	82 30       	cpi	r24, 0x02	; 2
     134:	a9 f4       	brne	.+42     	; 0x160 <_fpadd_parts+0x76>
     136:	92 30       	cpi	r25, 0x02	; 2
     138:	09 f0       	breq	.+2      	; 0x13c <_fpadd_parts+0x52>
     13a:	1d c1       	rjmp	.+570    	; 0x376 <_fpadd_parts+0x28c>
     13c:	9a 01       	movw	r18, r20
     13e:	ad 01       	movw	r20, r26
     140:	88 e0       	ldi	r24, 0x08	; 8
     142:	ea 01       	movw	r28, r20
     144:	09 90       	ld	r0, Y+
     146:	ae 01       	movw	r20, r28
     148:	e9 01       	movw	r28, r18
     14a:	09 92       	st	Y+, r0
     14c:	9e 01       	movw	r18, r28
     14e:	81 50       	subi	r24, 0x01	; 1
     150:	c1 f7       	brne	.-16     	; 0x142 <_fpadd_parts+0x58>
     152:	e2 01       	movw	r28, r4
     154:	89 81       	ldd	r24, Y+1	; 0x01
     156:	11 96       	adiw	r26, 0x01	; 1
     158:	9c 91       	ld	r25, X
     15a:	89 23       	and	r24, r25
     15c:	81 83       	std	Z+1, r24	; 0x01
     15e:	08 c1       	rjmp	.+528    	; 0x370 <_fpadd_parts+0x286>
     160:	92 30       	cpi	r25, 0x02	; 2
     162:	09 f4       	brne	.+2      	; 0x166 <_fpadd_parts+0x7c>
     164:	07 c1       	rjmp	.+526    	; 0x374 <_fpadd_parts+0x28a>
     166:	12 96       	adiw	r26, 0x02	; 2
     168:	2d 90       	ld	r2, X+
     16a:	3c 90       	ld	r3, X
     16c:	13 97       	sbiw	r26, 0x03	; 3
     16e:	eb 01       	movw	r28, r22
     170:	8a 81       	ldd	r24, Y+2	; 0x02
     172:	9b 81       	ldd	r25, Y+3	; 0x03
     174:	14 96       	adiw	r26, 0x04	; 4
     176:	ad 90       	ld	r10, X+
     178:	bd 90       	ld	r11, X+
     17a:	cd 90       	ld	r12, X+
     17c:	dc 90       	ld	r13, X
     17e:	17 97       	sbiw	r26, 0x07	; 7
     180:	ec 80       	ldd	r14, Y+4	; 0x04
     182:	fd 80       	ldd	r15, Y+5	; 0x05
     184:	0e 81       	ldd	r16, Y+6	; 0x06
     186:	1f 81       	ldd	r17, Y+7	; 0x07
     188:	91 01       	movw	r18, r2
     18a:	28 1b       	sub	r18, r24
     18c:	39 0b       	sbc	r19, r25
     18e:	b9 01       	movw	r22, r18
     190:	37 ff       	sbrs	r19, 7
     192:	04 c0       	rjmp	.+8      	; 0x19c <_fpadd_parts+0xb2>
     194:	66 27       	eor	r22, r22
     196:	77 27       	eor	r23, r23
     198:	62 1b       	sub	r22, r18
     19a:	73 0b       	sbc	r23, r19
     19c:	60 32       	cpi	r22, 0x20	; 32
     19e:	71 05       	cpc	r23, r1
     1a0:	0c f0       	brlt	.+2      	; 0x1a4 <_fpadd_parts+0xba>
     1a2:	61 c0       	rjmp	.+194    	; 0x266 <_fpadd_parts+0x17c>
     1a4:	12 16       	cp	r1, r18
     1a6:	13 06       	cpc	r1, r19
     1a8:	6c f5       	brge	.+90     	; 0x204 <_fpadd_parts+0x11a>
     1aa:	37 01       	movw	r6, r14
     1ac:	48 01       	movw	r8, r16
     1ae:	06 2e       	mov	r0, r22
     1b0:	04 c0       	rjmp	.+8      	; 0x1ba <_fpadd_parts+0xd0>
     1b2:	96 94       	lsr	r9
     1b4:	87 94       	ror	r8
     1b6:	77 94       	ror	r7
     1b8:	67 94       	ror	r6
     1ba:	0a 94       	dec	r0
     1bc:	d2 f7       	brpl	.-12     	; 0x1b2 <_fpadd_parts+0xc8>
     1be:	21 e0       	ldi	r18, 0x01	; 1
     1c0:	30 e0       	ldi	r19, 0x00	; 0
     1c2:	40 e0       	ldi	r20, 0x00	; 0
     1c4:	50 e0       	ldi	r21, 0x00	; 0
     1c6:	04 c0       	rjmp	.+8      	; 0x1d0 <_fpadd_parts+0xe6>
     1c8:	22 0f       	add	r18, r18
     1ca:	33 1f       	adc	r19, r19
     1cc:	44 1f       	adc	r20, r20
     1ce:	55 1f       	adc	r21, r21
     1d0:	6a 95       	dec	r22
     1d2:	d2 f7       	brpl	.-12     	; 0x1c8 <_fpadd_parts+0xde>
     1d4:	21 50       	subi	r18, 0x01	; 1
     1d6:	30 40       	sbci	r19, 0x00	; 0
     1d8:	40 40       	sbci	r20, 0x00	; 0
     1da:	50 40       	sbci	r21, 0x00	; 0
     1dc:	2e 21       	and	r18, r14
     1de:	3f 21       	and	r19, r15
     1e0:	40 23       	and	r20, r16
     1e2:	51 23       	and	r21, r17
     1e4:	21 15       	cp	r18, r1
     1e6:	31 05       	cpc	r19, r1
     1e8:	41 05       	cpc	r20, r1
     1ea:	51 05       	cpc	r21, r1
     1ec:	21 f0       	breq	.+8      	; 0x1f6 <_fpadd_parts+0x10c>
     1ee:	21 e0       	ldi	r18, 0x01	; 1
     1f0:	30 e0       	ldi	r19, 0x00	; 0
     1f2:	40 e0       	ldi	r20, 0x00	; 0
     1f4:	50 e0       	ldi	r21, 0x00	; 0
     1f6:	79 01       	movw	r14, r18
     1f8:	8a 01       	movw	r16, r20
     1fa:	e6 28       	or	r14, r6
     1fc:	f7 28       	or	r15, r7
     1fe:	08 29       	or	r16, r8
     200:	19 29       	or	r17, r9
     202:	3c c0       	rjmp	.+120    	; 0x27c <_fpadd_parts+0x192>
     204:	23 2b       	or	r18, r19
     206:	d1 f1       	breq	.+116    	; 0x27c <_fpadd_parts+0x192>
     208:	26 0e       	add	r2, r22
     20a:	37 1e       	adc	r3, r23
     20c:	35 01       	movw	r6, r10
     20e:	46 01       	movw	r8, r12
     210:	06 2e       	mov	r0, r22
     212:	04 c0       	rjmp	.+8      	; 0x21c <_fpadd_parts+0x132>
     214:	96 94       	lsr	r9
     216:	87 94       	ror	r8
     218:	77 94       	ror	r7
     21a:	67 94       	ror	r6
     21c:	0a 94       	dec	r0
     21e:	d2 f7       	brpl	.-12     	; 0x214 <_fpadd_parts+0x12a>
     220:	21 e0       	ldi	r18, 0x01	; 1
     222:	30 e0       	ldi	r19, 0x00	; 0
     224:	40 e0       	ldi	r20, 0x00	; 0
     226:	50 e0       	ldi	r21, 0x00	; 0
     228:	04 c0       	rjmp	.+8      	; 0x232 <_fpadd_parts+0x148>
     22a:	22 0f       	add	r18, r18
     22c:	33 1f       	adc	r19, r19
     22e:	44 1f       	adc	r20, r20
     230:	55 1f       	adc	r21, r21
     232:	6a 95       	dec	r22
     234:	d2 f7       	brpl	.-12     	; 0x22a <_fpadd_parts+0x140>
     236:	21 50       	subi	r18, 0x01	; 1
     238:	30 40       	sbci	r19, 0x00	; 0
     23a:	40 40       	sbci	r20, 0x00	; 0
     23c:	50 40       	sbci	r21, 0x00	; 0
     23e:	2a 21       	and	r18, r10
     240:	3b 21       	and	r19, r11
     242:	4c 21       	and	r20, r12
     244:	5d 21       	and	r21, r13
     246:	21 15       	cp	r18, r1
     248:	31 05       	cpc	r19, r1
     24a:	41 05       	cpc	r20, r1
     24c:	51 05       	cpc	r21, r1
     24e:	21 f0       	breq	.+8      	; 0x258 <_fpadd_parts+0x16e>
     250:	21 e0       	ldi	r18, 0x01	; 1
     252:	30 e0       	ldi	r19, 0x00	; 0
     254:	40 e0       	ldi	r20, 0x00	; 0
     256:	50 e0       	ldi	r21, 0x00	; 0
     258:	59 01       	movw	r10, r18
     25a:	6a 01       	movw	r12, r20
     25c:	a6 28       	or	r10, r6
     25e:	b7 28       	or	r11, r7
     260:	c8 28       	or	r12, r8
     262:	d9 28       	or	r13, r9
     264:	0b c0       	rjmp	.+22     	; 0x27c <_fpadd_parts+0x192>
     266:	82 15       	cp	r24, r2
     268:	93 05       	cpc	r25, r3
     26a:	2c f0       	brlt	.+10     	; 0x276 <_fpadd_parts+0x18c>
     26c:	1c 01       	movw	r2, r24
     26e:	aa 24       	eor	r10, r10
     270:	bb 24       	eor	r11, r11
     272:	65 01       	movw	r12, r10
     274:	03 c0       	rjmp	.+6      	; 0x27c <_fpadd_parts+0x192>
     276:	ee 24       	eor	r14, r14
     278:	ff 24       	eor	r15, r15
     27a:	87 01       	movw	r16, r14
     27c:	11 96       	adiw	r26, 0x01	; 1
     27e:	9c 91       	ld	r25, X
     280:	d2 01       	movw	r26, r4
     282:	11 96       	adiw	r26, 0x01	; 1
     284:	8c 91       	ld	r24, X
     286:	98 17       	cp	r25, r24
     288:	09 f4       	brne	.+2      	; 0x28c <_fpadd_parts+0x1a2>
     28a:	45 c0       	rjmp	.+138    	; 0x316 <_fpadd_parts+0x22c>
     28c:	99 23       	and	r25, r25
     28e:	39 f0       	breq	.+14     	; 0x29e <_fpadd_parts+0x1b4>
     290:	a8 01       	movw	r20, r16
     292:	97 01       	movw	r18, r14
     294:	2a 19       	sub	r18, r10
     296:	3b 09       	sbc	r19, r11
     298:	4c 09       	sbc	r20, r12
     29a:	5d 09       	sbc	r21, r13
     29c:	06 c0       	rjmp	.+12     	; 0x2aa <_fpadd_parts+0x1c0>
     29e:	a6 01       	movw	r20, r12
     2a0:	95 01       	movw	r18, r10
     2a2:	2e 19       	sub	r18, r14
     2a4:	3f 09       	sbc	r19, r15
     2a6:	40 0b       	sbc	r20, r16
     2a8:	51 0b       	sbc	r21, r17
     2aa:	57 fd       	sbrc	r21, 7
     2ac:	08 c0       	rjmp	.+16     	; 0x2be <_fpadd_parts+0x1d4>
     2ae:	11 82       	std	Z+1, r1	; 0x01
     2b0:	33 82       	std	Z+3, r3	; 0x03
     2b2:	22 82       	std	Z+2, r2	; 0x02
     2b4:	24 83       	std	Z+4, r18	; 0x04
     2b6:	35 83       	std	Z+5, r19	; 0x05
     2b8:	46 83       	std	Z+6, r20	; 0x06
     2ba:	57 83       	std	Z+7, r21	; 0x07
     2bc:	1d c0       	rjmp	.+58     	; 0x2f8 <_fpadd_parts+0x20e>
     2be:	81 e0       	ldi	r24, 0x01	; 1
     2c0:	81 83       	std	Z+1, r24	; 0x01
     2c2:	33 82       	std	Z+3, r3	; 0x03
     2c4:	22 82       	std	Z+2, r2	; 0x02
     2c6:	88 27       	eor	r24, r24
     2c8:	99 27       	eor	r25, r25
     2ca:	dc 01       	movw	r26, r24
     2cc:	82 1b       	sub	r24, r18
     2ce:	93 0b       	sbc	r25, r19
     2d0:	a4 0b       	sbc	r26, r20
     2d2:	b5 0b       	sbc	r27, r21
     2d4:	84 83       	std	Z+4, r24	; 0x04
     2d6:	95 83       	std	Z+5, r25	; 0x05
     2d8:	a6 83       	std	Z+6, r26	; 0x06
     2da:	b7 83       	std	Z+7, r27	; 0x07
     2dc:	0d c0       	rjmp	.+26     	; 0x2f8 <_fpadd_parts+0x20e>
     2de:	22 0f       	add	r18, r18
     2e0:	33 1f       	adc	r19, r19
     2e2:	44 1f       	adc	r20, r20
     2e4:	55 1f       	adc	r21, r21
     2e6:	24 83       	std	Z+4, r18	; 0x04
     2e8:	35 83       	std	Z+5, r19	; 0x05
     2ea:	46 83       	std	Z+6, r20	; 0x06
     2ec:	57 83       	std	Z+7, r21	; 0x07
     2ee:	82 81       	ldd	r24, Z+2	; 0x02
     2f0:	93 81       	ldd	r25, Z+3	; 0x03
     2f2:	01 97       	sbiw	r24, 0x01	; 1
     2f4:	93 83       	std	Z+3, r25	; 0x03
     2f6:	82 83       	std	Z+2, r24	; 0x02
     2f8:	24 81       	ldd	r18, Z+4	; 0x04
     2fa:	35 81       	ldd	r19, Z+5	; 0x05
     2fc:	46 81       	ldd	r20, Z+6	; 0x06
     2fe:	57 81       	ldd	r21, Z+7	; 0x07
     300:	da 01       	movw	r26, r20
     302:	c9 01       	movw	r24, r18
     304:	01 97       	sbiw	r24, 0x01	; 1
     306:	a1 09       	sbc	r26, r1
     308:	b1 09       	sbc	r27, r1
     30a:	8f 5f       	subi	r24, 0xFF	; 255
     30c:	9f 4f       	sbci	r25, 0xFF	; 255
     30e:	af 4f       	sbci	r26, 0xFF	; 255
     310:	bf 43       	sbci	r27, 0x3F	; 63
     312:	28 f3       	brcs	.-54     	; 0x2de <_fpadd_parts+0x1f4>
     314:	0b c0       	rjmp	.+22     	; 0x32c <_fpadd_parts+0x242>
     316:	91 83       	std	Z+1, r25	; 0x01
     318:	33 82       	std	Z+3, r3	; 0x03
     31a:	22 82       	std	Z+2, r2	; 0x02
     31c:	ea 0c       	add	r14, r10
     31e:	fb 1c       	adc	r15, r11
     320:	0c 1d       	adc	r16, r12
     322:	1d 1d       	adc	r17, r13
     324:	e4 82       	std	Z+4, r14	; 0x04
     326:	f5 82       	std	Z+5, r15	; 0x05
     328:	06 83       	std	Z+6, r16	; 0x06
     32a:	17 83       	std	Z+7, r17	; 0x07
     32c:	83 e0       	ldi	r24, 0x03	; 3
     32e:	80 83       	st	Z, r24
     330:	24 81       	ldd	r18, Z+4	; 0x04
     332:	35 81       	ldd	r19, Z+5	; 0x05
     334:	46 81       	ldd	r20, Z+6	; 0x06
     336:	57 81       	ldd	r21, Z+7	; 0x07
     338:	57 ff       	sbrs	r21, 7
     33a:	1a c0       	rjmp	.+52     	; 0x370 <_fpadd_parts+0x286>
     33c:	c9 01       	movw	r24, r18
     33e:	aa 27       	eor	r26, r26
     340:	97 fd       	sbrc	r25, 7
     342:	a0 95       	com	r26
     344:	ba 2f       	mov	r27, r26
     346:	81 70       	andi	r24, 0x01	; 1
     348:	90 70       	andi	r25, 0x00	; 0
     34a:	a0 70       	andi	r26, 0x00	; 0
     34c:	b0 70       	andi	r27, 0x00	; 0
     34e:	56 95       	lsr	r21
     350:	47 95       	ror	r20
     352:	37 95       	ror	r19
     354:	27 95       	ror	r18
     356:	82 2b       	or	r24, r18
     358:	93 2b       	or	r25, r19
     35a:	a4 2b       	or	r26, r20
     35c:	b5 2b       	or	r27, r21
     35e:	84 83       	std	Z+4, r24	; 0x04
     360:	95 83       	std	Z+5, r25	; 0x05
     362:	a6 83       	std	Z+6, r26	; 0x06
     364:	b7 83       	std	Z+7, r27	; 0x07
     366:	82 81       	ldd	r24, Z+2	; 0x02
     368:	93 81       	ldd	r25, Z+3	; 0x03
     36a:	01 96       	adiw	r24, 0x01	; 1
     36c:	93 83       	std	Z+3, r25	; 0x03
     36e:	82 83       	std	Z+2, r24	; 0x02
     370:	df 01       	movw	r26, r30
     372:	01 c0       	rjmp	.+2      	; 0x376 <_fpadd_parts+0x28c>
     374:	d2 01       	movw	r26, r4
     376:	cd 01       	movw	r24, r26
     378:	cd b7       	in	r28, 0x3d	; 61
     37a:	de b7       	in	r29, 0x3e	; 62
     37c:	e2 e1       	ldi	r30, 0x12	; 18
     37e:	0c 94 5c 1a 	jmp	0x34b8	; 0x34b8 <__epilogue_restores__>

00000382 <__subsf3>:
     382:	a0 e2       	ldi	r26, 0x20	; 32
     384:	b0 e0       	ldi	r27, 0x00	; 0
     386:	e7 ec       	ldi	r30, 0xC7	; 199
     388:	f1 e0       	ldi	r31, 0x01	; 1
     38a:	0c 94 4c 1a 	jmp	0x3498	; 0x3498 <__prologue_saves__+0x18>
     38e:	69 83       	std	Y+1, r22	; 0x01
     390:	7a 83       	std	Y+2, r23	; 0x02
     392:	8b 83       	std	Y+3, r24	; 0x03
     394:	9c 83       	std	Y+4, r25	; 0x04
     396:	2d 83       	std	Y+5, r18	; 0x05
     398:	3e 83       	std	Y+6, r19	; 0x06
     39a:	4f 83       	std	Y+7, r20	; 0x07
     39c:	58 87       	std	Y+8, r21	; 0x08
     39e:	e9 e0       	ldi	r30, 0x09	; 9
     3a0:	ee 2e       	mov	r14, r30
     3a2:	f1 2c       	mov	r15, r1
     3a4:	ec 0e       	add	r14, r28
     3a6:	fd 1e       	adc	r15, r29
     3a8:	ce 01       	movw	r24, r28
     3aa:	01 96       	adiw	r24, 0x01	; 1
     3ac:	b7 01       	movw	r22, r14
     3ae:	0e 94 9a 05 	call	0xb34	; 0xb34 <__unpack_f>
     3b2:	8e 01       	movw	r16, r28
     3b4:	0f 5e       	subi	r16, 0xEF	; 239
     3b6:	1f 4f       	sbci	r17, 0xFF	; 255
     3b8:	ce 01       	movw	r24, r28
     3ba:	05 96       	adiw	r24, 0x05	; 5
     3bc:	b8 01       	movw	r22, r16
     3be:	0e 94 9a 05 	call	0xb34	; 0xb34 <__unpack_f>
     3c2:	8a 89       	ldd	r24, Y+18	; 0x12
     3c4:	91 e0       	ldi	r25, 0x01	; 1
     3c6:	89 27       	eor	r24, r25
     3c8:	8a 8b       	std	Y+18, r24	; 0x12
     3ca:	c7 01       	movw	r24, r14
     3cc:	b8 01       	movw	r22, r16
     3ce:	ae 01       	movw	r20, r28
     3d0:	47 5e       	subi	r20, 0xE7	; 231
     3d2:	5f 4f       	sbci	r21, 0xFF	; 255
     3d4:	0e 94 75 00 	call	0xea	; 0xea <_fpadd_parts>
     3d8:	0e 94 c5 04 	call	0x98a	; 0x98a <__pack_f>
     3dc:	a0 96       	adiw	r28, 0x20	; 32
     3de:	e6 e0       	ldi	r30, 0x06	; 6
     3e0:	0c 94 68 1a 	jmp	0x34d0	; 0x34d0 <__epilogue_restores__+0x18>

000003e4 <__addsf3>:
     3e4:	a0 e2       	ldi	r26, 0x20	; 32
     3e6:	b0 e0       	ldi	r27, 0x00	; 0
     3e8:	e8 ef       	ldi	r30, 0xF8	; 248
     3ea:	f1 e0       	ldi	r31, 0x01	; 1
     3ec:	0c 94 4c 1a 	jmp	0x3498	; 0x3498 <__prologue_saves__+0x18>
     3f0:	69 83       	std	Y+1, r22	; 0x01
     3f2:	7a 83       	std	Y+2, r23	; 0x02
     3f4:	8b 83       	std	Y+3, r24	; 0x03
     3f6:	9c 83       	std	Y+4, r25	; 0x04
     3f8:	2d 83       	std	Y+5, r18	; 0x05
     3fa:	3e 83       	std	Y+6, r19	; 0x06
     3fc:	4f 83       	std	Y+7, r20	; 0x07
     3fe:	58 87       	std	Y+8, r21	; 0x08
     400:	f9 e0       	ldi	r31, 0x09	; 9
     402:	ef 2e       	mov	r14, r31
     404:	f1 2c       	mov	r15, r1
     406:	ec 0e       	add	r14, r28
     408:	fd 1e       	adc	r15, r29
     40a:	ce 01       	movw	r24, r28
     40c:	01 96       	adiw	r24, 0x01	; 1
     40e:	b7 01       	movw	r22, r14
     410:	0e 94 9a 05 	call	0xb34	; 0xb34 <__unpack_f>
     414:	8e 01       	movw	r16, r28
     416:	0f 5e       	subi	r16, 0xEF	; 239
     418:	1f 4f       	sbci	r17, 0xFF	; 255
     41a:	ce 01       	movw	r24, r28
     41c:	05 96       	adiw	r24, 0x05	; 5
     41e:	b8 01       	movw	r22, r16
     420:	0e 94 9a 05 	call	0xb34	; 0xb34 <__unpack_f>
     424:	c7 01       	movw	r24, r14
     426:	b8 01       	movw	r22, r16
     428:	ae 01       	movw	r20, r28
     42a:	47 5e       	subi	r20, 0xE7	; 231
     42c:	5f 4f       	sbci	r21, 0xFF	; 255
     42e:	0e 94 75 00 	call	0xea	; 0xea <_fpadd_parts>
     432:	0e 94 c5 04 	call	0x98a	; 0x98a <__pack_f>
     436:	a0 96       	adiw	r28, 0x20	; 32
     438:	e6 e0       	ldi	r30, 0x06	; 6
     43a:	0c 94 68 1a 	jmp	0x34d0	; 0x34d0 <__epilogue_restores__+0x18>

0000043e <__mulsf3>:
     43e:	a0 e2       	ldi	r26, 0x20	; 32
     440:	b0 e0       	ldi	r27, 0x00	; 0
     442:	e5 e2       	ldi	r30, 0x25	; 37
     444:	f2 e0       	ldi	r31, 0x02	; 2
     446:	0c 94 40 1a 	jmp	0x3480	; 0x3480 <__prologue_saves__>
     44a:	69 83       	std	Y+1, r22	; 0x01
     44c:	7a 83       	std	Y+2, r23	; 0x02
     44e:	8b 83       	std	Y+3, r24	; 0x03
     450:	9c 83       	std	Y+4, r25	; 0x04
     452:	2d 83       	std	Y+5, r18	; 0x05
     454:	3e 83       	std	Y+6, r19	; 0x06
     456:	4f 83       	std	Y+7, r20	; 0x07
     458:	58 87       	std	Y+8, r21	; 0x08
     45a:	ce 01       	movw	r24, r28
     45c:	01 96       	adiw	r24, 0x01	; 1
     45e:	be 01       	movw	r22, r28
     460:	67 5f       	subi	r22, 0xF7	; 247
     462:	7f 4f       	sbci	r23, 0xFF	; 255
     464:	0e 94 9a 05 	call	0xb34	; 0xb34 <__unpack_f>
     468:	ce 01       	movw	r24, r28
     46a:	05 96       	adiw	r24, 0x05	; 5
     46c:	be 01       	movw	r22, r28
     46e:	6f 5e       	subi	r22, 0xEF	; 239
     470:	7f 4f       	sbci	r23, 0xFF	; 255
     472:	0e 94 9a 05 	call	0xb34	; 0xb34 <__unpack_f>
     476:	99 85       	ldd	r25, Y+9	; 0x09
     478:	92 30       	cpi	r25, 0x02	; 2
     47a:	88 f0       	brcs	.+34     	; 0x49e <__mulsf3+0x60>
     47c:	89 89       	ldd	r24, Y+17	; 0x11
     47e:	82 30       	cpi	r24, 0x02	; 2
     480:	c8 f0       	brcs	.+50     	; 0x4b4 <__mulsf3+0x76>
     482:	94 30       	cpi	r25, 0x04	; 4
     484:	19 f4       	brne	.+6      	; 0x48c <__mulsf3+0x4e>
     486:	82 30       	cpi	r24, 0x02	; 2
     488:	51 f4       	brne	.+20     	; 0x49e <__mulsf3+0x60>
     48a:	04 c0       	rjmp	.+8      	; 0x494 <__mulsf3+0x56>
     48c:	84 30       	cpi	r24, 0x04	; 4
     48e:	29 f4       	brne	.+10     	; 0x49a <__mulsf3+0x5c>
     490:	92 30       	cpi	r25, 0x02	; 2
     492:	81 f4       	brne	.+32     	; 0x4b4 <__mulsf3+0x76>
     494:	8f e4       	ldi	r24, 0x4F	; 79
     496:	91 e0       	ldi	r25, 0x01	; 1
     498:	c6 c0       	rjmp	.+396    	; 0x626 <__mulsf3+0x1e8>
     49a:	92 30       	cpi	r25, 0x02	; 2
     49c:	49 f4       	brne	.+18     	; 0x4b0 <__mulsf3+0x72>
     49e:	20 e0       	ldi	r18, 0x00	; 0
     4a0:	9a 85       	ldd	r25, Y+10	; 0x0a
     4a2:	8a 89       	ldd	r24, Y+18	; 0x12
     4a4:	98 13       	cpse	r25, r24
     4a6:	21 e0       	ldi	r18, 0x01	; 1
     4a8:	2a 87       	std	Y+10, r18	; 0x0a
     4aa:	ce 01       	movw	r24, r28
     4ac:	09 96       	adiw	r24, 0x09	; 9
     4ae:	bb c0       	rjmp	.+374    	; 0x626 <__mulsf3+0x1e8>
     4b0:	82 30       	cpi	r24, 0x02	; 2
     4b2:	49 f4       	brne	.+18     	; 0x4c6 <__mulsf3+0x88>
     4b4:	20 e0       	ldi	r18, 0x00	; 0
     4b6:	9a 85       	ldd	r25, Y+10	; 0x0a
     4b8:	8a 89       	ldd	r24, Y+18	; 0x12
     4ba:	98 13       	cpse	r25, r24
     4bc:	21 e0       	ldi	r18, 0x01	; 1
     4be:	2a 8b       	std	Y+18, r18	; 0x12
     4c0:	ce 01       	movw	r24, r28
     4c2:	41 96       	adiw	r24, 0x11	; 17
     4c4:	b0 c0       	rjmp	.+352    	; 0x626 <__mulsf3+0x1e8>
     4c6:	2d 84       	ldd	r2, Y+13	; 0x0d
     4c8:	3e 84       	ldd	r3, Y+14	; 0x0e
     4ca:	4f 84       	ldd	r4, Y+15	; 0x0f
     4cc:	58 88       	ldd	r5, Y+16	; 0x10
     4ce:	6d 88       	ldd	r6, Y+21	; 0x15
     4d0:	7e 88       	ldd	r7, Y+22	; 0x16
     4d2:	8f 88       	ldd	r8, Y+23	; 0x17
     4d4:	98 8c       	ldd	r9, Y+24	; 0x18
     4d6:	ee 24       	eor	r14, r14
     4d8:	ff 24       	eor	r15, r15
     4da:	87 01       	movw	r16, r14
     4dc:	aa 24       	eor	r10, r10
     4de:	bb 24       	eor	r11, r11
     4e0:	65 01       	movw	r12, r10
     4e2:	40 e0       	ldi	r20, 0x00	; 0
     4e4:	50 e0       	ldi	r21, 0x00	; 0
     4e6:	60 e0       	ldi	r22, 0x00	; 0
     4e8:	70 e0       	ldi	r23, 0x00	; 0
     4ea:	e0 e0       	ldi	r30, 0x00	; 0
     4ec:	f0 e0       	ldi	r31, 0x00	; 0
     4ee:	c1 01       	movw	r24, r2
     4f0:	81 70       	andi	r24, 0x01	; 1
     4f2:	90 70       	andi	r25, 0x00	; 0
     4f4:	89 2b       	or	r24, r25
     4f6:	e9 f0       	breq	.+58     	; 0x532 <__mulsf3+0xf4>
     4f8:	e6 0c       	add	r14, r6
     4fa:	f7 1c       	adc	r15, r7
     4fc:	08 1d       	adc	r16, r8
     4fe:	19 1d       	adc	r17, r9
     500:	9a 01       	movw	r18, r20
     502:	ab 01       	movw	r20, r22
     504:	2a 0d       	add	r18, r10
     506:	3b 1d       	adc	r19, r11
     508:	4c 1d       	adc	r20, r12
     50a:	5d 1d       	adc	r21, r13
     50c:	80 e0       	ldi	r24, 0x00	; 0
     50e:	90 e0       	ldi	r25, 0x00	; 0
     510:	a0 e0       	ldi	r26, 0x00	; 0
     512:	b0 e0       	ldi	r27, 0x00	; 0
     514:	e6 14       	cp	r14, r6
     516:	f7 04       	cpc	r15, r7
     518:	08 05       	cpc	r16, r8
     51a:	19 05       	cpc	r17, r9
     51c:	20 f4       	brcc	.+8      	; 0x526 <__mulsf3+0xe8>
     51e:	81 e0       	ldi	r24, 0x01	; 1
     520:	90 e0       	ldi	r25, 0x00	; 0
     522:	a0 e0       	ldi	r26, 0x00	; 0
     524:	b0 e0       	ldi	r27, 0x00	; 0
     526:	ba 01       	movw	r22, r20
     528:	a9 01       	movw	r20, r18
     52a:	48 0f       	add	r20, r24
     52c:	59 1f       	adc	r21, r25
     52e:	6a 1f       	adc	r22, r26
     530:	7b 1f       	adc	r23, r27
     532:	aa 0c       	add	r10, r10
     534:	bb 1c       	adc	r11, r11
     536:	cc 1c       	adc	r12, r12
     538:	dd 1c       	adc	r13, r13
     53a:	97 fe       	sbrs	r9, 7
     53c:	08 c0       	rjmp	.+16     	; 0x54e <__mulsf3+0x110>
     53e:	81 e0       	ldi	r24, 0x01	; 1
     540:	90 e0       	ldi	r25, 0x00	; 0
     542:	a0 e0       	ldi	r26, 0x00	; 0
     544:	b0 e0       	ldi	r27, 0x00	; 0
     546:	a8 2a       	or	r10, r24
     548:	b9 2a       	or	r11, r25
     54a:	ca 2a       	or	r12, r26
     54c:	db 2a       	or	r13, r27
     54e:	31 96       	adiw	r30, 0x01	; 1
     550:	e0 32       	cpi	r30, 0x20	; 32
     552:	f1 05       	cpc	r31, r1
     554:	49 f0       	breq	.+18     	; 0x568 <__mulsf3+0x12a>
     556:	66 0c       	add	r6, r6
     558:	77 1c       	adc	r7, r7
     55a:	88 1c       	adc	r8, r8
     55c:	99 1c       	adc	r9, r9
     55e:	56 94       	lsr	r5
     560:	47 94       	ror	r4
     562:	37 94       	ror	r3
     564:	27 94       	ror	r2
     566:	c3 cf       	rjmp	.-122    	; 0x4ee <__mulsf3+0xb0>
     568:	fa 85       	ldd	r31, Y+10	; 0x0a
     56a:	ea 89       	ldd	r30, Y+18	; 0x12
     56c:	2b 89       	ldd	r18, Y+19	; 0x13
     56e:	3c 89       	ldd	r19, Y+20	; 0x14
     570:	8b 85       	ldd	r24, Y+11	; 0x0b
     572:	9c 85       	ldd	r25, Y+12	; 0x0c
     574:	28 0f       	add	r18, r24
     576:	39 1f       	adc	r19, r25
     578:	2e 5f       	subi	r18, 0xFE	; 254
     57a:	3f 4f       	sbci	r19, 0xFF	; 255
     57c:	17 c0       	rjmp	.+46     	; 0x5ac <__mulsf3+0x16e>
     57e:	ca 01       	movw	r24, r20
     580:	81 70       	andi	r24, 0x01	; 1
     582:	90 70       	andi	r25, 0x00	; 0
     584:	89 2b       	or	r24, r25
     586:	61 f0       	breq	.+24     	; 0x5a0 <__mulsf3+0x162>
     588:	16 95       	lsr	r17
     58a:	07 95       	ror	r16
     58c:	f7 94       	ror	r15
     58e:	e7 94       	ror	r14
     590:	80 e0       	ldi	r24, 0x00	; 0
     592:	90 e0       	ldi	r25, 0x00	; 0
     594:	a0 e0       	ldi	r26, 0x00	; 0
     596:	b0 e8       	ldi	r27, 0x80	; 128
     598:	e8 2a       	or	r14, r24
     59a:	f9 2a       	or	r15, r25
     59c:	0a 2b       	or	r16, r26
     59e:	1b 2b       	or	r17, r27
     5a0:	76 95       	lsr	r23
     5a2:	67 95       	ror	r22
     5a4:	57 95       	ror	r21
     5a6:	47 95       	ror	r20
     5a8:	2f 5f       	subi	r18, 0xFF	; 255
     5aa:	3f 4f       	sbci	r19, 0xFF	; 255
     5ac:	77 fd       	sbrc	r23, 7
     5ae:	e7 cf       	rjmp	.-50     	; 0x57e <__mulsf3+0x140>
     5b0:	0c c0       	rjmp	.+24     	; 0x5ca <__mulsf3+0x18c>
     5b2:	44 0f       	add	r20, r20
     5b4:	55 1f       	adc	r21, r21
     5b6:	66 1f       	adc	r22, r22
     5b8:	77 1f       	adc	r23, r23
     5ba:	17 fd       	sbrc	r17, 7
     5bc:	41 60       	ori	r20, 0x01	; 1
     5be:	ee 0c       	add	r14, r14
     5c0:	ff 1c       	adc	r15, r15
     5c2:	00 1f       	adc	r16, r16
     5c4:	11 1f       	adc	r17, r17
     5c6:	21 50       	subi	r18, 0x01	; 1
     5c8:	30 40       	sbci	r19, 0x00	; 0
     5ca:	40 30       	cpi	r20, 0x00	; 0
     5cc:	90 e0       	ldi	r25, 0x00	; 0
     5ce:	59 07       	cpc	r21, r25
     5d0:	90 e0       	ldi	r25, 0x00	; 0
     5d2:	69 07       	cpc	r22, r25
     5d4:	90 e4       	ldi	r25, 0x40	; 64
     5d6:	79 07       	cpc	r23, r25
     5d8:	60 f3       	brcs	.-40     	; 0x5b2 <__mulsf3+0x174>
     5da:	2b 8f       	std	Y+27, r18	; 0x1b
     5dc:	3c 8f       	std	Y+28, r19	; 0x1c
     5de:	db 01       	movw	r26, r22
     5e0:	ca 01       	movw	r24, r20
     5e2:	8f 77       	andi	r24, 0x7F	; 127
     5e4:	90 70       	andi	r25, 0x00	; 0
     5e6:	a0 70       	andi	r26, 0x00	; 0
     5e8:	b0 70       	andi	r27, 0x00	; 0
     5ea:	80 34       	cpi	r24, 0x40	; 64
     5ec:	91 05       	cpc	r25, r1
     5ee:	a1 05       	cpc	r26, r1
     5f0:	b1 05       	cpc	r27, r1
     5f2:	61 f4       	brne	.+24     	; 0x60c <__mulsf3+0x1ce>
     5f4:	47 fd       	sbrc	r20, 7
     5f6:	0a c0       	rjmp	.+20     	; 0x60c <__mulsf3+0x1ce>
     5f8:	e1 14       	cp	r14, r1
     5fa:	f1 04       	cpc	r15, r1
     5fc:	01 05       	cpc	r16, r1
     5fe:	11 05       	cpc	r17, r1
     600:	29 f0       	breq	.+10     	; 0x60c <__mulsf3+0x1ce>
     602:	40 5c       	subi	r20, 0xC0	; 192
     604:	5f 4f       	sbci	r21, 0xFF	; 255
     606:	6f 4f       	sbci	r22, 0xFF	; 255
     608:	7f 4f       	sbci	r23, 0xFF	; 255
     60a:	40 78       	andi	r20, 0x80	; 128
     60c:	1a 8e       	std	Y+26, r1	; 0x1a
     60e:	fe 17       	cp	r31, r30
     610:	11 f0       	breq	.+4      	; 0x616 <__mulsf3+0x1d8>
     612:	81 e0       	ldi	r24, 0x01	; 1
     614:	8a 8f       	std	Y+26, r24	; 0x1a
     616:	4d 8f       	std	Y+29, r20	; 0x1d
     618:	5e 8f       	std	Y+30, r21	; 0x1e
     61a:	6f 8f       	std	Y+31, r22	; 0x1f
     61c:	78 a3       	std	Y+32, r23	; 0x20
     61e:	83 e0       	ldi	r24, 0x03	; 3
     620:	89 8f       	std	Y+25, r24	; 0x19
     622:	ce 01       	movw	r24, r28
     624:	49 96       	adiw	r24, 0x19	; 25
     626:	0e 94 c5 04 	call	0x98a	; 0x98a <__pack_f>
     62a:	a0 96       	adiw	r28, 0x20	; 32
     62c:	e2 e1       	ldi	r30, 0x12	; 18
     62e:	0c 94 5c 1a 	jmp	0x34b8	; 0x34b8 <__epilogue_restores__>

00000632 <__gtsf2>:
     632:	a8 e1       	ldi	r26, 0x18	; 24
     634:	b0 e0       	ldi	r27, 0x00	; 0
     636:	ef e1       	ldi	r30, 0x1F	; 31
     638:	f3 e0       	ldi	r31, 0x03	; 3
     63a:	0c 94 4c 1a 	jmp	0x3498	; 0x3498 <__prologue_saves__+0x18>
     63e:	69 83       	std	Y+1, r22	; 0x01
     640:	7a 83       	std	Y+2, r23	; 0x02
     642:	8b 83       	std	Y+3, r24	; 0x03
     644:	9c 83       	std	Y+4, r25	; 0x04
     646:	2d 83       	std	Y+5, r18	; 0x05
     648:	3e 83       	std	Y+6, r19	; 0x06
     64a:	4f 83       	std	Y+7, r20	; 0x07
     64c:	58 87       	std	Y+8, r21	; 0x08
     64e:	89 e0       	ldi	r24, 0x09	; 9
     650:	e8 2e       	mov	r14, r24
     652:	f1 2c       	mov	r15, r1
     654:	ec 0e       	add	r14, r28
     656:	fd 1e       	adc	r15, r29
     658:	ce 01       	movw	r24, r28
     65a:	01 96       	adiw	r24, 0x01	; 1
     65c:	b7 01       	movw	r22, r14
     65e:	0e 94 9a 05 	call	0xb34	; 0xb34 <__unpack_f>
     662:	8e 01       	movw	r16, r28
     664:	0f 5e       	subi	r16, 0xEF	; 239
     666:	1f 4f       	sbci	r17, 0xFF	; 255
     668:	ce 01       	movw	r24, r28
     66a:	05 96       	adiw	r24, 0x05	; 5
     66c:	b8 01       	movw	r22, r16
     66e:	0e 94 9a 05 	call	0xb34	; 0xb34 <__unpack_f>
     672:	89 85       	ldd	r24, Y+9	; 0x09
     674:	82 30       	cpi	r24, 0x02	; 2
     676:	40 f0       	brcs	.+16     	; 0x688 <__gtsf2+0x56>
     678:	89 89       	ldd	r24, Y+17	; 0x11
     67a:	82 30       	cpi	r24, 0x02	; 2
     67c:	28 f0       	brcs	.+10     	; 0x688 <__gtsf2+0x56>
     67e:	c7 01       	movw	r24, r14
     680:	b8 01       	movw	r22, r16
     682:	0e 94 12 06 	call	0xc24	; 0xc24 <__fpcmp_parts_f>
     686:	01 c0       	rjmp	.+2      	; 0x68a <__gtsf2+0x58>
     688:	8f ef       	ldi	r24, 0xFF	; 255
     68a:	68 96       	adiw	r28, 0x18	; 24
     68c:	e6 e0       	ldi	r30, 0x06	; 6
     68e:	0c 94 68 1a 	jmp	0x34d0	; 0x34d0 <__epilogue_restores__+0x18>

00000692 <__gesf2>:
     692:	a8 e1       	ldi	r26, 0x18	; 24
     694:	b0 e0       	ldi	r27, 0x00	; 0
     696:	ef e4       	ldi	r30, 0x4F	; 79
     698:	f3 e0       	ldi	r31, 0x03	; 3
     69a:	0c 94 4c 1a 	jmp	0x3498	; 0x3498 <__prologue_saves__+0x18>
     69e:	69 83       	std	Y+1, r22	; 0x01
     6a0:	7a 83       	std	Y+2, r23	; 0x02
     6a2:	8b 83       	std	Y+3, r24	; 0x03
     6a4:	9c 83       	std	Y+4, r25	; 0x04
     6a6:	2d 83       	std	Y+5, r18	; 0x05
     6a8:	3e 83       	std	Y+6, r19	; 0x06
     6aa:	4f 83       	std	Y+7, r20	; 0x07
     6ac:	58 87       	std	Y+8, r21	; 0x08
     6ae:	89 e0       	ldi	r24, 0x09	; 9
     6b0:	e8 2e       	mov	r14, r24
     6b2:	f1 2c       	mov	r15, r1
     6b4:	ec 0e       	add	r14, r28
     6b6:	fd 1e       	adc	r15, r29
     6b8:	ce 01       	movw	r24, r28
     6ba:	01 96       	adiw	r24, 0x01	; 1
     6bc:	b7 01       	movw	r22, r14
     6be:	0e 94 9a 05 	call	0xb34	; 0xb34 <__unpack_f>
     6c2:	8e 01       	movw	r16, r28
     6c4:	0f 5e       	subi	r16, 0xEF	; 239
     6c6:	1f 4f       	sbci	r17, 0xFF	; 255
     6c8:	ce 01       	movw	r24, r28
     6ca:	05 96       	adiw	r24, 0x05	; 5
     6cc:	b8 01       	movw	r22, r16
     6ce:	0e 94 9a 05 	call	0xb34	; 0xb34 <__unpack_f>
     6d2:	89 85       	ldd	r24, Y+9	; 0x09
     6d4:	82 30       	cpi	r24, 0x02	; 2
     6d6:	40 f0       	brcs	.+16     	; 0x6e8 <__gesf2+0x56>
     6d8:	89 89       	ldd	r24, Y+17	; 0x11
     6da:	82 30       	cpi	r24, 0x02	; 2
     6dc:	28 f0       	brcs	.+10     	; 0x6e8 <__gesf2+0x56>
     6de:	c7 01       	movw	r24, r14
     6e0:	b8 01       	movw	r22, r16
     6e2:	0e 94 12 06 	call	0xc24	; 0xc24 <__fpcmp_parts_f>
     6e6:	01 c0       	rjmp	.+2      	; 0x6ea <__gesf2+0x58>
     6e8:	8f ef       	ldi	r24, 0xFF	; 255
     6ea:	68 96       	adiw	r28, 0x18	; 24
     6ec:	e6 e0       	ldi	r30, 0x06	; 6
     6ee:	0c 94 68 1a 	jmp	0x34d0	; 0x34d0 <__epilogue_restores__+0x18>

000006f2 <__ltsf2>:
     6f2:	a8 e1       	ldi	r26, 0x18	; 24
     6f4:	b0 e0       	ldi	r27, 0x00	; 0
     6f6:	ef e7       	ldi	r30, 0x7F	; 127
     6f8:	f3 e0       	ldi	r31, 0x03	; 3
     6fa:	0c 94 4c 1a 	jmp	0x3498	; 0x3498 <__prologue_saves__+0x18>
     6fe:	69 83       	std	Y+1, r22	; 0x01
     700:	7a 83       	std	Y+2, r23	; 0x02
     702:	8b 83       	std	Y+3, r24	; 0x03
     704:	9c 83       	std	Y+4, r25	; 0x04
     706:	2d 83       	std	Y+5, r18	; 0x05
     708:	3e 83       	std	Y+6, r19	; 0x06
     70a:	4f 83       	std	Y+7, r20	; 0x07
     70c:	58 87       	std	Y+8, r21	; 0x08
     70e:	89 e0       	ldi	r24, 0x09	; 9
     710:	e8 2e       	mov	r14, r24
     712:	f1 2c       	mov	r15, r1
     714:	ec 0e       	add	r14, r28
     716:	fd 1e       	adc	r15, r29
     718:	ce 01       	movw	r24, r28
     71a:	01 96       	adiw	r24, 0x01	; 1
     71c:	b7 01       	movw	r22, r14
     71e:	0e 94 9a 05 	call	0xb34	; 0xb34 <__unpack_f>
     722:	8e 01       	movw	r16, r28
     724:	0f 5e       	subi	r16, 0xEF	; 239
     726:	1f 4f       	sbci	r17, 0xFF	; 255
     728:	ce 01       	movw	r24, r28
     72a:	05 96       	adiw	r24, 0x05	; 5
     72c:	b8 01       	movw	r22, r16
     72e:	0e 94 9a 05 	call	0xb34	; 0xb34 <__unpack_f>
     732:	89 85       	ldd	r24, Y+9	; 0x09
     734:	82 30       	cpi	r24, 0x02	; 2
     736:	40 f0       	brcs	.+16     	; 0x748 <__ltsf2+0x56>
     738:	89 89       	ldd	r24, Y+17	; 0x11
     73a:	82 30       	cpi	r24, 0x02	; 2
     73c:	28 f0       	brcs	.+10     	; 0x748 <__ltsf2+0x56>
     73e:	c7 01       	movw	r24, r14
     740:	b8 01       	movw	r22, r16
     742:	0e 94 12 06 	call	0xc24	; 0xc24 <__fpcmp_parts_f>
     746:	01 c0       	rjmp	.+2      	; 0x74a <__ltsf2+0x58>
     748:	81 e0       	ldi	r24, 0x01	; 1
     74a:	68 96       	adiw	r28, 0x18	; 24
     74c:	e6 e0       	ldi	r30, 0x06	; 6
     74e:	0c 94 68 1a 	jmp	0x34d0	; 0x34d0 <__epilogue_restores__+0x18>

00000752 <__fixsfsi>:
     752:	ac e0       	ldi	r26, 0x0C	; 12
     754:	b0 e0       	ldi	r27, 0x00	; 0
     756:	ef ea       	ldi	r30, 0xAF	; 175
     758:	f3 e0       	ldi	r31, 0x03	; 3
     75a:	0c 94 50 1a 	jmp	0x34a0	; 0x34a0 <__prologue_saves__+0x20>
     75e:	69 83       	std	Y+1, r22	; 0x01
     760:	7a 83       	std	Y+2, r23	; 0x02
     762:	8b 83       	std	Y+3, r24	; 0x03
     764:	9c 83       	std	Y+4, r25	; 0x04
     766:	ce 01       	movw	r24, r28
     768:	01 96       	adiw	r24, 0x01	; 1
     76a:	be 01       	movw	r22, r28
     76c:	6b 5f       	subi	r22, 0xFB	; 251
     76e:	7f 4f       	sbci	r23, 0xFF	; 255
     770:	0e 94 9a 05 	call	0xb34	; 0xb34 <__unpack_f>
     774:	8d 81       	ldd	r24, Y+5	; 0x05
     776:	82 30       	cpi	r24, 0x02	; 2
     778:	61 f1       	breq	.+88     	; 0x7d2 <__fixsfsi+0x80>
     77a:	82 30       	cpi	r24, 0x02	; 2
     77c:	50 f1       	brcs	.+84     	; 0x7d2 <__fixsfsi+0x80>
     77e:	84 30       	cpi	r24, 0x04	; 4
     780:	21 f4       	brne	.+8      	; 0x78a <__fixsfsi+0x38>
     782:	8e 81       	ldd	r24, Y+6	; 0x06
     784:	88 23       	and	r24, r24
     786:	51 f1       	breq	.+84     	; 0x7dc <__fixsfsi+0x8a>
     788:	2e c0       	rjmp	.+92     	; 0x7e6 <__fixsfsi+0x94>
     78a:	2f 81       	ldd	r18, Y+7	; 0x07
     78c:	38 85       	ldd	r19, Y+8	; 0x08
     78e:	37 fd       	sbrc	r19, 7
     790:	20 c0       	rjmp	.+64     	; 0x7d2 <__fixsfsi+0x80>
     792:	6e 81       	ldd	r22, Y+6	; 0x06
     794:	2f 31       	cpi	r18, 0x1F	; 31
     796:	31 05       	cpc	r19, r1
     798:	1c f0       	brlt	.+6      	; 0x7a0 <__fixsfsi+0x4e>
     79a:	66 23       	and	r22, r22
     79c:	f9 f0       	breq	.+62     	; 0x7dc <__fixsfsi+0x8a>
     79e:	23 c0       	rjmp	.+70     	; 0x7e6 <__fixsfsi+0x94>
     7a0:	8e e1       	ldi	r24, 0x1E	; 30
     7a2:	90 e0       	ldi	r25, 0x00	; 0
     7a4:	82 1b       	sub	r24, r18
     7a6:	93 0b       	sbc	r25, r19
     7a8:	29 85       	ldd	r18, Y+9	; 0x09
     7aa:	3a 85       	ldd	r19, Y+10	; 0x0a
     7ac:	4b 85       	ldd	r20, Y+11	; 0x0b
     7ae:	5c 85       	ldd	r21, Y+12	; 0x0c
     7b0:	04 c0       	rjmp	.+8      	; 0x7ba <__fixsfsi+0x68>
     7b2:	56 95       	lsr	r21
     7b4:	47 95       	ror	r20
     7b6:	37 95       	ror	r19
     7b8:	27 95       	ror	r18
     7ba:	8a 95       	dec	r24
     7bc:	d2 f7       	brpl	.-12     	; 0x7b2 <__fixsfsi+0x60>
     7be:	66 23       	and	r22, r22
     7c0:	b1 f0       	breq	.+44     	; 0x7ee <__fixsfsi+0x9c>
     7c2:	50 95       	com	r21
     7c4:	40 95       	com	r20
     7c6:	30 95       	com	r19
     7c8:	21 95       	neg	r18
     7ca:	3f 4f       	sbci	r19, 0xFF	; 255
     7cc:	4f 4f       	sbci	r20, 0xFF	; 255
     7ce:	5f 4f       	sbci	r21, 0xFF	; 255
     7d0:	0e c0       	rjmp	.+28     	; 0x7ee <__fixsfsi+0x9c>
     7d2:	20 e0       	ldi	r18, 0x00	; 0
     7d4:	30 e0       	ldi	r19, 0x00	; 0
     7d6:	40 e0       	ldi	r20, 0x00	; 0
     7d8:	50 e0       	ldi	r21, 0x00	; 0
     7da:	09 c0       	rjmp	.+18     	; 0x7ee <__fixsfsi+0x9c>
     7dc:	2f ef       	ldi	r18, 0xFF	; 255
     7de:	3f ef       	ldi	r19, 0xFF	; 255
     7e0:	4f ef       	ldi	r20, 0xFF	; 255
     7e2:	5f e7       	ldi	r21, 0x7F	; 127
     7e4:	04 c0       	rjmp	.+8      	; 0x7ee <__fixsfsi+0x9c>
     7e6:	20 e0       	ldi	r18, 0x00	; 0
     7e8:	30 e0       	ldi	r19, 0x00	; 0
     7ea:	40 e0       	ldi	r20, 0x00	; 0
     7ec:	50 e8       	ldi	r21, 0x80	; 128
     7ee:	b9 01       	movw	r22, r18
     7f0:	ca 01       	movw	r24, r20
     7f2:	2c 96       	adiw	r28, 0x0c	; 12
     7f4:	e2 e0       	ldi	r30, 0x02	; 2
     7f6:	0c 94 6c 1a 	jmp	0x34d8	; 0x34d8 <__epilogue_restores__+0x20>

000007fa <__floatunsisf>:
     7fa:	a8 e0       	ldi	r26, 0x08	; 8
     7fc:	b0 e0       	ldi	r27, 0x00	; 0
     7fe:	e3 e0       	ldi	r30, 0x03	; 3
     800:	f4 e0       	ldi	r31, 0x04	; 4
     802:	0c 94 48 1a 	jmp	0x3490	; 0x3490 <__prologue_saves__+0x10>
     806:	7b 01       	movw	r14, r22
     808:	8c 01       	movw	r16, r24
     80a:	61 15       	cp	r22, r1
     80c:	71 05       	cpc	r23, r1
     80e:	81 05       	cpc	r24, r1
     810:	91 05       	cpc	r25, r1
     812:	19 f4       	brne	.+6      	; 0x81a <__floatunsisf+0x20>
     814:	82 e0       	ldi	r24, 0x02	; 2
     816:	89 83       	std	Y+1, r24	; 0x01
     818:	60 c0       	rjmp	.+192    	; 0x8da <__stack+0x7b>
     81a:	83 e0       	ldi	r24, 0x03	; 3
     81c:	89 83       	std	Y+1, r24	; 0x01
     81e:	8e e1       	ldi	r24, 0x1E	; 30
     820:	c8 2e       	mov	r12, r24
     822:	d1 2c       	mov	r13, r1
     824:	dc 82       	std	Y+4, r13	; 0x04
     826:	cb 82       	std	Y+3, r12	; 0x03
     828:	ed 82       	std	Y+5, r14	; 0x05
     82a:	fe 82       	std	Y+6, r15	; 0x06
     82c:	0f 83       	std	Y+7, r16	; 0x07
     82e:	18 87       	std	Y+8, r17	; 0x08
     830:	c8 01       	movw	r24, r16
     832:	b7 01       	movw	r22, r14
     834:	0e 94 76 04 	call	0x8ec	; 0x8ec <__clzsi2>
     838:	fc 01       	movw	r30, r24
     83a:	31 97       	sbiw	r30, 0x01	; 1
     83c:	f7 ff       	sbrs	r31, 7
     83e:	3b c0       	rjmp	.+118    	; 0x8b6 <__stack+0x57>
     840:	22 27       	eor	r18, r18
     842:	33 27       	eor	r19, r19
     844:	2e 1b       	sub	r18, r30
     846:	3f 0b       	sbc	r19, r31
     848:	57 01       	movw	r10, r14
     84a:	68 01       	movw	r12, r16
     84c:	02 2e       	mov	r0, r18
     84e:	04 c0       	rjmp	.+8      	; 0x858 <__floatunsisf+0x5e>
     850:	d6 94       	lsr	r13
     852:	c7 94       	ror	r12
     854:	b7 94       	ror	r11
     856:	a7 94       	ror	r10
     858:	0a 94       	dec	r0
     85a:	d2 f7       	brpl	.-12     	; 0x850 <__floatunsisf+0x56>
     85c:	40 e0       	ldi	r20, 0x00	; 0
     85e:	50 e0       	ldi	r21, 0x00	; 0
     860:	60 e0       	ldi	r22, 0x00	; 0
     862:	70 e0       	ldi	r23, 0x00	; 0
     864:	81 e0       	ldi	r24, 0x01	; 1
     866:	90 e0       	ldi	r25, 0x00	; 0
     868:	a0 e0       	ldi	r26, 0x00	; 0
     86a:	b0 e0       	ldi	r27, 0x00	; 0
     86c:	04 c0       	rjmp	.+8      	; 0x876 <__stack+0x17>
     86e:	88 0f       	add	r24, r24
     870:	99 1f       	adc	r25, r25
     872:	aa 1f       	adc	r26, r26
     874:	bb 1f       	adc	r27, r27
     876:	2a 95       	dec	r18
     878:	d2 f7       	brpl	.-12     	; 0x86e <__stack+0xf>
     87a:	01 97       	sbiw	r24, 0x01	; 1
     87c:	a1 09       	sbc	r26, r1
     87e:	b1 09       	sbc	r27, r1
     880:	8e 21       	and	r24, r14
     882:	9f 21       	and	r25, r15
     884:	a0 23       	and	r26, r16
     886:	b1 23       	and	r27, r17
     888:	00 97       	sbiw	r24, 0x00	; 0
     88a:	a1 05       	cpc	r26, r1
     88c:	b1 05       	cpc	r27, r1
     88e:	21 f0       	breq	.+8      	; 0x898 <__stack+0x39>
     890:	41 e0       	ldi	r20, 0x01	; 1
     892:	50 e0       	ldi	r21, 0x00	; 0
     894:	60 e0       	ldi	r22, 0x00	; 0
     896:	70 e0       	ldi	r23, 0x00	; 0
     898:	4a 29       	or	r20, r10
     89a:	5b 29       	or	r21, r11
     89c:	6c 29       	or	r22, r12
     89e:	7d 29       	or	r23, r13
     8a0:	4d 83       	std	Y+5, r20	; 0x05
     8a2:	5e 83       	std	Y+6, r21	; 0x06
     8a4:	6f 83       	std	Y+7, r22	; 0x07
     8a6:	78 87       	std	Y+8, r23	; 0x08
     8a8:	8e e1       	ldi	r24, 0x1E	; 30
     8aa:	90 e0       	ldi	r25, 0x00	; 0
     8ac:	8e 1b       	sub	r24, r30
     8ae:	9f 0b       	sbc	r25, r31
     8b0:	9c 83       	std	Y+4, r25	; 0x04
     8b2:	8b 83       	std	Y+3, r24	; 0x03
     8b4:	12 c0       	rjmp	.+36     	; 0x8da <__stack+0x7b>
     8b6:	30 97       	sbiw	r30, 0x00	; 0
     8b8:	81 f0       	breq	.+32     	; 0x8da <__stack+0x7b>
     8ba:	0e 2e       	mov	r0, r30
     8bc:	04 c0       	rjmp	.+8      	; 0x8c6 <__stack+0x67>
     8be:	ee 0c       	add	r14, r14
     8c0:	ff 1c       	adc	r15, r15
     8c2:	00 1f       	adc	r16, r16
     8c4:	11 1f       	adc	r17, r17
     8c6:	0a 94       	dec	r0
     8c8:	d2 f7       	brpl	.-12     	; 0x8be <__stack+0x5f>
     8ca:	ed 82       	std	Y+5, r14	; 0x05
     8cc:	fe 82       	std	Y+6, r15	; 0x06
     8ce:	0f 83       	std	Y+7, r16	; 0x07
     8d0:	18 87       	std	Y+8, r17	; 0x08
     8d2:	ce 1a       	sub	r12, r30
     8d4:	df 0a       	sbc	r13, r31
     8d6:	dc 82       	std	Y+4, r13	; 0x04
     8d8:	cb 82       	std	Y+3, r12	; 0x03
     8da:	1a 82       	std	Y+2, r1	; 0x02
     8dc:	ce 01       	movw	r24, r28
     8de:	01 96       	adiw	r24, 0x01	; 1
     8e0:	0e 94 c5 04 	call	0x98a	; 0x98a <__pack_f>
     8e4:	28 96       	adiw	r28, 0x08	; 8
     8e6:	ea e0       	ldi	r30, 0x0A	; 10
     8e8:	0c 94 64 1a 	jmp	0x34c8	; 0x34c8 <__epilogue_restores__+0x10>

000008ec <__clzsi2>:
     8ec:	ef 92       	push	r14
     8ee:	ff 92       	push	r15
     8f0:	0f 93       	push	r16
     8f2:	1f 93       	push	r17
     8f4:	7b 01       	movw	r14, r22
     8f6:	8c 01       	movw	r16, r24
     8f8:	80 e0       	ldi	r24, 0x00	; 0
     8fa:	e8 16       	cp	r14, r24
     8fc:	80 e0       	ldi	r24, 0x00	; 0
     8fe:	f8 06       	cpc	r15, r24
     900:	81 e0       	ldi	r24, 0x01	; 1
     902:	08 07       	cpc	r16, r24
     904:	80 e0       	ldi	r24, 0x00	; 0
     906:	18 07       	cpc	r17, r24
     908:	88 f4       	brcc	.+34     	; 0x92c <__clzsi2+0x40>
     90a:	8f ef       	ldi	r24, 0xFF	; 255
     90c:	e8 16       	cp	r14, r24
     90e:	f1 04       	cpc	r15, r1
     910:	01 05       	cpc	r16, r1
     912:	11 05       	cpc	r17, r1
     914:	31 f0       	breq	.+12     	; 0x922 <__clzsi2+0x36>
     916:	28 f0       	brcs	.+10     	; 0x922 <__clzsi2+0x36>
     918:	88 e0       	ldi	r24, 0x08	; 8
     91a:	90 e0       	ldi	r25, 0x00	; 0
     91c:	a0 e0       	ldi	r26, 0x00	; 0
     91e:	b0 e0       	ldi	r27, 0x00	; 0
     920:	17 c0       	rjmp	.+46     	; 0x950 <__clzsi2+0x64>
     922:	80 e0       	ldi	r24, 0x00	; 0
     924:	90 e0       	ldi	r25, 0x00	; 0
     926:	a0 e0       	ldi	r26, 0x00	; 0
     928:	b0 e0       	ldi	r27, 0x00	; 0
     92a:	12 c0       	rjmp	.+36     	; 0x950 <__clzsi2+0x64>
     92c:	80 e0       	ldi	r24, 0x00	; 0
     92e:	e8 16       	cp	r14, r24
     930:	80 e0       	ldi	r24, 0x00	; 0
     932:	f8 06       	cpc	r15, r24
     934:	80 e0       	ldi	r24, 0x00	; 0
     936:	08 07       	cpc	r16, r24
     938:	81 e0       	ldi	r24, 0x01	; 1
     93a:	18 07       	cpc	r17, r24
     93c:	28 f0       	brcs	.+10     	; 0x948 <__clzsi2+0x5c>
     93e:	88 e1       	ldi	r24, 0x18	; 24
     940:	90 e0       	ldi	r25, 0x00	; 0
     942:	a0 e0       	ldi	r26, 0x00	; 0
     944:	b0 e0       	ldi	r27, 0x00	; 0
     946:	04 c0       	rjmp	.+8      	; 0x950 <__clzsi2+0x64>
     948:	80 e1       	ldi	r24, 0x10	; 16
     94a:	90 e0       	ldi	r25, 0x00	; 0
     94c:	a0 e0       	ldi	r26, 0x00	; 0
     94e:	b0 e0       	ldi	r27, 0x00	; 0
     950:	20 e2       	ldi	r18, 0x20	; 32
     952:	30 e0       	ldi	r19, 0x00	; 0
     954:	40 e0       	ldi	r20, 0x00	; 0
     956:	50 e0       	ldi	r21, 0x00	; 0
     958:	28 1b       	sub	r18, r24
     95a:	39 0b       	sbc	r19, r25
     95c:	4a 0b       	sbc	r20, r26
     95e:	5b 0b       	sbc	r21, r27
     960:	04 c0       	rjmp	.+8      	; 0x96a <__clzsi2+0x7e>
     962:	16 95       	lsr	r17
     964:	07 95       	ror	r16
     966:	f7 94       	ror	r15
     968:	e7 94       	ror	r14
     96a:	8a 95       	dec	r24
     96c:	d2 f7       	brpl	.-12     	; 0x962 <__clzsi2+0x76>
     96e:	f7 01       	movw	r30, r14
     970:	e9 5a       	subi	r30, 0xA9	; 169
     972:	fe 4f       	sbci	r31, 0xFE	; 254
     974:	80 81       	ld	r24, Z
     976:	28 1b       	sub	r18, r24
     978:	31 09       	sbc	r19, r1
     97a:	41 09       	sbc	r20, r1
     97c:	51 09       	sbc	r21, r1
     97e:	c9 01       	movw	r24, r18
     980:	1f 91       	pop	r17
     982:	0f 91       	pop	r16
     984:	ff 90       	pop	r15
     986:	ef 90       	pop	r14
     988:	08 95       	ret

0000098a <__pack_f>:
     98a:	df 92       	push	r13
     98c:	ef 92       	push	r14
     98e:	ff 92       	push	r15
     990:	0f 93       	push	r16
     992:	1f 93       	push	r17
     994:	fc 01       	movw	r30, r24
     996:	e4 80       	ldd	r14, Z+4	; 0x04
     998:	f5 80       	ldd	r15, Z+5	; 0x05
     99a:	06 81       	ldd	r16, Z+6	; 0x06
     99c:	17 81       	ldd	r17, Z+7	; 0x07
     99e:	d1 80       	ldd	r13, Z+1	; 0x01
     9a0:	80 81       	ld	r24, Z
     9a2:	82 30       	cpi	r24, 0x02	; 2
     9a4:	48 f4       	brcc	.+18     	; 0x9b8 <__pack_f+0x2e>
     9a6:	80 e0       	ldi	r24, 0x00	; 0
     9a8:	90 e0       	ldi	r25, 0x00	; 0
     9aa:	a0 e1       	ldi	r26, 0x10	; 16
     9ac:	b0 e0       	ldi	r27, 0x00	; 0
     9ae:	e8 2a       	or	r14, r24
     9b0:	f9 2a       	or	r15, r25
     9b2:	0a 2b       	or	r16, r26
     9b4:	1b 2b       	or	r17, r27
     9b6:	a5 c0       	rjmp	.+330    	; 0xb02 <__pack_f+0x178>
     9b8:	84 30       	cpi	r24, 0x04	; 4
     9ba:	09 f4       	brne	.+2      	; 0x9be <__pack_f+0x34>
     9bc:	9f c0       	rjmp	.+318    	; 0xafc <__pack_f+0x172>
     9be:	82 30       	cpi	r24, 0x02	; 2
     9c0:	21 f4       	brne	.+8      	; 0x9ca <__pack_f+0x40>
     9c2:	ee 24       	eor	r14, r14
     9c4:	ff 24       	eor	r15, r15
     9c6:	87 01       	movw	r16, r14
     9c8:	05 c0       	rjmp	.+10     	; 0x9d4 <__pack_f+0x4a>
     9ca:	e1 14       	cp	r14, r1
     9cc:	f1 04       	cpc	r15, r1
     9ce:	01 05       	cpc	r16, r1
     9d0:	11 05       	cpc	r17, r1
     9d2:	19 f4       	brne	.+6      	; 0x9da <__pack_f+0x50>
     9d4:	e0 e0       	ldi	r30, 0x00	; 0
     9d6:	f0 e0       	ldi	r31, 0x00	; 0
     9d8:	96 c0       	rjmp	.+300    	; 0xb06 <__pack_f+0x17c>
     9da:	62 81       	ldd	r22, Z+2	; 0x02
     9dc:	73 81       	ldd	r23, Z+3	; 0x03
     9de:	9f ef       	ldi	r25, 0xFF	; 255
     9e0:	62 38       	cpi	r22, 0x82	; 130
     9e2:	79 07       	cpc	r23, r25
     9e4:	0c f0       	brlt	.+2      	; 0x9e8 <__pack_f+0x5e>
     9e6:	5b c0       	rjmp	.+182    	; 0xa9e <__pack_f+0x114>
     9e8:	22 e8       	ldi	r18, 0x82	; 130
     9ea:	3f ef       	ldi	r19, 0xFF	; 255
     9ec:	26 1b       	sub	r18, r22
     9ee:	37 0b       	sbc	r19, r23
     9f0:	2a 31       	cpi	r18, 0x1A	; 26
     9f2:	31 05       	cpc	r19, r1
     9f4:	2c f0       	brlt	.+10     	; 0xa00 <__pack_f+0x76>
     9f6:	20 e0       	ldi	r18, 0x00	; 0
     9f8:	30 e0       	ldi	r19, 0x00	; 0
     9fa:	40 e0       	ldi	r20, 0x00	; 0
     9fc:	50 e0       	ldi	r21, 0x00	; 0
     9fe:	2a c0       	rjmp	.+84     	; 0xa54 <__pack_f+0xca>
     a00:	b8 01       	movw	r22, r16
     a02:	a7 01       	movw	r20, r14
     a04:	02 2e       	mov	r0, r18
     a06:	04 c0       	rjmp	.+8      	; 0xa10 <__pack_f+0x86>
     a08:	76 95       	lsr	r23
     a0a:	67 95       	ror	r22
     a0c:	57 95       	ror	r21
     a0e:	47 95       	ror	r20
     a10:	0a 94       	dec	r0
     a12:	d2 f7       	brpl	.-12     	; 0xa08 <__pack_f+0x7e>
     a14:	81 e0       	ldi	r24, 0x01	; 1
     a16:	90 e0       	ldi	r25, 0x00	; 0
     a18:	a0 e0       	ldi	r26, 0x00	; 0
     a1a:	b0 e0       	ldi	r27, 0x00	; 0
     a1c:	04 c0       	rjmp	.+8      	; 0xa26 <__pack_f+0x9c>
     a1e:	88 0f       	add	r24, r24
     a20:	99 1f       	adc	r25, r25
     a22:	aa 1f       	adc	r26, r26
     a24:	bb 1f       	adc	r27, r27
     a26:	2a 95       	dec	r18
     a28:	d2 f7       	brpl	.-12     	; 0xa1e <__pack_f+0x94>
     a2a:	01 97       	sbiw	r24, 0x01	; 1
     a2c:	a1 09       	sbc	r26, r1
     a2e:	b1 09       	sbc	r27, r1
     a30:	8e 21       	and	r24, r14
     a32:	9f 21       	and	r25, r15
     a34:	a0 23       	and	r26, r16
     a36:	b1 23       	and	r27, r17
     a38:	00 97       	sbiw	r24, 0x00	; 0
     a3a:	a1 05       	cpc	r26, r1
     a3c:	b1 05       	cpc	r27, r1
     a3e:	21 f0       	breq	.+8      	; 0xa48 <__pack_f+0xbe>
     a40:	81 e0       	ldi	r24, 0x01	; 1
     a42:	90 e0       	ldi	r25, 0x00	; 0
     a44:	a0 e0       	ldi	r26, 0x00	; 0
     a46:	b0 e0       	ldi	r27, 0x00	; 0
     a48:	9a 01       	movw	r18, r20
     a4a:	ab 01       	movw	r20, r22
     a4c:	28 2b       	or	r18, r24
     a4e:	39 2b       	or	r19, r25
     a50:	4a 2b       	or	r20, r26
     a52:	5b 2b       	or	r21, r27
     a54:	da 01       	movw	r26, r20
     a56:	c9 01       	movw	r24, r18
     a58:	8f 77       	andi	r24, 0x7F	; 127
     a5a:	90 70       	andi	r25, 0x00	; 0
     a5c:	a0 70       	andi	r26, 0x00	; 0
     a5e:	b0 70       	andi	r27, 0x00	; 0
     a60:	80 34       	cpi	r24, 0x40	; 64
     a62:	91 05       	cpc	r25, r1
     a64:	a1 05       	cpc	r26, r1
     a66:	b1 05       	cpc	r27, r1
     a68:	39 f4       	brne	.+14     	; 0xa78 <__pack_f+0xee>
     a6a:	27 ff       	sbrs	r18, 7
     a6c:	09 c0       	rjmp	.+18     	; 0xa80 <__pack_f+0xf6>
     a6e:	20 5c       	subi	r18, 0xC0	; 192
     a70:	3f 4f       	sbci	r19, 0xFF	; 255
     a72:	4f 4f       	sbci	r20, 0xFF	; 255
     a74:	5f 4f       	sbci	r21, 0xFF	; 255
     a76:	04 c0       	rjmp	.+8      	; 0xa80 <__pack_f+0xf6>
     a78:	21 5c       	subi	r18, 0xC1	; 193
     a7a:	3f 4f       	sbci	r19, 0xFF	; 255
     a7c:	4f 4f       	sbci	r20, 0xFF	; 255
     a7e:	5f 4f       	sbci	r21, 0xFF	; 255
     a80:	e0 e0       	ldi	r30, 0x00	; 0
     a82:	f0 e0       	ldi	r31, 0x00	; 0
     a84:	20 30       	cpi	r18, 0x00	; 0
     a86:	a0 e0       	ldi	r26, 0x00	; 0
     a88:	3a 07       	cpc	r19, r26
     a8a:	a0 e0       	ldi	r26, 0x00	; 0
     a8c:	4a 07       	cpc	r20, r26
     a8e:	a0 e4       	ldi	r26, 0x40	; 64
     a90:	5a 07       	cpc	r21, r26
     a92:	10 f0       	brcs	.+4      	; 0xa98 <__pack_f+0x10e>
     a94:	e1 e0       	ldi	r30, 0x01	; 1
     a96:	f0 e0       	ldi	r31, 0x00	; 0
     a98:	79 01       	movw	r14, r18
     a9a:	8a 01       	movw	r16, r20
     a9c:	27 c0       	rjmp	.+78     	; 0xaec <__pack_f+0x162>
     a9e:	60 38       	cpi	r22, 0x80	; 128
     aa0:	71 05       	cpc	r23, r1
     aa2:	64 f5       	brge	.+88     	; 0xafc <__pack_f+0x172>
     aa4:	fb 01       	movw	r30, r22
     aa6:	e1 58       	subi	r30, 0x81	; 129
     aa8:	ff 4f       	sbci	r31, 0xFF	; 255
     aaa:	d8 01       	movw	r26, r16
     aac:	c7 01       	movw	r24, r14
     aae:	8f 77       	andi	r24, 0x7F	; 127
     ab0:	90 70       	andi	r25, 0x00	; 0
     ab2:	a0 70       	andi	r26, 0x00	; 0
     ab4:	b0 70       	andi	r27, 0x00	; 0
     ab6:	80 34       	cpi	r24, 0x40	; 64
     ab8:	91 05       	cpc	r25, r1
     aba:	a1 05       	cpc	r26, r1
     abc:	b1 05       	cpc	r27, r1
     abe:	39 f4       	brne	.+14     	; 0xace <__pack_f+0x144>
     ac0:	e7 fe       	sbrs	r14, 7
     ac2:	0d c0       	rjmp	.+26     	; 0xade <__pack_f+0x154>
     ac4:	80 e4       	ldi	r24, 0x40	; 64
     ac6:	90 e0       	ldi	r25, 0x00	; 0
     ac8:	a0 e0       	ldi	r26, 0x00	; 0
     aca:	b0 e0       	ldi	r27, 0x00	; 0
     acc:	04 c0       	rjmp	.+8      	; 0xad6 <__pack_f+0x14c>
     ace:	8f e3       	ldi	r24, 0x3F	; 63
     ad0:	90 e0       	ldi	r25, 0x00	; 0
     ad2:	a0 e0       	ldi	r26, 0x00	; 0
     ad4:	b0 e0       	ldi	r27, 0x00	; 0
     ad6:	e8 0e       	add	r14, r24
     ad8:	f9 1e       	adc	r15, r25
     ada:	0a 1f       	adc	r16, r26
     adc:	1b 1f       	adc	r17, r27
     ade:	17 ff       	sbrs	r17, 7
     ae0:	05 c0       	rjmp	.+10     	; 0xaec <__pack_f+0x162>
     ae2:	16 95       	lsr	r17
     ae4:	07 95       	ror	r16
     ae6:	f7 94       	ror	r15
     ae8:	e7 94       	ror	r14
     aea:	31 96       	adiw	r30, 0x01	; 1
     aec:	87 e0       	ldi	r24, 0x07	; 7
     aee:	16 95       	lsr	r17
     af0:	07 95       	ror	r16
     af2:	f7 94       	ror	r15
     af4:	e7 94       	ror	r14
     af6:	8a 95       	dec	r24
     af8:	d1 f7       	brne	.-12     	; 0xaee <__pack_f+0x164>
     afa:	05 c0       	rjmp	.+10     	; 0xb06 <__pack_f+0x17c>
     afc:	ee 24       	eor	r14, r14
     afe:	ff 24       	eor	r15, r15
     b00:	87 01       	movw	r16, r14
     b02:	ef ef       	ldi	r30, 0xFF	; 255
     b04:	f0 e0       	ldi	r31, 0x00	; 0
     b06:	6e 2f       	mov	r22, r30
     b08:	67 95       	ror	r22
     b0a:	66 27       	eor	r22, r22
     b0c:	67 95       	ror	r22
     b0e:	90 2f       	mov	r25, r16
     b10:	9f 77       	andi	r25, 0x7F	; 127
     b12:	d7 94       	ror	r13
     b14:	dd 24       	eor	r13, r13
     b16:	d7 94       	ror	r13
     b18:	8e 2f       	mov	r24, r30
     b1a:	86 95       	lsr	r24
     b1c:	49 2f       	mov	r20, r25
     b1e:	46 2b       	or	r20, r22
     b20:	58 2f       	mov	r21, r24
     b22:	5d 29       	or	r21, r13
     b24:	b7 01       	movw	r22, r14
     b26:	ca 01       	movw	r24, r20
     b28:	1f 91       	pop	r17
     b2a:	0f 91       	pop	r16
     b2c:	ff 90       	pop	r15
     b2e:	ef 90       	pop	r14
     b30:	df 90       	pop	r13
     b32:	08 95       	ret

00000b34 <__unpack_f>:
     b34:	fc 01       	movw	r30, r24
     b36:	db 01       	movw	r26, r22
     b38:	40 81       	ld	r20, Z
     b3a:	51 81       	ldd	r21, Z+1	; 0x01
     b3c:	22 81       	ldd	r18, Z+2	; 0x02
     b3e:	62 2f       	mov	r22, r18
     b40:	6f 77       	andi	r22, 0x7F	; 127
     b42:	70 e0       	ldi	r23, 0x00	; 0
     b44:	22 1f       	adc	r18, r18
     b46:	22 27       	eor	r18, r18
     b48:	22 1f       	adc	r18, r18
     b4a:	93 81       	ldd	r25, Z+3	; 0x03
     b4c:	89 2f       	mov	r24, r25
     b4e:	88 0f       	add	r24, r24
     b50:	82 2b       	or	r24, r18
     b52:	28 2f       	mov	r18, r24
     b54:	30 e0       	ldi	r19, 0x00	; 0
     b56:	99 1f       	adc	r25, r25
     b58:	99 27       	eor	r25, r25
     b5a:	99 1f       	adc	r25, r25
     b5c:	11 96       	adiw	r26, 0x01	; 1
     b5e:	9c 93       	st	X, r25
     b60:	11 97       	sbiw	r26, 0x01	; 1
     b62:	21 15       	cp	r18, r1
     b64:	31 05       	cpc	r19, r1
     b66:	a9 f5       	brne	.+106    	; 0xbd2 <__unpack_f+0x9e>
     b68:	41 15       	cp	r20, r1
     b6a:	51 05       	cpc	r21, r1
     b6c:	61 05       	cpc	r22, r1
     b6e:	71 05       	cpc	r23, r1
     b70:	11 f4       	brne	.+4      	; 0xb76 <__unpack_f+0x42>
     b72:	82 e0       	ldi	r24, 0x02	; 2
     b74:	37 c0       	rjmp	.+110    	; 0xbe4 <__unpack_f+0xb0>
     b76:	82 e8       	ldi	r24, 0x82	; 130
     b78:	9f ef       	ldi	r25, 0xFF	; 255
     b7a:	13 96       	adiw	r26, 0x03	; 3
     b7c:	9c 93       	st	X, r25
     b7e:	8e 93       	st	-X, r24
     b80:	12 97       	sbiw	r26, 0x02	; 2
     b82:	9a 01       	movw	r18, r20
     b84:	ab 01       	movw	r20, r22
     b86:	67 e0       	ldi	r22, 0x07	; 7
     b88:	22 0f       	add	r18, r18
     b8a:	33 1f       	adc	r19, r19
     b8c:	44 1f       	adc	r20, r20
     b8e:	55 1f       	adc	r21, r21
     b90:	6a 95       	dec	r22
     b92:	d1 f7       	brne	.-12     	; 0xb88 <__unpack_f+0x54>
     b94:	83 e0       	ldi	r24, 0x03	; 3
     b96:	8c 93       	st	X, r24
     b98:	0d c0       	rjmp	.+26     	; 0xbb4 <__unpack_f+0x80>
     b9a:	22 0f       	add	r18, r18
     b9c:	33 1f       	adc	r19, r19
     b9e:	44 1f       	adc	r20, r20
     ba0:	55 1f       	adc	r21, r21
     ba2:	12 96       	adiw	r26, 0x02	; 2
     ba4:	8d 91       	ld	r24, X+
     ba6:	9c 91       	ld	r25, X
     ba8:	13 97       	sbiw	r26, 0x03	; 3
     baa:	01 97       	sbiw	r24, 0x01	; 1
     bac:	13 96       	adiw	r26, 0x03	; 3
     bae:	9c 93       	st	X, r25
     bb0:	8e 93       	st	-X, r24
     bb2:	12 97       	sbiw	r26, 0x02	; 2
     bb4:	20 30       	cpi	r18, 0x00	; 0
     bb6:	80 e0       	ldi	r24, 0x00	; 0
     bb8:	38 07       	cpc	r19, r24
     bba:	80 e0       	ldi	r24, 0x00	; 0
     bbc:	48 07       	cpc	r20, r24
     bbe:	80 e4       	ldi	r24, 0x40	; 64
     bc0:	58 07       	cpc	r21, r24
     bc2:	58 f3       	brcs	.-42     	; 0xb9a <__unpack_f+0x66>
     bc4:	14 96       	adiw	r26, 0x04	; 4
     bc6:	2d 93       	st	X+, r18
     bc8:	3d 93       	st	X+, r19
     bca:	4d 93       	st	X+, r20
     bcc:	5c 93       	st	X, r21
     bce:	17 97       	sbiw	r26, 0x07	; 7
     bd0:	08 95       	ret
     bd2:	2f 3f       	cpi	r18, 0xFF	; 255
     bd4:	31 05       	cpc	r19, r1
     bd6:	79 f4       	brne	.+30     	; 0xbf6 <__unpack_f+0xc2>
     bd8:	41 15       	cp	r20, r1
     bda:	51 05       	cpc	r21, r1
     bdc:	61 05       	cpc	r22, r1
     bde:	71 05       	cpc	r23, r1
     be0:	19 f4       	brne	.+6      	; 0xbe8 <__unpack_f+0xb4>
     be2:	84 e0       	ldi	r24, 0x04	; 4
     be4:	8c 93       	st	X, r24
     be6:	08 95       	ret
     be8:	64 ff       	sbrs	r22, 4
     bea:	03 c0       	rjmp	.+6      	; 0xbf2 <__unpack_f+0xbe>
     bec:	81 e0       	ldi	r24, 0x01	; 1
     bee:	8c 93       	st	X, r24
     bf0:	12 c0       	rjmp	.+36     	; 0xc16 <__unpack_f+0xe2>
     bf2:	1c 92       	st	X, r1
     bf4:	10 c0       	rjmp	.+32     	; 0xc16 <__unpack_f+0xe2>
     bf6:	2f 57       	subi	r18, 0x7F	; 127
     bf8:	30 40       	sbci	r19, 0x00	; 0
     bfa:	13 96       	adiw	r26, 0x03	; 3
     bfc:	3c 93       	st	X, r19
     bfe:	2e 93       	st	-X, r18
     c00:	12 97       	sbiw	r26, 0x02	; 2
     c02:	83 e0       	ldi	r24, 0x03	; 3
     c04:	8c 93       	st	X, r24
     c06:	87 e0       	ldi	r24, 0x07	; 7
     c08:	44 0f       	add	r20, r20
     c0a:	55 1f       	adc	r21, r21
     c0c:	66 1f       	adc	r22, r22
     c0e:	77 1f       	adc	r23, r23
     c10:	8a 95       	dec	r24
     c12:	d1 f7       	brne	.-12     	; 0xc08 <__unpack_f+0xd4>
     c14:	70 64       	ori	r23, 0x40	; 64
     c16:	14 96       	adiw	r26, 0x04	; 4
     c18:	4d 93       	st	X+, r20
     c1a:	5d 93       	st	X+, r21
     c1c:	6d 93       	st	X+, r22
     c1e:	7c 93       	st	X, r23
     c20:	17 97       	sbiw	r26, 0x07	; 7
     c22:	08 95       	ret

00000c24 <__fpcmp_parts_f>:
     c24:	1f 93       	push	r17
     c26:	dc 01       	movw	r26, r24
     c28:	fb 01       	movw	r30, r22
     c2a:	9c 91       	ld	r25, X
     c2c:	92 30       	cpi	r25, 0x02	; 2
     c2e:	08 f4       	brcc	.+2      	; 0xc32 <__fpcmp_parts_f+0xe>
     c30:	47 c0       	rjmp	.+142    	; 0xcc0 <__fpcmp_parts_f+0x9c>
     c32:	80 81       	ld	r24, Z
     c34:	82 30       	cpi	r24, 0x02	; 2
     c36:	08 f4       	brcc	.+2      	; 0xc3a <__fpcmp_parts_f+0x16>
     c38:	43 c0       	rjmp	.+134    	; 0xcc0 <__fpcmp_parts_f+0x9c>
     c3a:	94 30       	cpi	r25, 0x04	; 4
     c3c:	51 f4       	brne	.+20     	; 0xc52 <__fpcmp_parts_f+0x2e>
     c3e:	11 96       	adiw	r26, 0x01	; 1
     c40:	1c 91       	ld	r17, X
     c42:	84 30       	cpi	r24, 0x04	; 4
     c44:	99 f5       	brne	.+102    	; 0xcac <__fpcmp_parts_f+0x88>
     c46:	81 81       	ldd	r24, Z+1	; 0x01
     c48:	68 2f       	mov	r22, r24
     c4a:	70 e0       	ldi	r23, 0x00	; 0
     c4c:	61 1b       	sub	r22, r17
     c4e:	71 09       	sbc	r23, r1
     c50:	3f c0       	rjmp	.+126    	; 0xcd0 <__fpcmp_parts_f+0xac>
     c52:	84 30       	cpi	r24, 0x04	; 4
     c54:	21 f0       	breq	.+8      	; 0xc5e <__fpcmp_parts_f+0x3a>
     c56:	92 30       	cpi	r25, 0x02	; 2
     c58:	31 f4       	brne	.+12     	; 0xc66 <__fpcmp_parts_f+0x42>
     c5a:	82 30       	cpi	r24, 0x02	; 2
     c5c:	b9 f1       	breq	.+110    	; 0xccc <__fpcmp_parts_f+0xa8>
     c5e:	81 81       	ldd	r24, Z+1	; 0x01
     c60:	88 23       	and	r24, r24
     c62:	89 f1       	breq	.+98     	; 0xcc6 <__fpcmp_parts_f+0xa2>
     c64:	2d c0       	rjmp	.+90     	; 0xcc0 <__fpcmp_parts_f+0x9c>
     c66:	11 96       	adiw	r26, 0x01	; 1
     c68:	1c 91       	ld	r17, X
     c6a:	11 97       	sbiw	r26, 0x01	; 1
     c6c:	82 30       	cpi	r24, 0x02	; 2
     c6e:	f1 f0       	breq	.+60     	; 0xcac <__fpcmp_parts_f+0x88>
     c70:	81 81       	ldd	r24, Z+1	; 0x01
     c72:	18 17       	cp	r17, r24
     c74:	d9 f4       	brne	.+54     	; 0xcac <__fpcmp_parts_f+0x88>
     c76:	12 96       	adiw	r26, 0x02	; 2
     c78:	2d 91       	ld	r18, X+
     c7a:	3c 91       	ld	r19, X
     c7c:	13 97       	sbiw	r26, 0x03	; 3
     c7e:	82 81       	ldd	r24, Z+2	; 0x02
     c80:	93 81       	ldd	r25, Z+3	; 0x03
     c82:	82 17       	cp	r24, r18
     c84:	93 07       	cpc	r25, r19
     c86:	94 f0       	brlt	.+36     	; 0xcac <__fpcmp_parts_f+0x88>
     c88:	28 17       	cp	r18, r24
     c8a:	39 07       	cpc	r19, r25
     c8c:	bc f0       	brlt	.+46     	; 0xcbc <__fpcmp_parts_f+0x98>
     c8e:	14 96       	adiw	r26, 0x04	; 4
     c90:	8d 91       	ld	r24, X+
     c92:	9d 91       	ld	r25, X+
     c94:	0d 90       	ld	r0, X+
     c96:	bc 91       	ld	r27, X
     c98:	a0 2d       	mov	r26, r0
     c9a:	24 81       	ldd	r18, Z+4	; 0x04
     c9c:	35 81       	ldd	r19, Z+5	; 0x05
     c9e:	46 81       	ldd	r20, Z+6	; 0x06
     ca0:	57 81       	ldd	r21, Z+7	; 0x07
     ca2:	28 17       	cp	r18, r24
     ca4:	39 07       	cpc	r19, r25
     ca6:	4a 07       	cpc	r20, r26
     ca8:	5b 07       	cpc	r21, r27
     caa:	18 f4       	brcc	.+6      	; 0xcb2 <__fpcmp_parts_f+0x8e>
     cac:	11 23       	and	r17, r17
     cae:	41 f0       	breq	.+16     	; 0xcc0 <__fpcmp_parts_f+0x9c>
     cb0:	0a c0       	rjmp	.+20     	; 0xcc6 <__fpcmp_parts_f+0xa2>
     cb2:	82 17       	cp	r24, r18
     cb4:	93 07       	cpc	r25, r19
     cb6:	a4 07       	cpc	r26, r20
     cb8:	b5 07       	cpc	r27, r21
     cba:	40 f4       	brcc	.+16     	; 0xccc <__fpcmp_parts_f+0xa8>
     cbc:	11 23       	and	r17, r17
     cbe:	19 f0       	breq	.+6      	; 0xcc6 <__fpcmp_parts_f+0xa2>
     cc0:	61 e0       	ldi	r22, 0x01	; 1
     cc2:	70 e0       	ldi	r23, 0x00	; 0
     cc4:	05 c0       	rjmp	.+10     	; 0xcd0 <__fpcmp_parts_f+0xac>
     cc6:	6f ef       	ldi	r22, 0xFF	; 255
     cc8:	7f ef       	ldi	r23, 0xFF	; 255
     cca:	02 c0       	rjmp	.+4      	; 0xcd0 <__fpcmp_parts_f+0xac>
     ccc:	60 e0       	ldi	r22, 0x00	; 0
     cce:	70 e0       	ldi	r23, 0x00	; 0
     cd0:	cb 01       	movw	r24, r22
     cd2:	1f 91       	pop	r17
     cd4:	08 95       	ret

00000cd6 <WDT_Init>:
#include "WDT_Config.h"

void WDT_Init(void)
{

    SET_BIT(WDTCR, WDP0);
     cd6:	81 b5       	in	r24, 0x21	; 33
     cd8:	81 60       	ori	r24, 0x01	; 1
     cda:	81 bd       	out	0x21, r24	; 33
    SET_BIT(WDTCR, WDP1);
     cdc:	81 b5       	in	r24, 0x21	; 33
     cde:	82 60       	ori	r24, 0x02	; 2
     ce0:	81 bd       	out	0x21, r24	; 33
    SET_BIT(WDTCR, WDP2);
     ce2:	81 b5       	in	r24, 0x21	; 33
     ce4:	84 60       	ori	r24, 0x04	; 4
     ce6:	81 bd       	out	0x21, r24	; 33
}
     ce8:	08 95       	ret

00000cea <WDT_Enable>:

void WDT_Enable(void)
{
    SET_BIT(WDTCR, WDE);
     cea:	81 b5       	in	r24, 0x21	; 33
     cec:	88 60       	ori	r24, 0x08	; 8
     cee:	81 bd       	out	0x21, r24	; 33
}
     cf0:	08 95       	ret

00000cf2 <WDT_Disable>:

void WDT_Disable(void)
{

	WDTCR = (1<<WDTOE) | (1<<WDE);
     cf2:	88 e1       	ldi	r24, 0x18	; 24
     cf4:	81 bd       	out	0x21, r24	; 33
    WDTCR = 0x00;
     cf6:	11 bc       	out	0x21, r1	; 33
}
     cf8:	08 95       	ret

00000cfa <UART_init>:



void UART_init(void)
{
	UBRRL  = (u8)MyUBRR;
     cfa:	83 e3       	ldi	r24, 0x33	; 51
     cfc:	89 b9       	out	0x09, r24	; 9
	UBRRH  = (u8)(MyUBRR>>8);
     cfe:	10 bc       	out	0x20, r1	; 32

	/* UCSRA Configuration */
	CLR_BIT(UCSRA, U2X);
     d00:	59 98       	cbi	0x0b, 1	; 11

	/* UCSRB Configuration */
	SET_BIT(UCSRB, RXEN);
     d02:	54 9a       	sbi	0x0a, 4	; 10
	SET_BIT(UCSRB, TXEN);
     d04:	53 9a       	sbi	0x0a, 3	; 10
	CLR_BIT(UCSRB, UCSZ2);
     d06:	52 98       	cbi	0x0a, 2	; 10

	/* UCSRC Configuration */
	UCSRC = (1<<URSEL) | (1<<UCSZ0) | (1<<UCSZ1) | (0<<USBS) | (0<<UPM0) | (0<<UPM1);
     d08:	86 e8       	ldi	r24, 0x86	; 134
     d0a:	80 bd       	out	0x20, r24	; 32
}
     d0c:	08 95       	ret

00000d0e <UART_send_data>:

void UART_send_data(u8 Datau8)
{
	/* UDR TX is not empty */
	while(GET_BIT(UCSRA,UDRE) == 0);
     d0e:	5d 9b       	sbis	0x0b, 5	; 11
     d10:	fe cf       	rjmp	.-4      	; 0xd0e <UART_send_data>

	UDR = Datau8;
     d12:	8c b9       	out	0x0c, r24	; 12
}
     d14:	08 95       	ret

00000d16 <UART_receive_data>:

u8 UART_receive_data(void)
{
	/* Unread data */
	while(GET_BIT(UCSRA, RXC) == 0 );
     d16:	5f 9b       	sbis	0x0b, 7	; 11
     d18:	fe cf       	rjmp	.-4      	; 0xd16 <UART_receive_data>

	return UDR;
     d1a:	8c b1       	in	r24, 0x0c	; 12
}
     d1c:	08 95       	ret

00000d1e <UART_print_data>:

void UART_print_data(u8 PrintData[])
{
     d1e:	20 e0       	ldi	r18, 0x00	; 0
     d20:	04 c0       	rjmp	.+8      	; 0xd2a <UART_print_data+0xc>
}

void UART_send_data(u8 Datau8)
{
	/* UDR TX is not empty */
	while(GET_BIT(UCSRA,UDRE) == 0);
     d22:	5d 9b       	sbis	0x0b, 5	; 11
     d24:	fe cf       	rjmp	.-4      	; 0xd22 <UART_print_data+0x4>

	UDR = Datau8;
     d26:	ec b9       	out	0x0c, r30	; 12
{
	u8 i = 0;
	while(PrintData[i] != '\0')
	{
		UART_send_data(PrintData[i]);
		i++;
     d28:	2f 5f       	subi	r18, 0xFF	; 255
}

void UART_print_data(u8 PrintData[])
{
	u8 i = 0;
	while(PrintData[i] != '\0')
     d2a:	fc 01       	movw	r30, r24
     d2c:	e2 0f       	add	r30, r18
     d2e:	f1 1d       	adc	r31, r1
     d30:	e0 81       	ld	r30, Z
     d32:	ee 23       	and	r30, r30
     d34:	b1 f7       	brne	.-20     	; 0xd22 <UART_print_data+0x4>
	{
		UART_send_data(PrintData[i]);
		i++;
	}
}
     d36:	08 95       	ret

00000d38 <UART_receive_data_unblock>:

u8 UART_receive_data_unblock(u8 *pData)
{
     d38:	fc 01       	movw	r30, r24
    u8 Local_u8Status = 0;

    /* ›Õ’ Â·  „ «” ﬁ»«· œ« « ÃœÌœ… »œÊ‰  Êﬁ› (No Blocking) */
    if (GET_BIT(UCSRA, RXC) == 1)
     d3a:	5f 99       	sbic	0x0b, 7	; 11
     d3c:	02 c0       	rjmp	.+4      	; 0xd42 <UART_receive_data_unblock+0xa>
     d3e:	80 e0       	ldi	r24, 0x00	; 0
     d40:	08 95       	ret
    {
        *pData = UDR;
     d42:	8c b1       	in	r24, 0x0c	; 12
     d44:	80 83       	st	Z, r24
     d46:	81 e0       	ldi	r24, 0x01	; 1
        Local_u8Status = 1; /*  „ «·«” ﬁ»«· »‰Ã«Õ */
    }

    return Local_u8Status;
}
     d48:	08 95       	ret

00000d4a <Timer_voidInit>:
#elif(TIMER0_INIT_STATE == TIMER_u8_INIT_STATE_ENABLE)
     	//Check if OVF INT is enabled
	#if (TIMER0_OVF_INTERRUPT_INIT == TIMER_INTERRUPT_ENABLE)
		SET_BIT(TIMSK,TIMSK_TOIE0);
	#elif(TIMER0_OVF_INTERRUPT_INIT == TIMER_INTERRUPT_DISABLE)
		CLR_BIT(TIMSK,TIMSK_TOIE0);
     d4a:	89 b7       	in	r24, 0x39	; 57
     d4c:	8e 7f       	andi	r24, 0xFE	; 254
     d4e:	89 bf       	out	0x39, r24	; 57
	#endif
			//Check if CTC INT is enabled
	#if (TIMER0_CTC_INTERRUPT_INIT == TIMER_INTERRUPT_ENABLE)
		SET_BIT(TIMSK,TIMSK_OCIE0);
     d50:	89 b7       	in	r24, 0x39	; 57
     d52:	82 60       	ori	r24, 0x02	; 2
     d54:	89 bf       	out	0x39, r24	; 57
     	OCR0 = TIMER_u8_OCR0_INIT_VALUE;
     	//Set Phase Correct Pwm mode
     	SET_BIT(TCCR0,TCCR0_WGM00);
     	CLR_BIT(TCCR0,TCCR0_WGM01);
     #elif TIMER0_INIT_STATE == TIMER0_NORMAL_MODE
     	TCNT0 = TIMER0_u8_PRELOAD_VALUE;
     d56:	80 ec       	ldi	r24, 0xC0	; 192
     d58:	82 bf       	out	0x32, r24	; 50
    	//Set Phase Correct Normal mode
     	CLR_BIT(TCCR0,TCCR0_WGM00);
     d5a:	83 b7       	in	r24, 0x33	; 51
     d5c:	8f 7b       	andi	r24, 0xBF	; 191
     d5e:	83 bf       	out	0x33, r24	; 51
     	CLR_BIT(TCCR0,TCCR0_WGM01);
     d60:	83 b7       	in	r24, 0x33	; 51
     d62:	87 7f       	andi	r24, 0xF7	; 247
     d64:	83 bf       	out	0x33, r24	; 51
	 #elif TIMER_u8_OC0_PIN_MODE == TIMER_u8_OCX_SET
     	SET_BIT(TCCR0,TCCR0_COM01);
     	SET_BIT(TCCR0,TCCR0_COM00);
     #endif
     /* Select the Prescaler value to start the timer to count */
     	TCCR0 |= TIMER0_CLOCK_SOURCE;
     d66:	83 b7       	in	r24, 0x33	; 51
     d68:	82 60       	ori	r24, 0x02	; 2
     d6a:	83 bf       	out	0x33, r24	; 51
#elif TIMER1_INIT_STATE == TIMER_u8_INIT_STATE_ENABLE
    	//Check OVF Int
	#if (TIMER1_OVF_INTERRUPT_INIT == TIMER_INTERRUPT_ENABLE)
    	SET_BIT(TIMSK,TIMSK_TOIE1);
	#elif (TIMER1_OVF_INTERRUPT_INIT == TIMER_INTERRUPT_DISABLE)
    	CLR_BIT(TIMSK,TIMSK_TOIE1);
     d6c:	89 b7       	in	r24, 0x39	; 57
     d6e:	8b 7f       	andi	r24, 0xFB	; 251
     d70:	89 bf       	out	0x39, r24	; 57
	#endif
    	//Check CTC INT
	#if (TIMER1_CTC_CHANNEL_A_INTERRUPT_INIT == TIMER_INTERRUPT_ENABLE)
		SET_BIT(TIMSK,TIMSK_OCIE1A);
	#elif (TIMER1_CTC_CHANNEL_A_INTERRUPT_INIT == TIMER_INTERRUPT_DISABLE)
		CLR_BIT(TIMSK,TIMSK_OCIE1A);
     d72:	89 b7       	in	r24, 0x39	; 57
     d74:	8f 7e       	andi	r24, 0xEF	; 239
     d76:	89 bf       	out	0x39, r24	; 57
	#endif
	#if (TIMER1_CTC_CHANNEL_B_INTERRUPT_INIT == TIMER_INTERRUPT_ENABLE)
		SET_BIT(TIMSK,TIMSK_OCIE1B);
	#elif (TIMER1_CTC_CHANNEL_B_INTERRUPT_INIT == TIMER_INTERRUPT_DISABLE)
		CLR_BIT(TIMSK,TIMSK_OCIE1B);
     d78:	89 b7       	in	r24, 0x39	; 57
     d7a:	87 7f       	andi	r24, 0xF7	; 247
     d7c:	89 bf       	out	0x39, r24	; 57
	#endif
    	//Choose The Timer 1 Mode
	#if TIMER1_MODE == TIMER1_FAST_PWM_ICR1_TOP
    	//Set Top Value In ICR1 Reg
    	ICR1 = TIMER1_u16_ICR1_VALUE;
     d7e:	8f e1       	ldi	r24, 0x1F	; 31
     d80:	9e e4       	ldi	r25, 0x4E	; 78
     d82:	97 bd       	out	0x27, r25	; 39
     d84:	86 bd       	out	0x26, r24	; 38

    	SET_BIT(TCCR1B,TCCR1B_WGM13);
     d86:	8e b5       	in	r24, 0x2e	; 46
     d88:	80 61       	ori	r24, 0x10	; 16
     d8a:	8e bd       	out	0x2e, r24	; 46
    	SET_BIT(TCCR1B,TCCR1B_WGM12);
     d8c:	8e b5       	in	r24, 0x2e	; 46
     d8e:	88 60       	ori	r24, 0x08	; 8
     d90:	8e bd       	out	0x2e, r24	; 46
    	SET_BIT(TCCR1A,TCCR1A_WGM11);
     d92:	8f b5       	in	r24, 0x2f	; 47
     d94:	82 60       	ori	r24, 0x02	; 2
     d96:	8f bd       	out	0x2f, r24	; 47
    	CLR_BIT(TCCR1A,TCCR1A_WGM10);
     d98:	8f b5       	in	r24, 0x2f	; 47
     d9a:	8e 7f       	andi	r24, 0xFE	; 254
     d9c:	8f bd       	out	0x2f, r24	; 47
    	CLR_BIT(TCCR1B,TCCR1B_WGM12);
    	CLR_BIT(TCCR1A,TCCR1A_WGM11);
    	CLR_BIT(TCCR1A,TCCR1A_WGM10);
	#endif
	#if TIMER_u8_OC1A_PIN_MODE == TIMER_u8_OCX_CLEAR
    	SET_BIT(TCCR1A,TCCR1A_COM1A1);
     d9e:	8f b5       	in	r24, 0x2f	; 47
     da0:	80 68       	ori	r24, 0x80	; 128
     da2:	8f bd       	out	0x2f, r24	; 47
    	CLR_BIT(TCCR1A,TCCR1A_COM1A0);
     da4:	8f b5       	in	r24, 0x2f	; 47
     da6:	8f 7b       	andi	r24, 0xBF	; 191
     da8:	8f bd       	out	0x2f, r24	; 47
	#endif
	#if TIMER_u8_OC1B_PIN_MODE == TIMER_u8_OCX_CLEAR
    	SET_BIT(TCCR1A,TCCR1A_COM1B1);
     daa:	8f b5       	in	r24, 0x2f	; 47
     dac:	80 62       	ori	r24, 0x20	; 32
     dae:	8f bd       	out	0x2f, r24	; 47
    	CLR_BIT(TCCR1A,TCCR1A_COM1B0);
     db0:	8f b5       	in	r24, 0x2f	; 47
     db2:	8f 7e       	andi	r24, 0xEF	; 239
     db4:	8f bd       	out	0x2f, r24	; 47
	#endif

    /* Set the prescaler value as configured at the configuration file */
    	TCCR1B |= TIMER1_CLOCK_SOURCE;
     db6:	8e b5       	in	r24, 0x2e	; 46
     db8:	82 60       	ori	r24, 0x02	; 2
     dba:	8e bd       	out	0x2e, r24	; 46
#endif
}
     dbc:	08 95       	ret

00000dbe <Timer_voidSetPWM>:


void Timer_voidSetPWM(u16 Copy_u16CompareValue)
{
	OCR1A = Copy_u16CompareValue;
     dbe:	9b bd       	out	0x2b, r25	; 43
     dc0:	8a bd       	out	0x2a, r24	; 42
}
     dc2:	08 95       	ret

00000dc4 <Timer_voidSetCallBack>:

void Timer_voidSetCallBack(void(*Copy_pfNotification)(void),u8 Copy_u8TimerIntIndex)
{
     dc4:	e6 2f       	mov	r30, r22
	Timer_pfNotification[Copy_u8TimerIntIndex] = Copy_pfNotification;
     dc6:	f0 e0       	ldi	r31, 0x00	; 0
     dc8:	ee 0f       	add	r30, r30
     dca:	ff 1f       	adc	r31, r31
     dcc:	e2 57       	subi	r30, 0x72	; 114
     dce:	fd 4f       	sbci	r31, 0xFD	; 253
     dd0:	91 83       	std	Z+1, r25	; 0x01
     dd2:	80 83       	st	Z, r24
}
     dd4:	08 95       	ret

00000dd6 <Timer_voidICUEnable>:
void Timer_voidICUEnable(void)
{
#if (TIMER_u8_ICP_INIT_STATE == TIMER_u8_ICP_RAISING_EDGE)
	SET_BIT(TCCR1B,TCCR1B_ICES1);
#elif(TIMER_u8_ICP_INIT_STATE == TIMER_u8_ICP_FALLING_EDGE)
	CLR_BIT(TCCR1B,TCCR1B_ICES1);
     dd6:	8e b5       	in	r24, 0x2e	; 46
     dd8:	8f 7b       	andi	r24, 0xBF	; 191
     dda:	8e bd       	out	0x2e, r24	; 46
#endif
	/* Enable Interrupt of ICU */
	SET_BIT(TIMSK,5);
     ddc:	89 b7       	in	r24, 0x39	; 57
     dde:	80 62       	ori	r24, 0x20	; 32
     de0:	89 bf       	out	0x39, r24	; 57
}
     de2:	08 95       	ret

00000de4 <Timer_voidICUDiable>:
void Timer_voidICUDiable(void)
{
	CLR_BIT(TIMSK,5);
     de4:	89 b7       	in	r24, 0x39	; 57
     de6:	8f 7d       	andi	r24, 0xDF	; 223
     de8:	89 bf       	out	0x39, r24	; 57
}
     dea:	08 95       	ret

00000dec <Timer_voidGetTimer1CounterValue>:
		Local_u8ReturnState  = STD_TYPES_u8_ERROR_OK;
	}
	return Local_u8ReturnState;
}*/
void Timer_voidGetTimer1CounterValue(u16 * Copy_u16CounterValue)
{
     dec:	fc 01       	movw	r30, r24
	*Copy_u16CounterValue = TCNT1;
     dee:	8c b5       	in	r24, 0x2c	; 44
     df0:	9d b5       	in	r25, 0x2d	; 45
     df2:	91 83       	std	Z+1, r25	; 0x01
     df4:	80 83       	st	Z, r24
}
     df6:	08 95       	ret

00000df8 <__vector_11>:

/* ISR Function for Timer0 OVF */
void __vector_11(void) __attribute__((signal));

void __vector_11(void)
{
     df8:	1f 92       	push	r1
     dfa:	0f 92       	push	r0
     dfc:	0f b6       	in	r0, 0x3f	; 63
     dfe:	0f 92       	push	r0
     e00:	11 24       	eor	r1, r1
     e02:	2f 93       	push	r18
     e04:	3f 93       	push	r19
     e06:	4f 93       	push	r20
     e08:	5f 93       	push	r21
     e0a:	6f 93       	push	r22
     e0c:	7f 93       	push	r23
     e0e:	8f 93       	push	r24
     e10:	9f 93       	push	r25
     e12:	af 93       	push	r26
     e14:	bf 93       	push	r27
     e16:	ef 93       	push	r30
     e18:	ff 93       	push	r31
	static u32 Local_u8Counter = 0;
	Local_u8Counter++;
     e1a:	80 91 8a 02 	lds	r24, 0x028A
     e1e:	90 91 8b 02 	lds	r25, 0x028B
     e22:	a0 91 8c 02 	lds	r26, 0x028C
     e26:	b0 91 8d 02 	lds	r27, 0x028D
     e2a:	01 96       	adiw	r24, 0x01	; 1
     e2c:	a1 1d       	adc	r26, r1
     e2e:	b1 1d       	adc	r27, r1
     e30:	80 93 8a 02 	sts	0x028A, r24
     e34:	90 93 8b 02 	sts	0x028B, r25
     e38:	a0 93 8c 02 	sts	0x028C, r26
     e3c:	b0 93 8d 02 	sts	0x028D, r27
	if(Local_u8Counter == TIMER0_u32_NUMBER_OF_OVF)
     e40:	83 54       	subi	r24, 0x43	; 67
     e42:	9f 40       	sbci	r25, 0x0F	; 15
     e44:	a0 40       	sbci	r26, 0x00	; 0
     e46:	b0 40       	sbci	r27, 0x00	; 0
     e48:	79 f4       	brne	.+30     	; 0xe68 <__vector_11+0x70>
	{
		TCNT0           = TIMER0_u8_PRELOAD_VALUE;
     e4a:	80 ec       	ldi	r24, 0xC0	; 192
     e4c:	82 bf       	out	0x32, r24	; 50
		Local_u8Counter = 0;
     e4e:	10 92 8a 02 	sts	0x028A, r1
     e52:	10 92 8b 02 	sts	0x028B, r1
     e56:	10 92 8c 02 	sts	0x028C, r1
     e5a:	10 92 8d 02 	sts	0x028D, r1
		Timer_pfNotification[TIMER_OVF0_INT_INDEX]();
     e5e:	e0 91 8e 02 	lds	r30, 0x028E
     e62:	f0 91 8f 02 	lds	r31, 0x028F
     e66:	09 95       	icall
	}

}
     e68:	ff 91       	pop	r31
     e6a:	ef 91       	pop	r30
     e6c:	bf 91       	pop	r27
     e6e:	af 91       	pop	r26
     e70:	9f 91       	pop	r25
     e72:	8f 91       	pop	r24
     e74:	7f 91       	pop	r23
     e76:	6f 91       	pop	r22
     e78:	5f 91       	pop	r21
     e7a:	4f 91       	pop	r20
     e7c:	3f 91       	pop	r19
     e7e:	2f 91       	pop	r18
     e80:	0f 90       	pop	r0
     e82:	0f be       	out	0x3f, r0	; 63
     e84:	0f 90       	pop	r0
     e86:	1f 90       	pop	r1
     e88:	18 95       	reti

00000e8a <__vector_10>:

void __vector_10(void) __attribute__((signal));
void __vector_10(void)
{
     e8a:	1f 92       	push	r1
     e8c:	0f 92       	push	r0
     e8e:	0f b6       	in	r0, 0x3f	; 63
     e90:	0f 92       	push	r0
     e92:	11 24       	eor	r1, r1
     e94:	2f 93       	push	r18
     e96:	3f 93       	push	r19
     e98:	4f 93       	push	r20
     e9a:	5f 93       	push	r21
     e9c:	6f 93       	push	r22
     e9e:	7f 93       	push	r23
     ea0:	8f 93       	push	r24
     ea2:	9f 93       	push	r25
     ea4:	af 93       	push	r26
     ea6:	bf 93       	push	r27
     ea8:	ef 93       	push	r30
     eaa:	ff 93       	push	r31
    static u8 Local_u8Counter = 0;
    Local_u8Counter++;
     eac:	80 91 89 02 	lds	r24, 0x0289
     eb0:	8f 5f       	subi	r24, 0xFF	; 255
     eb2:	80 93 89 02 	sts	0x0289, r24

    /* 4 „—«  * 0.25 „··Ì À«‰Ì… = 1 „··Ì À«‰Ì… */
    if(Local_u8Counter == 4)
     eb6:	84 30       	cpi	r24, 0x04	; 4
     eb8:	49 f4       	brne	.+18     	; 0xecc <__vector_10+0x42>
    {
        Local_u8Counter = 0;
     eba:	10 92 89 02 	sts	0x0289, r1
        if(Timer_pfNotification[TIMER_CTC0_INT_INDEX] != NULL)
     ebe:	e0 91 90 02 	lds	r30, 0x0290
     ec2:	f0 91 91 02 	lds	r31, 0x0291
     ec6:	30 97       	sbiw	r30, 0x00	; 0
     ec8:	09 f0       	breq	.+2      	; 0xecc <__vector_10+0x42>
        {
            Timer_pfNotification[TIMER_CTC0_INT_INDEX]();
     eca:	09 95       	icall
        }
    }
}
     ecc:	ff 91       	pop	r31
     ece:	ef 91       	pop	r30
     ed0:	bf 91       	pop	r27
     ed2:	af 91       	pop	r26
     ed4:	9f 91       	pop	r25
     ed6:	8f 91       	pop	r24
     ed8:	7f 91       	pop	r23
     eda:	6f 91       	pop	r22
     edc:	5f 91       	pop	r21
     ede:	4f 91       	pop	r20
     ee0:	3f 91       	pop	r19
     ee2:	2f 91       	pop	r18
     ee4:	0f 90       	pop	r0
     ee6:	0f be       	out	0x3f, r0	; 63
     ee8:	0f 90       	pop	r0
     eea:	1f 90       	pop	r1
     eec:	18 95       	reti

00000eee <__vector_6>:

void __vector_6(void) __attribute__((signal));
void __vector_6(void)
{
     eee:	1f 92       	push	r1
     ef0:	0f 92       	push	r0
     ef2:	0f b6       	in	r0, 0x3f	; 63
     ef4:	0f 92       	push	r0
     ef6:	11 24       	eor	r1, r1
     ef8:	2f 93       	push	r18
     efa:	3f 93       	push	r19
     efc:	8f 93       	push	r24
     efe:	9f 93       	push	r25
//	static u16 Local_u16CounterValue = 0;
	static u16 Local_u16Old_Value    = 0;
	static u8  Local_u8Flag = 0;
	if(Local_u8Flag == 0)
     f00:	80 91 86 02 	lds	r24, 0x0286
     f04:	20 91 87 02 	lds	r18, 0x0287
     f08:	30 91 88 02 	lds	r19, 0x0288
     f0c:	88 23       	and	r24, r24
     f0e:	79 f4       	brne	.+30     	; 0xf2e <__vector_6+0x40>
	{
		Timeru16OffPeriod = ICR1 - Local_u16Old_Value;
     f10:	86 b5       	in	r24, 0x26	; 38
     f12:	97 b5       	in	r25, 0x27	; 39
     f14:	82 1b       	sub	r24, r18
     f16:	93 0b       	sbc	r25, r19
     f18:	90 93 83 02 	sts	0x0283, r25
     f1c:	80 93 82 02 	sts	0x0282, r24
		//Change Edge of ICP into Falling Edge
		CLR_BIT(TCCR1B,TCCR1B_ICES1);
     f20:	8e b5       	in	r24, 0x2e	; 46
     f22:	8f 7b       	andi	r24, 0xBF	; 191
     f24:	8e bd       	out	0x2e, r24	; 46
		Local_u8Flag = 1;
     f26:	81 e0       	ldi	r24, 0x01	; 1
     f28:	80 93 86 02 	sts	0x0286, r24
     f2c:	0d c0       	rjmp	.+26     	; 0xf48 <__vector_6+0x5a>
	}
	else
	{
		Timer_u16OnPeriod = ICR1 - Local_u16Old_Value;
     f2e:	86 b5       	in	r24, 0x26	; 38
     f30:	97 b5       	in	r25, 0x27	; 39
     f32:	82 1b       	sub	r24, r18
     f34:	93 0b       	sbc	r25, r19
     f36:	90 93 85 02 	sts	0x0285, r25
     f3a:	80 93 84 02 	sts	0x0284, r24
		//Change Edge of ICP into Raising Edge
		SET_BIT(TCCR1B,TCCR1B_ICES1);
     f3e:	8e b5       	in	r24, 0x2e	; 46
     f40:	80 64       	ori	r24, 0x40	; 64
     f42:	8e bd       	out	0x2e, r24	; 46
		Local_u8Flag = 0;
     f44:	10 92 86 02 	sts	0x0286, r1
	}
	Local_u16Old_Value = ICR1;
     f48:	86 b5       	in	r24, 0x26	; 38
     f4a:	97 b5       	in	r25, 0x27	; 39
     f4c:	90 93 88 02 	sts	0x0288, r25
     f50:	80 93 87 02 	sts	0x0287, r24
}
     f54:	9f 91       	pop	r25
     f56:	8f 91       	pop	r24
     f58:	3f 91       	pop	r19
     f5a:	2f 91       	pop	r18
     f5c:	0f 90       	pop	r0
     f5e:	0f be       	out	0x3f, r0	; 63
     f60:	0f 90       	pop	r0
     f62:	1f 90       	pop	r1
     f64:	18 95       	reti

00000f66 <SPI_MasterSlaveInit>:

void SPI_MasterSlaveInit(void)
{
#if SPI_MODE == SPI_MODE_MASTER
	/*Set The Node To Be Master Node*/
	SET_BIT(SPI_u8_SPCR_REG, SPI_u8_SPCR_MSTR);
     f66:	6c 9a       	sbi	0x0d, 4	; 13
	CLR_BIT(SPI_u8_SPCR_REG, SPI_u8_SPCR_MSTR);

#endif

	/* Set clock to presclaer 64 */
	CLR_BIT(SPI_u8_SPCR_REG, SPI_u8_SPCR_SPR0);
     f68:	68 98       	cbi	0x0d, 0	; 13
	SET_BIT(SPI_u8_SPCR_REG, SPI_u8_SPCR_SPR1);
     f6a:	69 9a       	sbi	0x0d, 1	; 13

	/* Deactivate Double rate */
	CLR_BIT(SPI_u8_SPSR_REG, SPI_u8_SPSR_SPI2X);
     f6c:	70 98       	cbi	0x0e, 0	; 14

	/* CPOL: Falling, rising - CPHA: setup,sample */
	SET_BIT(SPI_u8_SPCR_REG, SPI_u8_SPCR_CPHA);
     f6e:	6a 9a       	sbi	0x0d, 2	; 13
	SET_BIT(SPI_u8_SPCR_REG, SPI_u8_SPCR_CPOL);
     f70:	6b 9a       	sbi	0x0d, 3	; 13

	/* Date Order - LSB */
	SET_BIT(SPI_u8_SPCR_REG, SPI_u8_SPCR_DORD);
     f72:	6d 9a       	sbi	0x0d, 5	; 13

	/* SPI interrupt enable */
	//SET_BIT(SPI_u8_SPCR_REG, SPI_u8_SPCR_SPIE);

	/* SPI Enable */
	SET_BIT(SPI_u8_SPCR_REG, SPI_u8_SPCR_SPE);
     f74:	6e 9a       	sbi	0x0d, 6	; 13

}
     f76:	08 95       	ret

00000f78 <SPI_u8Tranceive>:


u8 SPI_u8Tranceive(u8 Copy_u8Data)
{
	/* Send data */
	SPI_u8_SPDR_REG = Copy_u8Data;
     f78:	8f b9       	out	0x0f, r24	; 15

	/* Receive data - Wait until SPIF is set (shift complete) */
	while(GET_BIT(SPI_u8_SPSR_REG, SPI_u8_SPSR_SPIF) == 0);
     f7a:	77 9b       	sbis	0x0e, 7	; 14
     f7c:	fe cf       	rjmp	.-4      	; 0xf7a <SPI_u8Tranceive+0x2>

	return SPI_u8_SPDR_REG;
     f7e:	8f b1       	in	r24, 0x0f	; 15
}
     f80:	08 95       	ret

00000f82 <GI_Enble>:
#include "../../LIB/STD_Types.h""
#include "GI_Interface.h"

void GI_Enble(void)
{
	SET_BIT(SREG,7);
     f82:	8f b7       	in	r24, 0x3f	; 63
     f84:	80 68       	ori	r24, 0x80	; 128
     f86:	8f bf       	out	0x3f, r24	; 63
}
     f88:	08 95       	ret

00000f8a <GI_Disable>:

void GI_Disable(void)
{
	CLR_BIT(SREG,7);
     f8a:	8f b7       	in	r24, 0x3f	; 63
     f8c:	8f 77       	andi	r24, 0x7F	; 127
     f8e:	8f bf       	out	0x3f, r24	; 63
}
     f90:	08 95       	ret

00000f92 <EXTI_Init>:


void EXTI_Init(u8 exti_index, EXTI_SenceControl_t sense_control)
{
	/* Validation */
	if ((exti_index == EXTI_INDEX0) || (exti_index == EXTI_INDEX1) || (exti_index == EXTI_INDEX2))
     f92:	83 30       	cpi	r24, 0x03	; 3
     f94:	08 f0       	brcs	.+2      	; 0xf98 <EXTI_Init+0x6>
     f96:	47 c0       	rjmp	.+142    	; 0x1026 <EXTI_Init+0x94>
	{
		if(exti_index == EXTI_INDEX0)
     f98:	88 23       	and	r24, r24
     f9a:	d9 f4       	brne	.+54     	; 0xfd2 <EXTI_Init+0x40>
		{
			switch(sense_control)
     f9c:	61 30       	cpi	r22, 0x01	; 1
     f9e:	51 f0       	breq	.+20     	; 0xfb4 <EXTI_Init+0x22>
     fa0:	61 30       	cpi	r22, 0x01	; 1
     fa2:	28 f0       	brcs	.+10     	; 0xfae <EXTI_Init+0x1c>
     fa4:	62 30       	cpi	r22, 0x02	; 2
     fa6:	61 f0       	breq	.+24     	; 0xfc0 <EXTI_Init+0x2e>
     fa8:	63 30       	cpi	r22, 0x03	; 3
     faa:	e9 f5       	brne	.+122    	; 0x1026 <EXTI_Init+0x94>
     fac:	0c c0       	rjmp	.+24     	; 0xfc6 <EXTI_Init+0x34>
			{
				case EXTI_LOW_LEVEL: 			CLR_BIT(MCUCR,0); CLR_BIT(MCUCR,1);   break;
     fae:	85 b7       	in	r24, 0x35	; 53
     fb0:	8e 7f       	andi	r24, 0xFE	; 254
     fb2:	02 c0       	rjmp	.+4      	; 0xfb8 <EXTI_Init+0x26>
				case EXTI_ANY_LOGICAL_CHANGE: 	SET_BIT(MCUCR,0); CLR_BIT(MCUCR,1);   break;
     fb4:	85 b7       	in	r24, 0x35	; 53
     fb6:	81 60       	ori	r24, 0x01	; 1
     fb8:	85 bf       	out	0x35, r24	; 53
     fba:	85 b7       	in	r24, 0x35	; 53
     fbc:	8d 7f       	andi	r24, 0xFD	; 253
     fbe:	25 c0       	rjmp	.+74     	; 0x100a <EXTI_Init+0x78>
				case EXTI_FALLING_EDGE: 		CLR_BIT(MCUCR,0); SET_BIT(MCUCR,1);   break;
     fc0:	85 b7       	in	r24, 0x35	; 53
     fc2:	8e 7f       	andi	r24, 0xFE	; 254
     fc4:	02 c0       	rjmp	.+4      	; 0xfca <EXTI_Init+0x38>
				case EXTI_RISING_EDGE: 			SET_BIT(MCUCR,0); SET_BIT(MCUCR,1);   break;
     fc6:	85 b7       	in	r24, 0x35	; 53
     fc8:	81 60       	ori	r24, 0x01	; 1
     fca:	85 bf       	out	0x35, r24	; 53
     fcc:	85 b7       	in	r24, 0x35	; 53
     fce:	82 60       	ori	r24, 0x02	; 2
     fd0:	1c c0       	rjmp	.+56     	; 0x100a <EXTI_Init+0x78>
				default: 						break;
			}
		}
		else if(exti_index == EXTI_INDEX1)
     fd2:	81 30       	cpi	r24, 0x01	; 1
     fd4:	e1 f4       	brne	.+56     	; 0x100e <EXTI_Init+0x7c>
		{
			switch(sense_control)
     fd6:	61 30       	cpi	r22, 0x01	; 1
     fd8:	51 f0       	breq	.+20     	; 0xfee <EXTI_Init+0x5c>
     fda:	61 30       	cpi	r22, 0x01	; 1
     fdc:	28 f0       	brcs	.+10     	; 0xfe8 <EXTI_Init+0x56>
     fde:	62 30       	cpi	r22, 0x02	; 2
     fe0:	61 f0       	breq	.+24     	; 0xffa <EXTI_Init+0x68>
     fe2:	63 30       	cpi	r22, 0x03	; 3
     fe4:	01 f5       	brne	.+64     	; 0x1026 <EXTI_Init+0x94>
     fe6:	0c c0       	rjmp	.+24     	; 0x1000 <EXTI_Init+0x6e>
			{
			case EXTI_LOW_LEVEL: 			CLR_BIT(MCUCR,2); CLR_BIT(MCUCR,3);   break;
     fe8:	85 b7       	in	r24, 0x35	; 53
     fea:	8b 7f       	andi	r24, 0xFB	; 251
     fec:	02 c0       	rjmp	.+4      	; 0xff2 <EXTI_Init+0x60>
			case EXTI_ANY_LOGICAL_CHANGE: 	SET_BIT(MCUCR,2); CLR_BIT(MCUCR,3);   break;
     fee:	85 b7       	in	r24, 0x35	; 53
     ff0:	84 60       	ori	r24, 0x04	; 4
     ff2:	85 bf       	out	0x35, r24	; 53
     ff4:	85 b7       	in	r24, 0x35	; 53
     ff6:	87 7f       	andi	r24, 0xF7	; 247
     ff8:	08 c0       	rjmp	.+16     	; 0x100a <EXTI_Init+0x78>
			case EXTI_FALLING_EDGE: 		CLR_BIT(MCUCR,2); SET_BIT(MCUCR,3);   break;
     ffa:	85 b7       	in	r24, 0x35	; 53
     ffc:	8b 7f       	andi	r24, 0xFB	; 251
     ffe:	02 c0       	rjmp	.+4      	; 0x1004 <EXTI_Init+0x72>
			case EXTI_RISING_EDGE: 			SET_BIT(MCUCR,2); SET_BIT(MCUCR,3);   break;
    1000:	85 b7       	in	r24, 0x35	; 53
    1002:	84 60       	ori	r24, 0x04	; 4
    1004:	85 bf       	out	0x35, r24	; 53
    1006:	85 b7       	in	r24, 0x35	; 53
    1008:	88 60       	ori	r24, 0x08	; 8
    100a:	85 bf       	out	0x35, r24	; 53
    100c:	08 95       	ret
			default: 						break;
			}
		}
		else if(exti_index == EXTI_INDEX2)
		{
			switch(sense_control)
    100e:	62 30       	cpi	r22, 0x02	; 2
    1010:	19 f0       	breq	.+6      	; 0x1018 <EXTI_Init+0x86>
    1012:	63 30       	cpi	r22, 0x03	; 3
    1014:	41 f4       	brne	.+16     	; 0x1026 <EXTI_Init+0x94>
    1016:	04 c0       	rjmp	.+8      	; 0x1020 <EXTI_Init+0x8e>
			{
			case EXTI_FALLING_EDGE: 		CLR_BIT(MCUCSR,6);   break;
    1018:	84 b7       	in	r24, 0x34	; 52
    101a:	8f 7b       	andi	r24, 0xBF	; 191
    101c:	84 bf       	out	0x34, r24	; 52
    101e:	08 95       	ret
			case EXTI_RISING_EDGE: 			SET_BIT(MCUCSR,6);   break;
    1020:	84 b7       	in	r24, 0x34	; 52
    1022:	80 64       	ori	r24, 0x40	; 64
    1024:	84 bf       	out	0x34, r24	; 52
    1026:	08 95       	ret

00001028 <EXTI_Enable>:
}


void EXTI_Enable(u8 exti_index)
{
	switch(exti_index)
    1028:	81 30       	cpi	r24, 0x01	; 1
    102a:	41 f0       	breq	.+16     	; 0x103c <EXTI_Enable+0x14>
    102c:	81 30       	cpi	r24, 0x01	; 1
    102e:	18 f0       	brcs	.+6      	; 0x1036 <EXTI_Enable+0xe>
    1030:	82 30       	cpi	r24, 0x02	; 2
    1032:	59 f4       	brne	.+22     	; 0x104a <EXTI_Enable+0x22>
    1034:	07 c0       	rjmp	.+14     	; 0x1044 <EXTI_Enable+0x1c>
	{
	case EXTI_INDEX0: SET_BIT(GICR,6); break;
    1036:	8b b7       	in	r24, 0x3b	; 59
    1038:	80 64       	ori	r24, 0x40	; 64
    103a:	02 c0       	rjmp	.+4      	; 0x1040 <EXTI_Enable+0x18>
	case EXTI_INDEX1: SET_BIT(GICR,7); break;
    103c:	8b b7       	in	r24, 0x3b	; 59
    103e:	80 68       	ori	r24, 0x80	; 128
    1040:	8b bf       	out	0x3b, r24	; 59
    1042:	08 95       	ret
	case EXTI_INDEX2: SET_BIT(GICR,5); break;
    1044:	8b b7       	in	r24, 0x3b	; 59
    1046:	80 62       	ori	r24, 0x20	; 32
    1048:	8b bf       	out	0x3b, r24	; 59
    104a:	08 95       	ret

0000104c <EXTI_Disable>:
	}
}

void EXTI_Disable(u8 exti_index)
{
	switch(exti_index)
    104c:	81 30       	cpi	r24, 0x01	; 1
    104e:	41 f0       	breq	.+16     	; 0x1060 <EXTI_Disable+0x14>
    1050:	81 30       	cpi	r24, 0x01	; 1
    1052:	18 f0       	brcs	.+6      	; 0x105a <EXTI_Disable+0xe>
    1054:	82 30       	cpi	r24, 0x02	; 2
    1056:	59 f4       	brne	.+22     	; 0x106e <EXTI_Disable+0x22>
    1058:	07 c0       	rjmp	.+14     	; 0x1068 <EXTI_Disable+0x1c>
	{
	case EXTI_INDEX0: CLR_BIT(GICR,6); break;
    105a:	8b b7       	in	r24, 0x3b	; 59
    105c:	8f 7b       	andi	r24, 0xBF	; 191
    105e:	02 c0       	rjmp	.+4      	; 0x1064 <EXTI_Disable+0x18>
	case EXTI_INDEX1: CLR_BIT(GICR,7); break;
    1060:	8b b7       	in	r24, 0x3b	; 59
    1062:	8f 77       	andi	r24, 0x7F	; 127
    1064:	8b bf       	out	0x3b, r24	; 59
    1066:	08 95       	ret
	case EXTI_INDEX2: CLR_BIT(GICR,5); break;
    1068:	8b b7       	in	r24, 0x3b	; 59
    106a:	8f 7d       	andi	r24, 0xDF	; 223
    106c:	8b bf       	out	0x3b, r24	; 59
    106e:	08 95       	ret

00001070 <EXTI_GetFlag>:

/* for pulling */
u8 EXTI_GetFlag(u8 exti_index)
{
	u8 returnFlag;
	switch(exti_index)
    1070:	81 30       	cpi	r24, 0x01	; 1
    1072:	79 f0       	breq	.+30     	; 0x1092 <EXTI_GetFlag+0x22>
    1074:	81 30       	cpi	r24, 0x01	; 1
    1076:	18 f0       	brcs	.+6      	; 0x107e <EXTI_GetFlag+0xe>
    1078:	82 30       	cpi	r24, 0x02	; 2
    107a:	c9 f4       	brne	.+50     	; 0x10ae <EXTI_GetFlag+0x3e>
    107c:	0f c0       	rjmp	.+30     	; 0x109c <EXTI_GetFlag+0x2c>
	{
	case EXTI_INDEX0: returnFlag = GET_BIT(GIFR,6); break;
    107e:	8a b7       	in	r24, 0x3a	; 58
    1080:	90 e0       	ldi	r25, 0x00	; 0
    1082:	80 74       	andi	r24, 0x40	; 64
    1084:	90 70       	andi	r25, 0x00	; 0
    1086:	36 e0       	ldi	r19, 0x06	; 6
    1088:	95 95       	asr	r25
    108a:	87 95       	ror	r24
    108c:	3a 95       	dec	r19
    108e:	e1 f7       	brne	.-8      	; 0x1088 <EXTI_GetFlag+0x18>
    1090:	08 95       	ret
	case EXTI_INDEX1: returnFlag = GET_BIT(GIFR,7); break;
    1092:	8a b7       	in	r24, 0x3a	; 58
    1094:	88 1f       	adc	r24, r24
    1096:	88 27       	eor	r24, r24
    1098:	88 1f       	adc	r24, r24
    109a:	08 95       	ret
	case EXTI_INDEX2: returnFlag = GET_BIT(GIFR,5); break;
    109c:	8a b7       	in	r24, 0x3a	; 58
    109e:	90 e0       	ldi	r25, 0x00	; 0
    10a0:	80 72       	andi	r24, 0x20	; 32
    10a2:	90 70       	andi	r25, 0x00	; 0
    10a4:	25 e0       	ldi	r18, 0x05	; 5
    10a6:	95 95       	asr	r25
    10a8:	87 95       	ror	r24
    10aa:	2a 95       	dec	r18
    10ac:	e1 f7       	brne	.-8      	; 0x10a6 <EXTI_GetFlag+0x36>
	default: 		  break;
	}
	return returnFlag;
}
    10ae:	08 95       	ret

000010b0 <EXTI_ClearFlag>:

void EXTI_ClearFlag(u8 exti_index)
{
	switch(exti_index)
    10b0:	81 30       	cpi	r24, 0x01	; 1
    10b2:	41 f0       	breq	.+16     	; 0x10c4 <EXTI_ClearFlag+0x14>
    10b4:	81 30       	cpi	r24, 0x01	; 1
    10b6:	18 f0       	brcs	.+6      	; 0x10be <EXTI_ClearFlag+0xe>
    10b8:	82 30       	cpi	r24, 0x02	; 2
    10ba:	59 f4       	brne	.+22     	; 0x10d2 <EXTI_ClearFlag+0x22>
    10bc:	07 c0       	rjmp	.+14     	; 0x10cc <EXTI_ClearFlag+0x1c>
	{
	case EXTI_INDEX0: CLR_BIT(GIFR,6); break;
    10be:	8a b7       	in	r24, 0x3a	; 58
    10c0:	8f 7b       	andi	r24, 0xBF	; 191
    10c2:	02 c0       	rjmp	.+4      	; 0x10c8 <EXTI_ClearFlag+0x18>
	case EXTI_INDEX1: CLR_BIT(GIFR,7); break;
    10c4:	8a b7       	in	r24, 0x3a	; 58
    10c6:	8f 77       	andi	r24, 0x7F	; 127
    10c8:	8a bf       	out	0x3a, r24	; 58
    10ca:	08 95       	ret
	case EXTI_INDEX2: CLR_BIT(GIFR,5); break;
    10cc:	8a b7       	in	r24, 0x3a	; 58
    10ce:	8f 7d       	andi	r24, 0xDF	; 223
    10d0:	8a bf       	out	0x3a, r24	; 58
    10d2:	08 95       	ret

000010d4 <EXTI_SetCallBack>:
}


void EXTI_SetCallBack(u8 exti_index, void (*pf)(void))
{
	if(0 != pf)
    10d4:	61 15       	cp	r22, r1
    10d6:	71 05       	cpc	r23, r1
    10d8:	41 f0       	breq	.+16     	; 0x10ea <EXTI_SetCallBack+0x16>
		EXTI_pf[exti_index] = pf;
    10da:	e8 2f       	mov	r30, r24
    10dc:	f0 e0       	ldi	r31, 0x00	; 0
    10de:	ee 0f       	add	r30, r30
    10e0:	ff 1f       	adc	r31, r31
    10e2:	ee 56       	subi	r30, 0x6E	; 110
    10e4:	fd 4f       	sbci	r31, 0xFD	; 253
    10e6:	71 83       	std	Z+1, r23	; 0x01
    10e8:	60 83       	st	Z, r22
    10ea:	08 95       	ret

000010ec <__vector_1>:
}

/* ISR of EXTI0 */
void __vector_1(void) __attribute__((signal));
void __vector_1(void)
{
    10ec:	1f 92       	push	r1
    10ee:	0f 92       	push	r0
    10f0:	0f b6       	in	r0, 0x3f	; 63
    10f2:	0f 92       	push	r0
    10f4:	11 24       	eor	r1, r1
    10f6:	2f 93       	push	r18
    10f8:	3f 93       	push	r19
    10fa:	4f 93       	push	r20
    10fc:	5f 93       	push	r21
    10fe:	6f 93       	push	r22
    1100:	7f 93       	push	r23
    1102:	8f 93       	push	r24
    1104:	9f 93       	push	r25
    1106:	af 93       	push	r26
    1108:	bf 93       	push	r27
    110a:	ef 93       	push	r30
    110c:	ff 93       	push	r31
	EXTI_pf[0]();
    110e:	e0 91 92 02 	lds	r30, 0x0292
    1112:	f0 91 93 02 	lds	r31, 0x0293
    1116:	09 95       	icall
}
    1118:	ff 91       	pop	r31
    111a:	ef 91       	pop	r30
    111c:	bf 91       	pop	r27
    111e:	af 91       	pop	r26
    1120:	9f 91       	pop	r25
    1122:	8f 91       	pop	r24
    1124:	7f 91       	pop	r23
    1126:	6f 91       	pop	r22
    1128:	5f 91       	pop	r21
    112a:	4f 91       	pop	r20
    112c:	3f 91       	pop	r19
    112e:	2f 91       	pop	r18
    1130:	0f 90       	pop	r0
    1132:	0f be       	out	0x3f, r0	; 63
    1134:	0f 90       	pop	r0
    1136:	1f 90       	pop	r1
    1138:	18 95       	reti

0000113a <__vector_2>:

/* ISR of EXTI1 */
void __vector_2(void) __attribute__((signal));

void __vector_2(void)
{
    113a:	1f 92       	push	r1
    113c:	0f 92       	push	r0
    113e:	0f b6       	in	r0, 0x3f	; 63
    1140:	0f 92       	push	r0
    1142:	11 24       	eor	r1, r1
    1144:	2f 93       	push	r18
    1146:	3f 93       	push	r19
    1148:	4f 93       	push	r20
    114a:	5f 93       	push	r21
    114c:	6f 93       	push	r22
    114e:	7f 93       	push	r23
    1150:	8f 93       	push	r24
    1152:	9f 93       	push	r25
    1154:	af 93       	push	r26
    1156:	bf 93       	push	r27
    1158:	ef 93       	push	r30
    115a:	ff 93       	push	r31
	EXTI_pf[1]();
    115c:	e0 91 94 02 	lds	r30, 0x0294
    1160:	f0 91 95 02 	lds	r31, 0x0295
    1164:	09 95       	icall
}
    1166:	ff 91       	pop	r31
    1168:	ef 91       	pop	r30
    116a:	bf 91       	pop	r27
    116c:	af 91       	pop	r26
    116e:	9f 91       	pop	r25
    1170:	8f 91       	pop	r24
    1172:	7f 91       	pop	r23
    1174:	6f 91       	pop	r22
    1176:	5f 91       	pop	r21
    1178:	4f 91       	pop	r20
    117a:	3f 91       	pop	r19
    117c:	2f 91       	pop	r18
    117e:	0f 90       	pop	r0
    1180:	0f be       	out	0x3f, r0	; 63
    1182:	0f 90       	pop	r0
    1184:	1f 90       	pop	r1
    1186:	18 95       	reti

00001188 <__vector_3>:

/* ISR of EXTI2 */
void __vector_3(void) __attribute__((signal));

void __vector_3(void)
{
    1188:	1f 92       	push	r1
    118a:	0f 92       	push	r0
    118c:	0f b6       	in	r0, 0x3f	; 63
    118e:	0f 92       	push	r0
    1190:	11 24       	eor	r1, r1
    1192:	2f 93       	push	r18
    1194:	3f 93       	push	r19
    1196:	4f 93       	push	r20
    1198:	5f 93       	push	r21
    119a:	6f 93       	push	r22
    119c:	7f 93       	push	r23
    119e:	8f 93       	push	r24
    11a0:	9f 93       	push	r25
    11a2:	af 93       	push	r26
    11a4:	bf 93       	push	r27
    11a6:	ef 93       	push	r30
    11a8:	ff 93       	push	r31
	EXTI_pf[2]();
    11aa:	e0 91 96 02 	lds	r30, 0x0296
    11ae:	f0 91 97 02 	lds	r31, 0x0297
    11b2:	09 95       	icall
}
    11b4:	ff 91       	pop	r31
    11b6:	ef 91       	pop	r30
    11b8:	bf 91       	pop	r27
    11ba:	af 91       	pop	r26
    11bc:	9f 91       	pop	r25
    11be:	8f 91       	pop	r24
    11c0:	7f 91       	pop	r23
    11c2:	6f 91       	pop	r22
    11c4:	5f 91       	pop	r21
    11c6:	4f 91       	pop	r20
    11c8:	3f 91       	pop	r19
    11ca:	2f 91       	pop	r18
    11cc:	0f 90       	pop	r0
    11ce:	0f be       	out	0x3f, r0	; 63
    11d0:	0f 90       	pop	r0
    11d2:	1f 90       	pop	r1
    11d4:	18 95       	reti

000011d6 <EEPROM_voidWriteByte>:
#include "EEPROM_Interface.h"

void EEPROM_voidWriteByte(u16 Copy_u16Address, u8 Copy_u8Data)
{
    /* 1. «·«‰ Ÿ«— Õ Ï  ‰ ÂÌ √Ì ⁄„·Ì… ﬂ «»… ”«»ﬁ… (EEWE Ì’»Õ 0) */
    while (GET_BIT(EECR_REG, EEWE) == 1);
    11d6:	e1 99       	sbic	0x1c, 1	; 28
    11d8:	fe cf       	rjmp	.-4      	; 0x11d6 <EEPROM_voidWriteByte>

    /* 2. Ê÷⁄ «·⁄‰Ê«‰ ›Ì —ÌÃ” —«  «·⁄‰«ÊÌ‰ (High Ê Low) */
    EEARH_REG = (u8)(Copy_u16Address >> 8);
    11da:	9f bb       	out	0x1f, r25	; 31
    EEARL_REG = (u8)Copy_u16Address;
    11dc:	8e bb       	out	0x1e, r24	; 30

    /* 3. Ê÷⁄ «·»Ì«‰«  ›Ì —ÌÃ” — «·»Ì«‰«  */
    EEDR_REG = Copy_u8Data;
    11de:	6d bb       	out	0x1d, r22	; 29

    /* 4.  ›⁄Ì· Master Write Enable */
    SET_BIT(EECR_REG, EEMWE);
    11e0:	e2 9a       	sbi	0x1c, 2	; 28

    /* 5.  ›⁄Ì· Write Enable ·»œ¡ «·ﬂ «»… (ÌÃ» √‰ Ì „ Œ·«· 4 Clock Cycles) */
    SET_BIT(EECR_REG, EEWE);
    11e2:	e1 9a       	sbi	0x1c, 1	; 28
}
    11e4:	08 95       	ret

000011e6 <EEPROM_u8ReadByte>:

u8 EEPROM_u8ReadByte(u16 Copy_u16Address)
{
    /* 1. «·«‰ Ÿ«— Õ Ï  ‰ ÂÌ √Ì ⁄„·Ì… ﬂ «»… ”«»ﬁ… */
    while (GET_BIT(EECR_REG, EEWE) == 1);
    11e6:	e1 99       	sbic	0x1c, 1	; 28
    11e8:	fe cf       	rjmp	.-4      	; 0x11e6 <EEPROM_u8ReadByte>

    /* 2. Ê÷⁄ «·⁄‰Ê«‰ «·„ÿ·Ê» ﬁ—«¡ Â */
    EEARH_REG = (u8)(Copy_u16Address >> 8);
    11ea:	9f bb       	out	0x1f, r25	; 31
    EEARL_REG = (u8)Copy_u16Address;
    11ec:	8e bb       	out	0x1e, r24	; 30

    /* 3.  ›⁄Ì· Read Enable ·»œ¡ «·ﬁ—«¡… */
    SET_BIT(EECR_REG, EERE);
    11ee:	e0 9a       	sbi	0x1c, 0	; 28

    /* 4. ≈—Ã«⁄ «·»Ì«‰«  „‰ —ÌÃ” — «·»Ì«‰«  */
    return EEDR_REG;
    11f0:	8d b3       	in	r24, 0x1d	; 29
}
    11f2:	08 95       	ret

000011f4 <DIO_Set_Pin_Direction>:
void DIO_Set_Pin_Direction (u8 port , u8 pin , u8 direction)
{
	//Direction :
	//			output ->1
	//			input ->0
	if(direction == DIO_PIN_OUTPUT)
    11f4:	41 30       	cpi	r20, 0x01	; 1
    11f6:	b1 f5       	brne	.+108    	; 0x1264 <DIO_Set_Pin_Direction+0x70>
	{
		//set
		switch(port)
    11f8:	81 30       	cpi	r24, 0x01	; 1
    11fa:	99 f0       	breq	.+38     	; 0x1222 <DIO_Set_Pin_Direction+0x2e>
    11fc:	81 30       	cpi	r24, 0x01	; 1
    11fe:	30 f0       	brcs	.+12     	; 0x120c <DIO_Set_Pin_Direction+0x18>
    1200:	82 30       	cpi	r24, 0x02	; 2
    1202:	d1 f0       	breq	.+52     	; 0x1238 <DIO_Set_Pin_Direction+0x44>
    1204:	83 30       	cpi	r24, 0x03	; 3
    1206:	09 f0       	breq	.+2      	; 0x120a <DIO_Set_Pin_Direction+0x16>
    1208:	67 c0       	rjmp	.+206    	; 0x12d8 <DIO_Set_Pin_Direction+0xe4>
    120a:	21 c0       	rjmp	.+66     	; 0x124e <DIO_Set_Pin_Direction+0x5a>
		{
			case DIO_PORTA : SET_BIT(DDRA_Register,pin);break;
    120c:	2a b3       	in	r18, 0x1a	; 26
    120e:	81 e0       	ldi	r24, 0x01	; 1
    1210:	90 e0       	ldi	r25, 0x00	; 0
    1212:	02 c0       	rjmp	.+4      	; 0x1218 <DIO_Set_Pin_Direction+0x24>
    1214:	88 0f       	add	r24, r24
    1216:	99 1f       	adc	r25, r25
    1218:	6a 95       	dec	r22
    121a:	e2 f7       	brpl	.-8      	; 0x1214 <DIO_Set_Pin_Direction+0x20>
    121c:	28 2b       	or	r18, r24
    121e:	2a bb       	out	0x1a, r18	; 26
    1220:	08 95       	ret
			case DIO_PORTB : SET_BIT(DDRB_Register,pin);break;
    1222:	27 b3       	in	r18, 0x17	; 23
    1224:	81 e0       	ldi	r24, 0x01	; 1
    1226:	90 e0       	ldi	r25, 0x00	; 0
    1228:	02 c0       	rjmp	.+4      	; 0x122e <DIO_Set_Pin_Direction+0x3a>
    122a:	88 0f       	add	r24, r24
    122c:	99 1f       	adc	r25, r25
    122e:	6a 95       	dec	r22
    1230:	e2 f7       	brpl	.-8      	; 0x122a <DIO_Set_Pin_Direction+0x36>
    1232:	28 2b       	or	r18, r24
    1234:	27 bb       	out	0x17, r18	; 23
    1236:	08 95       	ret
			case DIO_PORTC : SET_BIT(DDRC_Register,pin);break;
    1238:	24 b3       	in	r18, 0x14	; 20
    123a:	81 e0       	ldi	r24, 0x01	; 1
    123c:	90 e0       	ldi	r25, 0x00	; 0
    123e:	02 c0       	rjmp	.+4      	; 0x1244 <DIO_Set_Pin_Direction+0x50>
    1240:	88 0f       	add	r24, r24
    1242:	99 1f       	adc	r25, r25
    1244:	6a 95       	dec	r22
    1246:	e2 f7       	brpl	.-8      	; 0x1240 <DIO_Set_Pin_Direction+0x4c>
    1248:	28 2b       	or	r18, r24
    124a:	24 bb       	out	0x14, r18	; 20
    124c:	08 95       	ret
			case DIO_PORTD : SET_BIT(DDRD_Register,pin);break;
    124e:	21 b3       	in	r18, 0x11	; 17
    1250:	81 e0       	ldi	r24, 0x01	; 1
    1252:	90 e0       	ldi	r25, 0x00	; 0
    1254:	02 c0       	rjmp	.+4      	; 0x125a <DIO_Set_Pin_Direction+0x66>
    1256:	88 0f       	add	r24, r24
    1258:	99 1f       	adc	r25, r25
    125a:	6a 95       	dec	r22
    125c:	e2 f7       	brpl	.-8      	; 0x1256 <DIO_Set_Pin_Direction+0x62>
    125e:	28 2b       	or	r18, r24
    1260:	21 bb       	out	0x11, r18	; 17
    1262:	08 95       	ret
		}
	}

	else if (direction == DIO_PIN_INPUT)
    1264:	44 23       	and	r20, r20
    1266:	c1 f5       	brne	.+112    	; 0x12d8 <DIO_Set_Pin_Direction+0xe4>
		{
				// Clear for DDRA, DDRB, DDRC, DDRD
			switch (port)
    1268:	81 30       	cpi	r24, 0x01	; 1
    126a:	99 f0       	breq	.+38     	; 0x1292 <DIO_Set_Pin_Direction+0x9e>
    126c:	81 30       	cpi	r24, 0x01	; 1
    126e:	28 f0       	brcs	.+10     	; 0x127a <DIO_Set_Pin_Direction+0x86>
    1270:	82 30       	cpi	r24, 0x02	; 2
    1272:	d9 f0       	breq	.+54     	; 0x12aa <DIO_Set_Pin_Direction+0xb6>
    1274:	83 30       	cpi	r24, 0x03	; 3
    1276:	81 f5       	brne	.+96     	; 0x12d8 <DIO_Set_Pin_Direction+0xe4>
    1278:	24 c0       	rjmp	.+72     	; 0x12c2 <DIO_Set_Pin_Direction+0xce>
			{
				case DIO_PORTA: CLR_BIT(DDRA_Register, pin); break;
    127a:	2a b3       	in	r18, 0x1a	; 26
    127c:	81 e0       	ldi	r24, 0x01	; 1
    127e:	90 e0       	ldi	r25, 0x00	; 0
    1280:	02 c0       	rjmp	.+4      	; 0x1286 <DIO_Set_Pin_Direction+0x92>
    1282:	88 0f       	add	r24, r24
    1284:	99 1f       	adc	r25, r25
    1286:	6a 95       	dec	r22
    1288:	e2 f7       	brpl	.-8      	; 0x1282 <DIO_Set_Pin_Direction+0x8e>
    128a:	80 95       	com	r24
    128c:	82 23       	and	r24, r18
    128e:	8a bb       	out	0x1a, r24	; 26
    1290:	08 95       	ret
				case DIO_PORTB: CLR_BIT(DDRB_Register, pin); break;
    1292:	27 b3       	in	r18, 0x17	; 23
    1294:	81 e0       	ldi	r24, 0x01	; 1
    1296:	90 e0       	ldi	r25, 0x00	; 0
    1298:	02 c0       	rjmp	.+4      	; 0x129e <DIO_Set_Pin_Direction+0xaa>
    129a:	88 0f       	add	r24, r24
    129c:	99 1f       	adc	r25, r25
    129e:	6a 95       	dec	r22
    12a0:	e2 f7       	brpl	.-8      	; 0x129a <DIO_Set_Pin_Direction+0xa6>
    12a2:	80 95       	com	r24
    12a4:	82 23       	and	r24, r18
    12a6:	87 bb       	out	0x17, r24	; 23
    12a8:	08 95       	ret
				case DIO_PORTC: CLR_BIT(DDRC_Register, pin); break;
    12aa:	24 b3       	in	r18, 0x14	; 20
    12ac:	81 e0       	ldi	r24, 0x01	; 1
    12ae:	90 e0       	ldi	r25, 0x00	; 0
    12b0:	02 c0       	rjmp	.+4      	; 0x12b6 <DIO_Set_Pin_Direction+0xc2>
    12b2:	88 0f       	add	r24, r24
    12b4:	99 1f       	adc	r25, r25
    12b6:	6a 95       	dec	r22
    12b8:	e2 f7       	brpl	.-8      	; 0x12b2 <DIO_Set_Pin_Direction+0xbe>
    12ba:	80 95       	com	r24
    12bc:	82 23       	and	r24, r18
    12be:	84 bb       	out	0x14, r24	; 20
    12c0:	08 95       	ret
				case DIO_PORTD: CLR_BIT(DDRD_Register, pin); break;
    12c2:	21 b3       	in	r18, 0x11	; 17
    12c4:	81 e0       	ldi	r24, 0x01	; 1
    12c6:	90 e0       	ldi	r25, 0x00	; 0
    12c8:	02 c0       	rjmp	.+4      	; 0x12ce <DIO_Set_Pin_Direction+0xda>
    12ca:	88 0f       	add	r24, r24
    12cc:	99 1f       	adc	r25, r25
    12ce:	6a 95       	dec	r22
    12d0:	e2 f7       	brpl	.-8      	; 0x12ca <DIO_Set_Pin_Direction+0xd6>
    12d2:	80 95       	com	r24
    12d4:	82 23       	and	r24, r18
    12d6:	81 bb       	out	0x11, r24	; 17
    12d8:	08 95       	ret

000012da <DIO_Set_Port_Direction>:
{
	//Direction :
	//			output ->1
	//			input ->0
	//set
	switch(port)
    12da:	81 30       	cpi	r24, 0x01	; 1
    12dc:	49 f0       	breq	.+18     	; 0x12f0 <DIO_Set_Port_Direction+0x16>
    12de:	81 30       	cpi	r24, 0x01	; 1
    12e0:	28 f0       	brcs	.+10     	; 0x12ec <DIO_Set_Port_Direction+0x12>
    12e2:	82 30       	cpi	r24, 0x02	; 2
    12e4:	39 f0       	breq	.+14     	; 0x12f4 <DIO_Set_Port_Direction+0x1a>
    12e6:	83 30       	cpi	r24, 0x03	; 3
    12e8:	41 f4       	brne	.+16     	; 0x12fa <DIO_Set_Port_Direction+0x20>
    12ea:	06 c0       	rjmp	.+12     	; 0x12f8 <DIO_Set_Port_Direction+0x1e>
	{
		case DIO_PORTA : DDRA_Register = direction;break;
    12ec:	6a bb       	out	0x1a, r22	; 26
    12ee:	08 95       	ret
		case DIO_PORTB : DDRB_Register = direction;break;
    12f0:	67 bb       	out	0x17, r22	; 23
    12f2:	08 95       	ret
		case DIO_PORTC : DDRC_Register = direction;break;
    12f4:	64 bb       	out	0x14, r22	; 20
    12f6:	08 95       	ret
		case DIO_PORTD : DDRD_Register = direction;break;
    12f8:	61 bb       	out	0x11, r22	; 17
    12fa:	08 95       	ret

000012fc <DIO_Set_Port_Value>:

void DIO_Set_Port_Value (u8 port, u8 value)
{

	//set
	switch(port)
    12fc:	81 30       	cpi	r24, 0x01	; 1
    12fe:	49 f0       	breq	.+18     	; 0x1312 <DIO_Set_Port_Value+0x16>
    1300:	81 30       	cpi	r24, 0x01	; 1
    1302:	28 f0       	brcs	.+10     	; 0x130e <DIO_Set_Port_Value+0x12>
    1304:	82 30       	cpi	r24, 0x02	; 2
    1306:	39 f0       	breq	.+14     	; 0x1316 <DIO_Set_Port_Value+0x1a>
    1308:	83 30       	cpi	r24, 0x03	; 3
    130a:	41 f4       	brne	.+16     	; 0x131c <DIO_Set_Port_Value+0x20>
    130c:	06 c0       	rjmp	.+12     	; 0x131a <DIO_Set_Port_Value+0x1e>
	{
		case DIO_PORTA : PORTA_Register = value;break;
    130e:	6b bb       	out	0x1b, r22	; 27
    1310:	08 95       	ret
		case DIO_PORTB : PORTB_Register = value;break;
    1312:	68 bb       	out	0x18, r22	; 24
    1314:	08 95       	ret
		case DIO_PORTC : PORTC_Register = value;break;
    1316:	65 bb       	out	0x15, r22	; 21
    1318:	08 95       	ret
		case DIO_PORTD : PORTD_Register = value;break;
    131a:	62 bb       	out	0x12, r22	; 18
    131c:	08 95       	ret

0000131e <DIO_Set_Pin_Value>:
void DIO_Set_Pin_Value (u8 port , u8 pin , u8 value)
{
		//value :
		//			high ->1
		//			low ->0
	if(value == DIO_PIN_HIGH)
    131e:	41 30       	cpi	r20, 0x01	; 1
    1320:	b1 f5       	brne	.+108    	; 0x138e <DIO_Set_Pin_Value+0x70>
	{
		switch(port)
    1322:	81 30       	cpi	r24, 0x01	; 1
    1324:	99 f0       	breq	.+38     	; 0x134c <DIO_Set_Pin_Value+0x2e>
    1326:	81 30       	cpi	r24, 0x01	; 1
    1328:	30 f0       	brcs	.+12     	; 0x1336 <DIO_Set_Pin_Value+0x18>
    132a:	82 30       	cpi	r24, 0x02	; 2
    132c:	d1 f0       	breq	.+52     	; 0x1362 <DIO_Set_Pin_Value+0x44>
    132e:	83 30       	cpi	r24, 0x03	; 3
    1330:	09 f0       	breq	.+2      	; 0x1334 <DIO_Set_Pin_Value+0x16>
    1332:	67 c0       	rjmp	.+206    	; 0x1402 <DIO_Set_Pin_Value+0xe4>
    1334:	21 c0       	rjmp	.+66     	; 0x1378 <DIO_Set_Pin_Value+0x5a>
		{
			case DIO_PORTA : SET_BIT(PORTA_Register,pin);break;
    1336:	2b b3       	in	r18, 0x1b	; 27
    1338:	81 e0       	ldi	r24, 0x01	; 1
    133a:	90 e0       	ldi	r25, 0x00	; 0
    133c:	02 c0       	rjmp	.+4      	; 0x1342 <DIO_Set_Pin_Value+0x24>
    133e:	88 0f       	add	r24, r24
    1340:	99 1f       	adc	r25, r25
    1342:	6a 95       	dec	r22
    1344:	e2 f7       	brpl	.-8      	; 0x133e <DIO_Set_Pin_Value+0x20>
    1346:	28 2b       	or	r18, r24
    1348:	2b bb       	out	0x1b, r18	; 27
    134a:	08 95       	ret
			case DIO_PORTB : SET_BIT(PORTB_Register,pin);break;
    134c:	28 b3       	in	r18, 0x18	; 24
    134e:	81 e0       	ldi	r24, 0x01	; 1
    1350:	90 e0       	ldi	r25, 0x00	; 0
    1352:	02 c0       	rjmp	.+4      	; 0x1358 <DIO_Set_Pin_Value+0x3a>
    1354:	88 0f       	add	r24, r24
    1356:	99 1f       	adc	r25, r25
    1358:	6a 95       	dec	r22
    135a:	e2 f7       	brpl	.-8      	; 0x1354 <DIO_Set_Pin_Value+0x36>
    135c:	28 2b       	or	r18, r24
    135e:	28 bb       	out	0x18, r18	; 24
    1360:	08 95       	ret
			case DIO_PORTC : SET_BIT(PORTC_Register,pin);break;
    1362:	25 b3       	in	r18, 0x15	; 21
    1364:	81 e0       	ldi	r24, 0x01	; 1
    1366:	90 e0       	ldi	r25, 0x00	; 0
    1368:	02 c0       	rjmp	.+4      	; 0x136e <DIO_Set_Pin_Value+0x50>
    136a:	88 0f       	add	r24, r24
    136c:	99 1f       	adc	r25, r25
    136e:	6a 95       	dec	r22
    1370:	e2 f7       	brpl	.-8      	; 0x136a <DIO_Set_Pin_Value+0x4c>
    1372:	28 2b       	or	r18, r24
    1374:	25 bb       	out	0x15, r18	; 21
    1376:	08 95       	ret
			case DIO_PORTD : SET_BIT(PORTD_Register,pin);break;
    1378:	22 b3       	in	r18, 0x12	; 18
    137a:	81 e0       	ldi	r24, 0x01	; 1
    137c:	90 e0       	ldi	r25, 0x00	; 0
    137e:	02 c0       	rjmp	.+4      	; 0x1384 <DIO_Set_Pin_Value+0x66>
    1380:	88 0f       	add	r24, r24
    1382:	99 1f       	adc	r25, r25
    1384:	6a 95       	dec	r22
    1386:	e2 f7       	brpl	.-8      	; 0x1380 <DIO_Set_Pin_Value+0x62>
    1388:	28 2b       	or	r18, r24
    138a:	22 bb       	out	0x12, r18	; 18
    138c:	08 95       	ret
		}
	}

	else if (value == DIO_PIN_LOW)
    138e:	44 23       	and	r20, r20
    1390:	c1 f5       	brne	.+112    	; 0x1402 <DIO_Set_Pin_Value+0xe4>
		{
			switch (port)
    1392:	81 30       	cpi	r24, 0x01	; 1
    1394:	99 f0       	breq	.+38     	; 0x13bc <DIO_Set_Pin_Value+0x9e>
    1396:	81 30       	cpi	r24, 0x01	; 1
    1398:	28 f0       	brcs	.+10     	; 0x13a4 <DIO_Set_Pin_Value+0x86>
    139a:	82 30       	cpi	r24, 0x02	; 2
    139c:	d9 f0       	breq	.+54     	; 0x13d4 <DIO_Set_Pin_Value+0xb6>
    139e:	83 30       	cpi	r24, 0x03	; 3
    13a0:	81 f5       	brne	.+96     	; 0x1402 <DIO_Set_Pin_Value+0xe4>
    13a2:	24 c0       	rjmp	.+72     	; 0x13ec <DIO_Set_Pin_Value+0xce>
			{
				case DIO_PORTA: CLR_BIT(PORTA_Register, pin); break;
    13a4:	2b b3       	in	r18, 0x1b	; 27
    13a6:	81 e0       	ldi	r24, 0x01	; 1
    13a8:	90 e0       	ldi	r25, 0x00	; 0
    13aa:	02 c0       	rjmp	.+4      	; 0x13b0 <DIO_Set_Pin_Value+0x92>
    13ac:	88 0f       	add	r24, r24
    13ae:	99 1f       	adc	r25, r25
    13b0:	6a 95       	dec	r22
    13b2:	e2 f7       	brpl	.-8      	; 0x13ac <DIO_Set_Pin_Value+0x8e>
    13b4:	80 95       	com	r24
    13b6:	82 23       	and	r24, r18
    13b8:	8b bb       	out	0x1b, r24	; 27
    13ba:	08 95       	ret
				case DIO_PORTB: CLR_BIT(PORTB_Register, pin); break;
    13bc:	28 b3       	in	r18, 0x18	; 24
    13be:	81 e0       	ldi	r24, 0x01	; 1
    13c0:	90 e0       	ldi	r25, 0x00	; 0
    13c2:	02 c0       	rjmp	.+4      	; 0x13c8 <DIO_Set_Pin_Value+0xaa>
    13c4:	88 0f       	add	r24, r24
    13c6:	99 1f       	adc	r25, r25
    13c8:	6a 95       	dec	r22
    13ca:	e2 f7       	brpl	.-8      	; 0x13c4 <DIO_Set_Pin_Value+0xa6>
    13cc:	80 95       	com	r24
    13ce:	82 23       	and	r24, r18
    13d0:	88 bb       	out	0x18, r24	; 24
    13d2:	08 95       	ret
				case DIO_PORTC: CLR_BIT(PORTC_Register, pin); break;
    13d4:	25 b3       	in	r18, 0x15	; 21
    13d6:	81 e0       	ldi	r24, 0x01	; 1
    13d8:	90 e0       	ldi	r25, 0x00	; 0
    13da:	02 c0       	rjmp	.+4      	; 0x13e0 <DIO_Set_Pin_Value+0xc2>
    13dc:	88 0f       	add	r24, r24
    13de:	99 1f       	adc	r25, r25
    13e0:	6a 95       	dec	r22
    13e2:	e2 f7       	brpl	.-8      	; 0x13dc <DIO_Set_Pin_Value+0xbe>
    13e4:	80 95       	com	r24
    13e6:	82 23       	and	r24, r18
    13e8:	85 bb       	out	0x15, r24	; 21
    13ea:	08 95       	ret
				case DIO_PORTD: CLR_BIT(PORTD_Register, pin); break;
    13ec:	22 b3       	in	r18, 0x12	; 18
    13ee:	81 e0       	ldi	r24, 0x01	; 1
    13f0:	90 e0       	ldi	r25, 0x00	; 0
    13f2:	02 c0       	rjmp	.+4      	; 0x13f8 <DIO_Set_Pin_Value+0xda>
    13f4:	88 0f       	add	r24, r24
    13f6:	99 1f       	adc	r25, r25
    13f8:	6a 95       	dec	r22
    13fa:	e2 f7       	brpl	.-8      	; 0x13f4 <DIO_Set_Pin_Value+0xd6>
    13fc:	80 95       	com	r24
    13fe:	82 23       	and	r24, r18
    1400:	82 bb       	out	0x12, r24	; 18
    1402:	08 95       	ret

00001404 <DIO_Get_Pin_Value>:

u8 DIO_Get_Pin_Value(u8 port , u8 pin)
{
	u8 result = 0;

	switch (port)
    1404:	81 30       	cpi	r24, 0x01	; 1
    1406:	51 f0       	breq	.+20     	; 0x141c <DIO_Get_Pin_Value+0x18>
    1408:	81 30       	cpi	r24, 0x01	; 1
    140a:	30 f0       	brcs	.+12     	; 0x1418 <DIO_Get_Pin_Value+0x14>
    140c:	82 30       	cpi	r24, 0x02	; 2
    140e:	41 f0       	breq	.+16     	; 0x1420 <DIO_Get_Pin_Value+0x1c>
    1410:	83 30       	cpi	r24, 0x03	; 3
    1412:	c1 f0       	breq	.+48     	; 0x1444 <DIO_Get_Pin_Value+0x40>
    1414:	80 e0       	ldi	r24, 0x00	; 0
    1416:	08 95       	ret
	{
		case DIO_PORTA: result = GET_BIT(PINA_Register, pin); break;
    1418:	29 b3       	in	r18, 0x19	; 25
    141a:	03 c0       	rjmp	.+6      	; 0x1422 <DIO_Get_Pin_Value+0x1e>
		case DIO_PORTB: result = GET_BIT(PINB_Register, pin); break;
    141c:	26 b3       	in	r18, 0x16	; 22
    141e:	01 c0       	rjmp	.+2      	; 0x1422 <DIO_Get_Pin_Value+0x1e>
		case DIO_PORTC: result = GET_BIT(PINC_Register, pin); break;
    1420:	23 b3       	in	r18, 0x13	; 19
    1422:	81 e0       	ldi	r24, 0x01	; 1
    1424:	90 e0       	ldi	r25, 0x00	; 0
    1426:	06 2e       	mov	r0, r22
    1428:	02 c0       	rjmp	.+4      	; 0x142e <DIO_Get_Pin_Value+0x2a>
    142a:	88 0f       	add	r24, r24
    142c:	99 1f       	adc	r25, r25
    142e:	0a 94       	dec	r0
    1430:	e2 f7       	brpl	.-8      	; 0x142a <DIO_Get_Pin_Value+0x26>
    1432:	30 e0       	ldi	r19, 0x00	; 0
    1434:	82 23       	and	r24, r18
    1436:	93 23       	and	r25, r19
    1438:	02 c0       	rjmp	.+4      	; 0x143e <DIO_Get_Pin_Value+0x3a>
    143a:	95 95       	asr	r25
    143c:	87 95       	ror	r24
    143e:	6a 95       	dec	r22
    1440:	e2 f7       	brpl	.-8      	; 0x143a <DIO_Get_Pin_Value+0x36>
    1442:	08 95       	ret
		case DIO_PORTD: result = GET_BIT(PIND_Register, pin); break;
    1444:	20 b3       	in	r18, 0x10	; 16
    1446:	81 e0       	ldi	r24, 0x01	; 1
    1448:	90 e0       	ldi	r25, 0x00	; 0
    144a:	06 2e       	mov	r0, r22
    144c:	02 c0       	rjmp	.+4      	; 0x1452 <DIO_Get_Pin_Value+0x4e>
    144e:	88 0f       	add	r24, r24
    1450:	99 1f       	adc	r25, r25
    1452:	0a 94       	dec	r0
    1454:	e2 f7       	brpl	.-8      	; 0x144e <DIO_Get_Pin_Value+0x4a>
    1456:	30 e0       	ldi	r19, 0x00	; 0
    1458:	82 23       	and	r24, r18
    145a:	93 23       	and	r25, r19
    145c:	02 c0       	rjmp	.+4      	; 0x1462 <DIO_Get_Pin_Value+0x5e>
    145e:	95 95       	asr	r25
    1460:	87 95       	ror	r24
    1462:	6a 95       	dec	r22
    1464:	e2 f7       	brpl	.-8      	; 0x145e <DIO_Get_Pin_Value+0x5a>
	}

	return result;
}
    1466:	08 95       	ret

00001468 <DIO_Get_Port_Value>:

u16 DIO_Get_Port_Value(u8 port)
{
	u8 result = 1;

	switch (port)
    1468:	81 30       	cpi	r24, 0x01	; 1
    146a:	41 f1       	breq	.+80     	; 0x14bc <DIO_Get_Port_Value+0x54>
    146c:	81 30       	cpi	r24, 0x01	; 1
    146e:	40 f0       	brcs	.+16     	; 0x1480 <DIO_Get_Port_Value+0x18>
    1470:	82 30       	cpi	r24, 0x02	; 2
    1472:	09 f4       	brne	.+2      	; 0x1476 <DIO_Get_Port_Value+0xe>
    1474:	41 c0       	rjmp	.+130    	; 0x14f8 <DIO_Get_Port_Value+0x90>
    1476:	83 30       	cpi	r24, 0x03	; 3
    1478:	09 f4       	brne	.+2      	; 0x147c <DIO_Get_Port_Value+0x14>
    147a:	5c c0       	rjmp	.+184    	; 0x1534 <DIO_Get_Port_Value+0xcc>
    147c:	51 e0       	ldi	r21, 0x01	; 1
    147e:	77 c0       	rjmp	.+238    	; 0x156e <DIO_Get_Port_Value+0x106>
    1480:	51 e0       	ldi	r21, 0x01	; 1
    1482:	60 e0       	ldi	r22, 0x00	; 0
    1484:	70 e0       	ldi	r23, 0x00	; 0
	{
		case DIO_PORTA:
		{
			for(u8 i=0;i<=7;i++)
			{
				result = (result*2 + (GET_BIT(PINA_Register, i)));
    1486:	e1 e0       	ldi	r30, 0x01	; 1
    1488:	f0 e0       	ldi	r31, 0x00	; 0
    148a:	55 0f       	add	r21, r21
    148c:	89 b3       	in	r24, 0x19	; 25
    148e:	9f 01       	movw	r18, r30
    1490:	06 2e       	mov	r0, r22
    1492:	02 c0       	rjmp	.+4      	; 0x1498 <DIO_Get_Port_Value+0x30>
    1494:	22 0f       	add	r18, r18
    1496:	33 1f       	adc	r19, r19
    1498:	0a 94       	dec	r0
    149a:	e2 f7       	brpl	.-8      	; 0x1494 <DIO_Get_Port_Value+0x2c>
    149c:	90 e0       	ldi	r25, 0x00	; 0
    149e:	28 23       	and	r18, r24
    14a0:	39 23       	and	r19, r25
    14a2:	06 2e       	mov	r0, r22
    14a4:	02 c0       	rjmp	.+4      	; 0x14aa <DIO_Get_Port_Value+0x42>
    14a6:	35 95       	asr	r19
    14a8:	27 95       	ror	r18
    14aa:	0a 94       	dec	r0
    14ac:	e2 f7       	brpl	.-8      	; 0x14a6 <DIO_Get_Port_Value+0x3e>
    14ae:	52 0f       	add	r21, r18
    14b0:	6f 5f       	subi	r22, 0xFF	; 255
    14b2:	7f 4f       	sbci	r23, 0xFF	; 255

	switch (port)
	{
		case DIO_PORTA:
		{
			for(u8 i=0;i<=7;i++)
    14b4:	68 30       	cpi	r22, 0x08	; 8
    14b6:	71 05       	cpc	r23, r1
    14b8:	41 f7       	brne	.-48     	; 0x148a <DIO_Get_Port_Value+0x22>
    14ba:	59 c0       	rjmp	.+178    	; 0x156e <DIO_Get_Port_Value+0x106>
    14bc:	51 e0       	ldi	r21, 0x01	; 1
    14be:	60 e0       	ldi	r22, 0x00	; 0
    14c0:	70 e0       	ldi	r23, 0x00	; 0
		case DIO_PORTB:
		{
			for(u8 i=0;i<=7;i++)

			{
				result = (result*2 + (GET_BIT(PINB_Register, i)));
    14c2:	e1 e0       	ldi	r30, 0x01	; 1
    14c4:	f0 e0       	ldi	r31, 0x00	; 0
    14c6:	55 0f       	add	r21, r21
    14c8:	86 b3       	in	r24, 0x16	; 22
    14ca:	9f 01       	movw	r18, r30
    14cc:	06 2e       	mov	r0, r22
    14ce:	02 c0       	rjmp	.+4      	; 0x14d4 <DIO_Get_Port_Value+0x6c>
    14d0:	22 0f       	add	r18, r18
    14d2:	33 1f       	adc	r19, r19
    14d4:	0a 94       	dec	r0
    14d6:	e2 f7       	brpl	.-8      	; 0x14d0 <DIO_Get_Port_Value+0x68>
    14d8:	90 e0       	ldi	r25, 0x00	; 0
    14da:	28 23       	and	r18, r24
    14dc:	39 23       	and	r19, r25
    14de:	06 2e       	mov	r0, r22
    14e0:	02 c0       	rjmp	.+4      	; 0x14e6 <DIO_Get_Port_Value+0x7e>
    14e2:	35 95       	asr	r19
    14e4:	27 95       	ror	r18
    14e6:	0a 94       	dec	r0
    14e8:	e2 f7       	brpl	.-8      	; 0x14e2 <DIO_Get_Port_Value+0x7a>
    14ea:	52 0f       	add	r21, r18
    14ec:	6f 5f       	subi	r22, 0xFF	; 255
    14ee:	7f 4f       	sbci	r23, 0xFF	; 255
			}
			break;
		}
		case DIO_PORTB:
		{
			for(u8 i=0;i<=7;i++)
    14f0:	68 30       	cpi	r22, 0x08	; 8
    14f2:	71 05       	cpc	r23, r1
    14f4:	41 f7       	brne	.-48     	; 0x14c6 <DIO_Get_Port_Value+0x5e>
    14f6:	3b c0       	rjmp	.+118    	; 0x156e <DIO_Get_Port_Value+0x106>
    14f8:	51 e0       	ldi	r21, 0x01	; 1
    14fa:	60 e0       	ldi	r22, 0x00	; 0
    14fc:	70 e0       	ldi	r23, 0x00	; 0
		}
		case DIO_PORTC:
		{
			for(u8 i=0;i<=7;i++)
			{
				result = (result*2 + (GET_BIT(PINC_Register, i)));
    14fe:	e1 e0       	ldi	r30, 0x01	; 1
    1500:	f0 e0       	ldi	r31, 0x00	; 0
    1502:	55 0f       	add	r21, r21
    1504:	83 b3       	in	r24, 0x13	; 19
    1506:	9f 01       	movw	r18, r30
    1508:	06 2e       	mov	r0, r22
    150a:	02 c0       	rjmp	.+4      	; 0x1510 <DIO_Get_Port_Value+0xa8>
    150c:	22 0f       	add	r18, r18
    150e:	33 1f       	adc	r19, r19
    1510:	0a 94       	dec	r0
    1512:	e2 f7       	brpl	.-8      	; 0x150c <DIO_Get_Port_Value+0xa4>
    1514:	90 e0       	ldi	r25, 0x00	; 0
    1516:	28 23       	and	r18, r24
    1518:	39 23       	and	r19, r25
    151a:	06 2e       	mov	r0, r22
    151c:	02 c0       	rjmp	.+4      	; 0x1522 <DIO_Get_Port_Value+0xba>
    151e:	35 95       	asr	r19
    1520:	27 95       	ror	r18
    1522:	0a 94       	dec	r0
    1524:	e2 f7       	brpl	.-8      	; 0x151e <DIO_Get_Port_Value+0xb6>
    1526:	52 0f       	add	r21, r18
    1528:	6f 5f       	subi	r22, 0xFF	; 255
    152a:	7f 4f       	sbci	r23, 0xFF	; 255
			}
			break;
		}
		case DIO_PORTC:
		{
			for(u8 i=0;i<=7;i++)
    152c:	68 30       	cpi	r22, 0x08	; 8
    152e:	71 05       	cpc	r23, r1
    1530:	41 f7       	brne	.-48     	; 0x1502 <DIO_Get_Port_Value+0x9a>
    1532:	1d c0       	rjmp	.+58     	; 0x156e <DIO_Get_Port_Value+0x106>
    1534:	51 e0       	ldi	r21, 0x01	; 1
    1536:	60 e0       	ldi	r22, 0x00	; 0
    1538:	70 e0       	ldi	r23, 0x00	; 0
		}
		case DIO_PORTD:
		{
			for(u8 i=0;i<=7;i++)
			{
				result = (result*2 + (GET_BIT(PIND_Register, i)));
    153a:	e1 e0       	ldi	r30, 0x01	; 1
    153c:	f0 e0       	ldi	r31, 0x00	; 0
    153e:	55 0f       	add	r21, r21
    1540:	80 b3       	in	r24, 0x10	; 16
    1542:	9f 01       	movw	r18, r30
    1544:	06 2e       	mov	r0, r22
    1546:	02 c0       	rjmp	.+4      	; 0x154c <DIO_Get_Port_Value+0xe4>
    1548:	22 0f       	add	r18, r18
    154a:	33 1f       	adc	r19, r19
    154c:	0a 94       	dec	r0
    154e:	e2 f7       	brpl	.-8      	; 0x1548 <DIO_Get_Port_Value+0xe0>
    1550:	90 e0       	ldi	r25, 0x00	; 0
    1552:	28 23       	and	r18, r24
    1554:	39 23       	and	r19, r25
    1556:	06 2e       	mov	r0, r22
    1558:	02 c0       	rjmp	.+4      	; 0x155e <DIO_Get_Port_Value+0xf6>
    155a:	35 95       	asr	r19
    155c:	27 95       	ror	r18
    155e:	0a 94       	dec	r0
    1560:	e2 f7       	brpl	.-8      	; 0x155a <DIO_Get_Port_Value+0xf2>
    1562:	52 0f       	add	r21, r18
    1564:	6f 5f       	subi	r22, 0xFF	; 255
    1566:	7f 4f       	sbci	r23, 0xFF	; 255
			}
			break;
		}
		case DIO_PORTD:
		{
			for(u8 i=0;i<=7;i++)
    1568:	68 30       	cpi	r22, 0x08	; 8
    156a:	71 05       	cpc	r23, r1
    156c:	41 f7       	brne	.-48     	; 0x153e <DIO_Get_Port_Value+0xd6>
    156e:	25 2f       	mov	r18, r21
    1570:	30 e0       	ldi	r19, 0x00	; 0
    1572:	20 50       	subi	r18, 0x00	; 0
    1574:	31 40       	sbci	r19, 0x01	; 1
			break;
		}
	}

	return (result - 256);
}
    1576:	c9 01       	movw	r24, r18
    1578:	08 95       	ret

0000157a <ADC_init>:
#include "ADC_Interface.h"

void ADC_init(void)
{
    /* 1. «Œ Ì«— «·‹ Voltage Reference (AVCC) */
    SET_BIT(ADMUX_REG, ADMUX_REFS0);
    157a:	3e 9a       	sbi	0x07, 6	; 7
    CLR_BIT(ADMUX_REG, ADMUX_REFS1);
    157c:	3f 98       	cbi	0x07, 7	; 7

    /* 2. «Œ Ì«— «·‹ Right Adjust (⁄‘«‰ ‰ﬁ—√ «·‹ 10 »  ﬂ«„·Ì‰ ﬂ‹ u16) */
    CLR_BIT(ADMUX_REG, ADMUX_ADLAR);
    157e:	3d 98       	cbi	0x07, 5	; 7

    /* 3. «Œ Ì«— «·‹ Prescaler (ﬁ”„… ⁄·Ï 128) */
    SET_BIT(ADCSRA_REG, ADCSRA_ADPS2);
    1580:	32 9a       	sbi	0x06, 2	; 6
    SET_BIT(ADCSRA_REG, ADCSRA_ADPS1);
    1582:	31 9a       	sbi	0x06, 1	; 6
    SET_BIT(ADCSRA_REG, ADCSRA_ADPS0);
    1584:	30 9a       	sbi	0x06, 0	; 6

    /* 4.  ›⁄Ì· «·‹ ADC */
    SET_BIT(ADCSRA_REG, ADCSRA_ADEN);
    1586:	37 9a       	sbi	0x06, 7	; 6
}
    1588:	08 95       	ret

0000158a <ADC_Get_Digital_Value_Pulling>:

u16 ADC_Get_Digital_Value_Pulling(u8 ChannelNb)
{
    /* 1.  ’›Ì— √Ê· 5 »  ›Ì ADMUX (⁄‘«‰ ‰„”Õ √Ì ﬁ‰«… ﬂ«‰  „Œ «—… ﬁ»· ﬂœÂ) */
    ADMUX_REG &= 0b11100000;
    158a:	97 b1       	in	r25, 0x07	; 7
    158c:	90 7e       	andi	r25, 0xE0	; 224
    158e:	97 b9       	out	0x07, r25	; 7

    /* 2. Ê÷⁄ —ﬁ„ «·ﬁ‰«… «·ÃœÌœ… */
    ADMUX_REG |= (ChannelNb & 0b00011111);
    1590:	97 b1       	in	r25, 0x07	; 7
    1592:	8f 71       	andi	r24, 0x1F	; 31
    1594:	89 2b       	or	r24, r25
    1596:	87 b9       	out	0x07, r24	; 7

    /* 3. »œ¡ «· ÕÊÌ· (Start Conversion) */
    SET_BIT(ADCSRA_REG, ADCSRA_ADSC);
    1598:	36 9a       	sbi	0x06, 6	; 6

    /* 4. «·«‰ Ÿ«— Õ Ï Ì‰ ÂÌ «· ÕÊÌ· («·‹ Flag Ì»ﬁÏ 1) - Polling */
    while (GET_BIT(ADCSRA_REG, ADCSRA_ADIF) == 0);
    159a:	34 9b       	sbis	0x06, 4	; 6
    159c:	fe cf       	rjmp	.-4      	; 0x159a <ADC_Get_Digital_Value_Pulling+0x10>

    /* 5. „”Õ «·‹ Flag (»ﬂ «»… 1 ⁄·ÌÂ Õ”» «·œ« « ‘Ì ) */
    SET_BIT(ADCSRA_REG, ADCSRA_ADIF);
    159e:	34 9a       	sbi	0x06, 4	; 6

    /* 6. ≈—Ã«⁄ «·ﬁ—«¡… („‰ 0 ·‹ 1023) */
    return ADC_DATA_REG;
    15a0:	24 b1       	in	r18, 0x04	; 4
    15a2:	35 b1       	in	r19, 0x05	; 5
}
    15a4:	c9 01       	movw	r24, r18
    15a6:	08 95       	ret

000015a8 <sws_get_pressed>:
{
	return DIO_Get_Pin_Value(sw.port,sw.pin);
}

u16 sws_get_pressed(sw_t sw)
{
    15a8:	df 93       	push	r29
    15aa:	cf 93       	push	r28
    15ac:	00 d0       	rcall	.+0      	; 0x15ae <sws_get_pressed+0x6>
    15ae:	0f 92       	push	r0
    15b0:	cd b7       	in	r28, 0x3d	; 61
    15b2:	de b7       	in	r29, 0x3e	; 62
    15b4:	69 83       	std	Y+1, r22	; 0x01
    15b6:	7a 83       	std	Y+2, r23	; 0x02
    15b8:	8b 83       	std	Y+3, r24	; 0x03
	return DIO_Get_Port_Value(sw.port);
    15ba:	86 2f       	mov	r24, r22
    15bc:	0e 94 34 0a 	call	0x1468	; 0x1468 <DIO_Get_Port_Value>
}
    15c0:	0f 90       	pop	r0
    15c2:	0f 90       	pop	r0
    15c4:	0f 90       	pop	r0
    15c6:	cf 91       	pop	r28
    15c8:	df 91       	pop	r29
    15ca:	08 95       	ret

000015cc <sw_get_pressed>:
		DIO_Set_Port_Value(sw.port,DIO_PIN_LOW);
	}
}

u8 sw_get_pressed(sw_t sw)
{
    15cc:	df 93       	push	r29
    15ce:	cf 93       	push	r28
    15d0:	00 d0       	rcall	.+0      	; 0x15d2 <sw_get_pressed+0x6>
    15d2:	0f 92       	push	r0
    15d4:	cd b7       	in	r28, 0x3d	; 61
    15d6:	de b7       	in	r29, 0x3e	; 62
    15d8:	96 2f       	mov	r25, r22
    15da:	69 83       	std	Y+1, r22	; 0x01
    15dc:	67 2f       	mov	r22, r23
    15de:	7a 83       	std	Y+2, r23	; 0x02
    15e0:	8b 83       	std	Y+3, r24	; 0x03
	return DIO_Get_Pin_Value(sw.port,sw.pin);
    15e2:	89 2f       	mov	r24, r25
    15e4:	0e 94 02 0a 	call	0x1404	; 0x1404 <DIO_Get_Pin_Value>
}
    15e8:	0f 90       	pop	r0
    15ea:	0f 90       	pop	r0
    15ec:	0f 90       	pop	r0
    15ee:	cf 91       	pop	r28
    15f0:	df 91       	pop	r29
    15f2:	08 95       	ret

000015f4 <sws_init>:
		DIO_Set_Pin_Value(sw.port,sw.pin,DIO_PIN_LOW);
	}
}

void sws_init(sw_t sw)
{
    15f4:	0f 93       	push	r16
    15f6:	1f 93       	push	r17
    15f8:	df 93       	push	r29
    15fa:	cf 93       	push	r28
    15fc:	00 d0       	rcall	.+0      	; 0x15fe <sws_init+0xa>
    15fe:	0f 92       	push	r0
    1600:	cd b7       	in	r28, 0x3d	; 61
    1602:	de b7       	in	r29, 0x3e	; 62
    1604:	96 2f       	mov	r25, r22
    1606:	69 83       	std	Y+1, r22	; 0x01
    1608:	7a 83       	std	Y+2, r23	; 0x02
    160a:	8b 83       	std	Y+3, r24	; 0x03
    160c:	8c 01       	movw	r16, r24
	DIO_Set_Port_Direction(sw.port,DIO_PIN_INPUT);
    160e:	81 2f       	mov	r24, r17
    1610:	60 e0       	ldi	r22, 0x00	; 0
    1612:	0e 94 6d 09 	call	0x12da	; 0x12da <DIO_Set_Port_Direction>
	if(sw.type == sw_pull_up)
    1616:	01 30       	cpi	r16, 0x01	; 1
    1618:	19 f4       	brne	.+6      	; 0x1620 <sws_init+0x2c>
	{
		DIO_Set_Port_Value(sw.port,DIO_PIN_HIGH);
    161a:	81 2f       	mov	r24, r17
    161c:	61 e0       	ldi	r22, 0x01	; 1
    161e:	04 c0       	rjmp	.+8      	; 0x1628 <sws_init+0x34>
	}
	else if(sw.type == sw_pull_down)
    1620:	00 23       	and	r16, r16
    1622:	21 f4       	brne	.+8      	; 0x162c <sws_init+0x38>
	{
		DIO_Set_Port_Value(sw.port,DIO_PIN_LOW);
    1624:	81 2f       	mov	r24, r17
    1626:	60 e0       	ldi	r22, 0x00	; 0
    1628:	0e 94 7e 09 	call	0x12fc	; 0x12fc <DIO_Set_Port_Value>
	}
}
    162c:	0f 90       	pop	r0
    162e:	0f 90       	pop	r0
    1630:	0f 90       	pop	r0
    1632:	cf 91       	pop	r28
    1634:	df 91       	pop	r29
    1636:	1f 91       	pop	r17
    1638:	0f 91       	pop	r16
    163a:	08 95       	ret

0000163c <sw_init>:
#include "SW_Private.h"
#include "SW_Interface.h"
#include "../../MCAL/DIO/DIO_Interface.h"

void sw_init(sw_t sw)
{
    163c:	ff 92       	push	r15
    163e:	0f 93       	push	r16
    1640:	1f 93       	push	r17
    1642:	df 93       	push	r29
    1644:	cf 93       	push	r28
    1646:	00 d0       	rcall	.+0      	; 0x1648 <sw_init+0xc>
    1648:	0f 92       	push	r0
    164a:	cd b7       	in	r28, 0x3d	; 61
    164c:	de b7       	in	r29, 0x3e	; 62
    164e:	69 83       	std	Y+1, r22	; 0x01
    1650:	7a 83       	std	Y+2, r23	; 0x02
    1652:	8b 83       	std	Y+3, r24	; 0x03
    1654:	16 2f       	mov	r17, r22
    1656:	07 2f       	mov	r16, r23
    1658:	f8 2e       	mov	r15, r24
	DIO_Set_Pin_Direction(sw.port,sw.pin,DIO_PIN_INPUT);
    165a:	86 2f       	mov	r24, r22
    165c:	67 2f       	mov	r22, r23
    165e:	40 e0       	ldi	r20, 0x00	; 0
    1660:	0e 94 fa 08 	call	0x11f4	; 0x11f4 <DIO_Set_Pin_Direction>
	if(sw.type == sw_pull_up)
    1664:	81 e0       	ldi	r24, 0x01	; 1
    1666:	f8 16       	cp	r15, r24
    1668:	21 f4       	brne	.+8      	; 0x1672 <sw_init+0x36>
	{
		DIO_Set_Pin_Value(sw.port,sw.pin,DIO_PIN_HIGH);
    166a:	81 2f       	mov	r24, r17
    166c:	60 2f       	mov	r22, r16
    166e:	41 e0       	ldi	r20, 0x01	; 1
    1670:	05 c0       	rjmp	.+10     	; 0x167c <sw_init+0x40>
	}
	else if(sw.type == sw_pull_down)
    1672:	ff 20       	and	r15, r15
    1674:	29 f4       	brne	.+10     	; 0x1680 <sw_init+0x44>
	{
		DIO_Set_Pin_Value(sw.port,sw.pin,DIO_PIN_LOW);
    1676:	81 2f       	mov	r24, r17
    1678:	60 2f       	mov	r22, r16
    167a:	40 e0       	ldi	r20, 0x00	; 0
    167c:	0e 94 8f 09 	call	0x131e	; 0x131e <DIO_Set_Pin_Value>
	}
}
    1680:	0f 90       	pop	r0
    1682:	0f 90       	pop	r0
    1684:	0f 90       	pop	r0
    1686:	cf 91       	pop	r28
    1688:	df 91       	pop	r29
    168a:	1f 91       	pop	r17
    168c:	0f 91       	pop	r16
    168e:	ff 90       	pop	r15
    1690:	08 95       	ret

00001692 <Stepper_Protues_OFF>:
	}
}

void Stepper_Protues_OFF(void)
{
	DIO_Set_Pin_Value( STEPPER_Proteus_PORT , STEPPER_Proteus_Left_Top_PIN   , DIO_PIN_LOW );
    1692:	83 e0       	ldi	r24, 0x03	; 3
    1694:	60 e0       	ldi	r22, 0x00	; 0
    1696:	40 e0       	ldi	r20, 0x00	; 0
    1698:	0e 94 8f 09 	call	0x131e	; 0x131e <DIO_Set_Pin_Value>
	DIO_Set_Pin_Value( STEPPER_Proteus_PORT , STEPPER_Proteus_Left_Bot_PIN   , DIO_PIN_LOW );
    169c:	83 e0       	ldi	r24, 0x03	; 3
    169e:	61 e0       	ldi	r22, 0x01	; 1
    16a0:	40 e0       	ldi	r20, 0x00	; 0
    16a2:	0e 94 8f 09 	call	0x131e	; 0x131e <DIO_Set_Pin_Value>
	DIO_Set_Pin_Value( STEPPER_Proteus_PORT , STEPPER_Proteus_Right_Bot_PIN , DIO_PIN_LOW );
    16a6:	83 e0       	ldi	r24, 0x03	; 3
    16a8:	62 e0       	ldi	r22, 0x02	; 2
    16aa:	40 e0       	ldi	r20, 0x00	; 0
    16ac:	0e 94 8f 09 	call	0x131e	; 0x131e <DIO_Set_Pin_Value>
	DIO_Set_Pin_Value( STEPPER_Proteus_PORT , STEPPER_Proteus_Right_Top_PIN , DIO_PIN_LOW );
    16b0:	83 e0       	ldi	r24, 0x03	; 3
    16b2:	63 e0       	ldi	r22, 0x03	; 3
    16b4:	40 e0       	ldi	r20, 0x00	; 0
    16b6:	0e 94 8f 09 	call	0x131e	; 0x131e <DIO_Set_Pin_Value>
}
    16ba:	08 95       	ret

000016bc <Stepper_Protues_ON>:
 * Stepper proteus with ULN2003A
 */

void Stepper_Protues_ON(u8 type ,u8 direction ,u16 angle)
{
	if( type == STEPPER_HALF_STEP ){
    16bc:	88 23       	and	r24, r24
    16be:	09 f0       	breq	.+2      	; 0x16c2 <Stepper_Protues_ON+0x6>
    16c0:	65 c0       	rjmp	.+202    	; 0x178c <Stepper_Protues_ON+0xd0>
		if( direction == STEPPER_CLOCK_WISE ){
    16c2:	61 30       	cpi	r22, 0x01	; 1
    16c4:	11 f5       	brne	.+68     	; 0x170a <Stepper_Protues_ON+0x4e>
			if((angle >= ANGLE_45)&&(angle<= ANGLE_360))
    16c6:	48 30       	cpi	r20, 0x08	; 8
    16c8:	51 05       	cpc	r21, r1
    16ca:	08 f0       	brcs	.+2      	; 0x16ce <Stepper_Protues_ON+0x12>
    16cc:	d9 c0       	rjmp	.+434    	; 0x1880 <Stepper_Protues_ON+0x1c4>
			{
				if(angle == ANGLE_45)
    16ce:	41 15       	cp	r20, r1
    16d0:	51 05       	cpc	r21, r1
    16d2:	09 f4       	brne	.+2      	; 0x16d6 <Stepper_Protues_ON+0x1a>
    16d4:	57 c0       	rjmp	.+174    	; 0x1784 <Stepper_Protues_ON+0xc8>
					DIO_Set_Pin_Value( STEPPER_Proteus_PORT , STEPPER_Proteus_Left_Top_PIN   , DIO_PIN_LOW );
					DIO_Set_Pin_Value( STEPPER_Proteus_PORT , STEPPER_Proteus_Left_Bot_PIN   , DIO_PIN_LOW );
					DIO_Set_Pin_Value( STEPPER_Proteus_PORT , STEPPER_Proteus_Right_Bot_PIN ,  DIO_PIN_LOW );
					DIO_Set_Pin_Value( STEPPER_Proteus_PORT , STEPPER_Proteus_Right_Top_PIN ,  DIO_PIN_HIGH );
				}
				else if(angle == ANGLE_90)
    16d6:	41 30       	cpi	r20, 0x01	; 1
    16d8:	51 05       	cpc	r21, r1
    16da:	09 f4       	brne	.+2      	; 0x16de <Stepper_Protues_ON+0x22>
    16dc:	a5 c0       	rjmp	.+330    	; 0x1828 <Stepper_Protues_ON+0x16c>
					DIO_Set_Pin_Value( STEPPER_Proteus_PORT , STEPPER_Proteus_Left_Top_PIN   , DIO_PIN_LOW );
					DIO_Set_Pin_Value( STEPPER_Proteus_PORT , STEPPER_Proteus_Left_Bot_PIN   ,  DIO_PIN_LOW);
					DIO_Set_Pin_Value( STEPPER_Proteus_PORT , STEPPER_Proteus_Right_Bot_PIN ,  DIO_PIN_HIGH );
					DIO_Set_Pin_Value( STEPPER_Proteus_PORT , STEPPER_Proteus_Right_Top_PIN ,  DIO_PIN_HIGH );
				}
				else if(angle == ANGLE_135)
    16de:	42 30       	cpi	r20, 0x02	; 2
    16e0:	51 05       	cpc	r21, r1
    16e2:	09 f4       	brne	.+2      	; 0x16e6 <Stepper_Protues_ON+0x2a>
    16e4:	3f c0       	rjmp	.+126    	; 0x1764 <Stepper_Protues_ON+0xa8>
					DIO_Set_Pin_Value( STEPPER_Proteus_PORT , STEPPER_Proteus_Left_Top_PIN   , DIO_PIN_LOW );
					DIO_Set_Pin_Value( STEPPER_Proteus_PORT , STEPPER_Proteus_Left_Bot_PIN   , DIO_PIN_LOW );
					DIO_Set_Pin_Value( STEPPER_Proteus_PORT , STEPPER_Proteus_Right_Bot_PIN , DIO_PIN_HIGH );
					DIO_Set_Pin_Value( STEPPER_Proteus_PORT , STEPPER_Proteus_Right_Top_PIN , DIO_PIN_LOW );
				}
				else if(angle == ANGLE_180)
    16e6:	43 30       	cpi	r20, 0x03	; 3
    16e8:	51 05       	cpc	r21, r1
    16ea:	09 f4       	brne	.+2      	; 0x16ee <Stepper_Protues_ON+0x32>
    16ec:	8c c0       	rjmp	.+280    	; 0x1806 <Stepper_Protues_ON+0x14a>
					DIO_Set_Pin_Value( STEPPER_Proteus_PORT , STEPPER_Proteus_Left_Top_PIN   , DIO_PIN_LOW );
					DIO_Set_Pin_Value( STEPPER_Proteus_PORT , STEPPER_Proteus_Left_Bot_PIN   , DIO_PIN_HIGH );
					DIO_Set_Pin_Value( STEPPER_Proteus_PORT , STEPPER_Proteus_Right_Bot_PIN , DIO_PIN_HIGH );
					DIO_Set_Pin_Value( STEPPER_Proteus_PORT , STEPPER_Proteus_Right_Top_PIN , DIO_PIN_LOW );
				}
				else if(angle == ANGLE_225)
    16ee:	44 30       	cpi	r20, 0x04	; 4
    16f0:	51 05       	cpc	r21, r1
    16f2:	69 f1       	breq	.+90     	; 0x174e <Stepper_Protues_ON+0x92>
					DIO_Set_Pin_Value( STEPPER_Proteus_PORT , STEPPER_Proteus_Left_Top_PIN   , DIO_PIN_LOW );
					DIO_Set_Pin_Value( STEPPER_Proteus_PORT , STEPPER_Proteus_Left_Bot_PIN   , DIO_PIN_HIGH );
					DIO_Set_Pin_Value( STEPPER_Proteus_PORT , STEPPER_Proteus_Right_Bot_PIN , DIO_PIN_LOW );
					DIO_Set_Pin_Value( STEPPER_Proteus_PORT , STEPPER_Proteus_Right_Top_PIN , DIO_PIN_LOW );
				}
				else if(angle == ANGLE_270)
    16f4:	45 30       	cpi	r20, 0x05	; 5
    16f6:	51 05       	cpc	r21, r1
    16f8:	09 f4       	brne	.+2      	; 0x16fc <Stepper_Protues_ON+0x40>
    16fa:	5b c0       	rjmp	.+182    	; 0x17b2 <Stepper_Protues_ON+0xf6>
					DIO_Set_Pin_Value( STEPPER_Proteus_PORT , STEPPER_Proteus_Left_Top_PIN   , DIO_PIN_HIGH );
					DIO_Set_Pin_Value( STEPPER_Proteus_PORT , STEPPER_Proteus_Left_Bot_PIN   , DIO_PIN_HIGH );
					DIO_Set_Pin_Value( STEPPER_Proteus_PORT , STEPPER_Proteus_Right_Bot_PIN , DIO_PIN_LOW );
					DIO_Set_Pin_Value( STEPPER_Proteus_PORT , STEPPER_Proteus_Right_Top_PIN , DIO_PIN_LOW );
				}
				else if(angle == ANGLE_315)
    16fc:	46 30       	cpi	r20, 0x06	; 6
    16fe:	51 05       	cpc	r21, r1
    1700:	09 f0       	breq	.+2      	; 0x1704 <Stepper_Protues_ON+0x48>
    1702:	5e c0       	rjmp	.+188    	; 0x17c0 <Stepper_Protues_ON+0x104>
				{
					DIO_Set_Pin_Value( STEPPER_Proteus_PORT , STEPPER_Proteus_Left_Top_PIN   , DIO_PIN_HIGH );
    1704:	83 e0       	ldi	r24, 0x03	; 3
    1706:	60 e0       	ldi	r22, 0x00	; 0
    1708:	0b c0       	rjmp	.+22     	; 0x1720 <Stepper_Protues_ON+0x64>
					DIO_Set_Pin_Value( STEPPER_Proteus_PORT , STEPPER_Proteus_Right_Bot_PIN , DIO_PIN_LOW );
					DIO_Set_Pin_Value( STEPPER_Proteus_PORT , STEPPER_Proteus_Right_Top_PIN , DIO_PIN_HIGH );
				}
			}
		}
		else if( direction == STEPPER_ANTI_CLOCK_WISE ){
    170a:	66 23       	and	r22, r22
    170c:	09 f0       	breq	.+2      	; 0x1710 <Stepper_Protues_ON+0x54>
    170e:	b8 c0       	rjmp	.+368    	; 0x1880 <Stepper_Protues_ON+0x1c4>
			if((angle >= ANGLE_45)&&(angle<= ANGLE_360))
    1710:	48 30       	cpi	r20, 0x08	; 8
    1712:	51 05       	cpc	r21, r1
    1714:	08 f0       	brcs	.+2      	; 0x1718 <Stepper_Protues_ON+0x5c>
    1716:	b4 c0       	rjmp	.+360    	; 0x1880 <Stepper_Protues_ON+0x1c4>
			{
				if(angle == ANGLE_45)
    1718:	41 15       	cp	r20, r1
    171a:	51 05       	cpc	r21, r1
    171c:	91 f4       	brne	.+36     	; 0x1742 <Stepper_Protues_ON+0x86>
				{
					DIO_Set_Pin_Value( STEPPER_Proteus_PORT , STEPPER_Proteus_Left_Top_PIN   , DIO_PIN_HIGH );
    171e:	83 e0       	ldi	r24, 0x03	; 3
    1720:	41 e0       	ldi	r20, 0x01	; 1
    1722:	0e 94 8f 09 	call	0x131e	; 0x131e <DIO_Set_Pin_Value>
					DIO_Set_Pin_Value( STEPPER_Proteus_PORT , STEPPER_Proteus_Left_Bot_PIN   , DIO_PIN_LOW );
    1726:	83 e0       	ldi	r24, 0x03	; 3
    1728:	61 e0       	ldi	r22, 0x01	; 1
    172a:	40 e0       	ldi	r20, 0x00	; 0
    172c:	0e 94 8f 09 	call	0x131e	; 0x131e <DIO_Set_Pin_Value>
					DIO_Set_Pin_Value( STEPPER_Proteus_PORT , STEPPER_Proteus_Right_Bot_PIN ,  DIO_PIN_LOW );
    1730:	83 e0       	ldi	r24, 0x03	; 3
    1732:	62 e0       	ldi	r22, 0x02	; 2
    1734:	40 e0       	ldi	r20, 0x00	; 0
    1736:	0e 94 8f 09 	call	0x131e	; 0x131e <DIO_Set_Pin_Value>
					DIO_Set_Pin_Value( STEPPER_Proteus_PORT , STEPPER_Proteus_Right_Top_PIN ,  DIO_PIN_LOW );
    173a:	83 e0       	ldi	r24, 0x03	; 3
    173c:	63 e0       	ldi	r22, 0x03	; 3
    173e:	40 e0       	ldi	r20, 0x00	; 0
    1740:	85 c0       	rjmp	.+266    	; 0x184c <Stepper_Protues_ON+0x190>
				}
				else if(angle == ANGLE_90)
    1742:	41 30       	cpi	r20, 0x01	; 1
    1744:	51 05       	cpc	r21, r1
    1746:	a9 f1       	breq	.+106    	; 0x17b2 <Stepper_Protues_ON+0xf6>
					DIO_Set_Pin_Value( STEPPER_Proteus_PORT , STEPPER_Proteus_Left_Top_PIN  , DIO_PIN_HIGH );
					DIO_Set_Pin_Value( STEPPER_Proteus_PORT , STEPPER_Proteus_Left_Bot_PIN  , DIO_PIN_HIGH);
					DIO_Set_Pin_Value( STEPPER_Proteus_PORT , STEPPER_Proteus_Right_Bot_PIN , DIO_PIN_LOW );
					DIO_Set_Pin_Value( STEPPER_Proteus_PORT , STEPPER_Proteus_Right_Top_PIN , DIO_PIN_LOW );
				}
				else if(angle == ANGLE_135)
    1748:	42 30       	cpi	r20, 0x02	; 2
    174a:	51 05       	cpc	r21, r1
    174c:	21 f4       	brne	.+8      	; 0x1756 <Stepper_Protues_ON+0x9a>
				{
					DIO_Set_Pin_Value( STEPPER_Proteus_PORT , STEPPER_Proteus_Left_Top_PIN  , DIO_PIN_LOW );
    174e:	83 e0       	ldi	r24, 0x03	; 3
    1750:	60 e0       	ldi	r22, 0x00	; 0
    1752:	40 e0       	ldi	r20, 0x00	; 0
    1754:	4f c0       	rjmp	.+158    	; 0x17f4 <Stepper_Protues_ON+0x138>
					DIO_Set_Pin_Value( STEPPER_Proteus_PORT , STEPPER_Proteus_Left_Bot_PIN  , DIO_PIN_HIGH );
					DIO_Set_Pin_Value( STEPPER_Proteus_PORT , STEPPER_Proteus_Right_Bot_PIN , DIO_PIN_LOW);
					DIO_Set_Pin_Value( STEPPER_Proteus_PORT , STEPPER_Proteus_Right_Top_PIN , DIO_PIN_LOW );
				}
				else if(angle == ANGLE_180)
    1756:	43 30       	cpi	r20, 0x03	; 3
    1758:	51 05       	cpc	r21, r1
    175a:	09 f4       	brne	.+2      	; 0x175e <Stepper_Protues_ON+0xa2>
    175c:	54 c0       	rjmp	.+168    	; 0x1806 <Stepper_Protues_ON+0x14a>
					DIO_Set_Pin_Value( STEPPER_Proteus_PORT , STEPPER_Proteus_Left_Top_PIN   , DIO_PIN_LOW );
					DIO_Set_Pin_Value( STEPPER_Proteus_PORT , STEPPER_Proteus_Left_Bot_PIN   , DIO_PIN_HIGH );
					DIO_Set_Pin_Value( STEPPER_Proteus_PORT , STEPPER_Proteus_Right_Bot_PIN , DIO_PIN_HIGH );
					DIO_Set_Pin_Value( STEPPER_Proteus_PORT , STEPPER_Proteus_Right_Top_PIN , DIO_PIN_LOW );
				}
				else if(angle == ANGLE_225)
    175e:	44 30       	cpi	r20, 0x04	; 4
    1760:	51 05       	cpc	r21, r1
    1762:	49 f4       	brne	.+18     	; 0x1776 <Stepper_Protues_ON+0xba>
				{
					DIO_Set_Pin_Value( STEPPER_Proteus_PORT , STEPPER_Proteus_Left_Top_PIN   , DIO_PIN_LOW );
    1764:	83 e0       	ldi	r24, 0x03	; 3
    1766:	60 e0       	ldi	r22, 0x00	; 0
    1768:	40 e0       	ldi	r20, 0x00	; 0
    176a:	0e 94 8f 09 	call	0x131e	; 0x131e <DIO_Set_Pin_Value>
					DIO_Set_Pin_Value( STEPPER_Proteus_PORT , STEPPER_Proteus_Left_Bot_PIN   , DIO_PIN_LOW );
    176e:	83 e0       	ldi	r24, 0x03	; 3
    1770:	61 e0       	ldi	r22, 0x01	; 1
    1772:	40 e0       	ldi	r20, 0x00	; 0
    1774:	50 c0       	rjmp	.+160    	; 0x1816 <Stepper_Protues_ON+0x15a>
					DIO_Set_Pin_Value( STEPPER_Proteus_PORT , STEPPER_Proteus_Right_Bot_PIN , DIO_PIN_HIGH );
					DIO_Set_Pin_Value( STEPPER_Proteus_PORT , STEPPER_Proteus_Right_Top_PIN , DIO_PIN_LOW );
				}
				else if(angle == ANGLE_270)
    1776:	45 30       	cpi	r20, 0x05	; 5
    1778:	51 05       	cpc	r21, r1
    177a:	09 f4       	brne	.+2      	; 0x177e <Stepper_Protues_ON+0xc2>
    177c:	55 c0       	rjmp	.+170    	; 0x1828 <Stepper_Protues_ON+0x16c>
					DIO_Set_Pin_Value( STEPPER_Proteus_PORT , STEPPER_Proteus_Left_Top_PIN   , DIO_PIN_LOW );
					DIO_Set_Pin_Value( STEPPER_Proteus_PORT , STEPPER_Proteus_Left_Bot_PIN   , DIO_PIN_LOW );
					DIO_Set_Pin_Value( STEPPER_Proteus_PORT , STEPPER_Proteus_Right_Bot_PIN , DIO_PIN_HIGH );
					DIO_Set_Pin_Value( STEPPER_Proteus_PORT , STEPPER_Proteus_Right_Top_PIN , DIO_PIN_HIGH );
				}
				else if(angle == ANGLE_315)
    177e:	46 30       	cpi	r20, 0x06	; 6
    1780:	51 05       	cpc	r21, r1
    1782:	f1 f4       	brne	.+60     	; 0x17c0 <Stepper_Protues_ON+0x104>
				{
					DIO_Set_Pin_Value( STEPPER_Proteus_PORT , STEPPER_Proteus_Left_Top_PIN   , DIO_PIN_LOW );
    1784:	83 e0       	ldi	r24, 0x03	; 3
    1786:	60 e0       	ldi	r22, 0x00	; 0
    1788:	40 e0       	ldi	r20, 0x00	; 0
    178a:	1d c0       	rjmp	.+58     	; 0x17c6 <Stepper_Protues_ON+0x10a>
					DIO_Set_Pin_Value( STEPPER_Proteus_PORT , STEPPER_Proteus_Right_Top_PIN , DIO_PIN_HIGH );
				}
			}
		}
	}
	else if( type == STEPPER_FULL_STEP ){
    178c:	81 30       	cpi	r24, 0x01	; 1
    178e:	09 f0       	breq	.+2      	; 0x1792 <Stepper_Protues_ON+0xd6>
    1790:	77 c0       	rjmp	.+238    	; 0x1880 <Stepper_Protues_ON+0x1c4>
		if( direction == STEPPER_CLOCK_WISE ){
    1792:	61 30       	cpi	r22, 0x01	; 1
    1794:	19 f5       	brne	.+70     	; 0x17dc <Stepper_Protues_ON+0x120>
			if((angle >= ANGLE_45)&&(angle<= ANGLE_360))
    1796:	48 30       	cpi	r20, 0x08	; 8
    1798:	51 05       	cpc	r21, r1
    179a:	08 f0       	brcs	.+2      	; 0x179e <Stepper_Protues_ON+0xe2>
    179c:	71 c0       	rjmp	.+226    	; 0x1880 <Stepper_Protues_ON+0x1c4>
			{
				if(angle == ANGLE_90)
    179e:	41 30       	cpi	r20, 0x01	; 1
    17a0:	51 05       	cpc	r21, r1
    17a2:	09 f4       	brne	.+2      	; 0x17a6 <Stepper_Protues_ON+0xea>
    17a4:	41 c0       	rjmp	.+130    	; 0x1828 <Stepper_Protues_ON+0x16c>
					DIO_Set_Pin_Value( STEPPER_Proteus_PORT , STEPPER_Proteus_Left_Top_PIN   , DIO_PIN_LOW );
					DIO_Set_Pin_Value( STEPPER_Proteus_PORT , STEPPER_Proteus_Left_Bot_PIN   ,  DIO_PIN_LOW);
					DIO_Set_Pin_Value( STEPPER_Proteus_PORT , STEPPER_Proteus_Right_Bot_PIN ,  DIO_PIN_HIGH );
					DIO_Set_Pin_Value( STEPPER_Proteus_PORT , STEPPER_Proteus_Right_Top_PIN ,  DIO_PIN_HIGH );
				}
				else if(angle == ANGLE_180)
    17a6:	43 30       	cpi	r20, 0x03	; 3
    17a8:	51 05       	cpc	r21, r1
    17aa:	69 f1       	breq	.+90     	; 0x1806 <Stepper_Protues_ON+0x14a>
					DIO_Set_Pin_Value( STEPPER_Proteus_PORT , STEPPER_Proteus_Left_Top_PIN   , DIO_PIN_LOW );
					DIO_Set_Pin_Value( STEPPER_Proteus_PORT , STEPPER_Proteus_Left_Bot_PIN   , DIO_PIN_HIGH );
					DIO_Set_Pin_Value( STEPPER_Proteus_PORT , STEPPER_Proteus_Right_Bot_PIN , DIO_PIN_HIGH );
					DIO_Set_Pin_Value( STEPPER_Proteus_PORT , STEPPER_Proteus_Right_Top_PIN , DIO_PIN_LOW );
				}
				else if(angle == ANGLE_270)
    17ac:	45 30       	cpi	r20, 0x05	; 5
    17ae:	51 05       	cpc	r21, r1
    17b0:	19 f4       	brne	.+6      	; 0x17b8 <Stepper_Protues_ON+0xfc>
				{
					DIO_Set_Pin_Value( STEPPER_Proteus_PORT , STEPPER_Proteus_Left_Top_PIN   , DIO_PIN_HIGH );
    17b2:	83 e0       	ldi	r24, 0x03	; 3
    17b4:	60 e0       	ldi	r22, 0x00	; 0
    17b6:	1d c0       	rjmp	.+58     	; 0x17f2 <Stepper_Protues_ON+0x136>
					DIO_Set_Pin_Value( STEPPER_Proteus_PORT , STEPPER_Proteus_Left_Bot_PIN   , DIO_PIN_HIGH );
					DIO_Set_Pin_Value( STEPPER_Proteus_PORT , STEPPER_Proteus_Right_Bot_PIN , DIO_PIN_LOW );
					DIO_Set_Pin_Value( STEPPER_Proteus_PORT , STEPPER_Proteus_Right_Top_PIN , DIO_PIN_LOW );
				}
				else if(angle == ANGLE_360)
    17b8:	47 30       	cpi	r20, 0x07	; 7
    17ba:	51 05       	cpc	r21, r1
    17bc:	09 f0       	breq	.+2      	; 0x17c0 <Stepper_Protues_ON+0x104>
    17be:	60 c0       	rjmp	.+192    	; 0x1880 <Stepper_Protues_ON+0x1c4>
				{
					DIO_Set_Pin_Value( STEPPER_Proteus_PORT , STEPPER_Proteus_Left_Top_PIN   , DIO_PIN_HIGH );
    17c0:	83 e0       	ldi	r24, 0x03	; 3
    17c2:	60 e0       	ldi	r22, 0x00	; 0
    17c4:	41 e0       	ldi	r20, 0x01	; 1
    17c6:	0e 94 8f 09 	call	0x131e	; 0x131e <DIO_Set_Pin_Value>
					DIO_Set_Pin_Value( STEPPER_Proteus_PORT , STEPPER_Proteus_Left_Bot_PIN   , DIO_PIN_LOW );
    17ca:	83 e0       	ldi	r24, 0x03	; 3
    17cc:	61 e0       	ldi	r22, 0x01	; 1
    17ce:	40 e0       	ldi	r20, 0x00	; 0
    17d0:	0e 94 8f 09 	call	0x131e	; 0x131e <DIO_Set_Pin_Value>
					DIO_Set_Pin_Value( STEPPER_Proteus_PORT , STEPPER_Proteus_Right_Bot_PIN , DIO_PIN_LOW );
    17d4:	83 e0       	ldi	r24, 0x03	; 3
    17d6:	62 e0       	ldi	r22, 0x02	; 2
    17d8:	40 e0       	ldi	r20, 0x00	; 0
    17da:	33 c0       	rjmp	.+102    	; 0x1842 <Stepper_Protues_ON+0x186>
					DIO_Set_Pin_Value( STEPPER_Proteus_PORT , STEPPER_Proteus_Right_Top_PIN , DIO_PIN_HIGH );
				}
			}
		}
		else if( direction == STEPPER_ANTI_CLOCK_WISE ){
    17dc:	66 23       	and	r22, r22
    17de:	09 f0       	breq	.+2      	; 0x17e2 <Stepper_Protues_ON+0x126>
    17e0:	4f c0       	rjmp	.+158    	; 0x1880 <Stepper_Protues_ON+0x1c4>
			if((angle >= ANGLE_45)&&(angle<= ANGLE_360))
    17e2:	48 30       	cpi	r20, 0x08	; 8
    17e4:	51 05       	cpc	r21, r1
    17e6:	08 f0       	brcs	.+2      	; 0x17ea <Stepper_Protues_ON+0x12e>
    17e8:	4b c0       	rjmp	.+150    	; 0x1880 <Stepper_Protues_ON+0x1c4>
			{
				if(angle == ANGLE_90)
    17ea:	41 30       	cpi	r20, 0x01	; 1
    17ec:	51 05       	cpc	r21, r1
    17ee:	41 f4       	brne	.+16     	; 0x1800 <Stepper_Protues_ON+0x144>
				{
					DIO_Set_Pin_Value( STEPPER_Proteus_PORT , STEPPER_Proteus_Left_Top_PIN  , DIO_PIN_HIGH );
    17f0:	83 e0       	ldi	r24, 0x03	; 3
    17f2:	41 e0       	ldi	r20, 0x01	; 1
    17f4:	0e 94 8f 09 	call	0x131e	; 0x131e <DIO_Set_Pin_Value>
					DIO_Set_Pin_Value( STEPPER_Proteus_PORT , STEPPER_Proteus_Left_Bot_PIN  , DIO_PIN_HIGH);
    17f8:	83 e0       	ldi	r24, 0x03	; 3
    17fa:	61 e0       	ldi	r22, 0x01	; 1
    17fc:	41 e0       	ldi	r20, 0x01	; 1
    17fe:	96 cf       	rjmp	.-212    	; 0x172c <Stepper_Protues_ON+0x70>
					DIO_Set_Pin_Value( STEPPER_Proteus_PORT , STEPPER_Proteus_Right_Bot_PIN , DIO_PIN_LOW );
					DIO_Set_Pin_Value( STEPPER_Proteus_PORT , STEPPER_Proteus_Right_Top_PIN , DIO_PIN_LOW );
				}
				else if(angle == ANGLE_180)
    1800:	43 30       	cpi	r20, 0x03	; 3
    1802:	51 05       	cpc	r21, r1
    1804:	71 f4       	brne	.+28     	; 0x1822 <Stepper_Protues_ON+0x166>
				{
					DIO_Set_Pin_Value( STEPPER_Proteus_PORT , STEPPER_Proteus_Left_Top_PIN   , DIO_PIN_LOW );
    1806:	83 e0       	ldi	r24, 0x03	; 3
    1808:	60 e0       	ldi	r22, 0x00	; 0
    180a:	40 e0       	ldi	r20, 0x00	; 0
    180c:	0e 94 8f 09 	call	0x131e	; 0x131e <DIO_Set_Pin_Value>
					DIO_Set_Pin_Value( STEPPER_Proteus_PORT , STEPPER_Proteus_Left_Bot_PIN   , DIO_PIN_HIGH );
    1810:	83 e0       	ldi	r24, 0x03	; 3
    1812:	61 e0       	ldi	r22, 0x01	; 1
    1814:	41 e0       	ldi	r20, 0x01	; 1
    1816:	0e 94 8f 09 	call	0x131e	; 0x131e <DIO_Set_Pin_Value>
					DIO_Set_Pin_Value( STEPPER_Proteus_PORT , STEPPER_Proteus_Right_Bot_PIN , DIO_PIN_HIGH );
    181a:	83 e0       	ldi	r24, 0x03	; 3
    181c:	62 e0       	ldi	r22, 0x02	; 2
    181e:	41 e0       	ldi	r20, 0x01	; 1
    1820:	8a cf       	rjmp	.-236    	; 0x1736 <Stepper_Protues_ON+0x7a>
					DIO_Set_Pin_Value( STEPPER_Proteus_PORT , STEPPER_Proteus_Right_Top_PIN , DIO_PIN_LOW );
				}
				else if(angle == ANGLE_270)
    1822:	45 30       	cpi	r20, 0x05	; 5
    1824:	51 05       	cpc	r21, r1
    1826:	a9 f4       	brne	.+42     	; 0x1852 <Stepper_Protues_ON+0x196>
				{
					DIO_Set_Pin_Value( STEPPER_Proteus_PORT , STEPPER_Proteus_Left_Top_PIN   , DIO_PIN_LOW );
    1828:	83 e0       	ldi	r24, 0x03	; 3
    182a:	60 e0       	ldi	r22, 0x00	; 0
    182c:	40 e0       	ldi	r20, 0x00	; 0
    182e:	0e 94 8f 09 	call	0x131e	; 0x131e <DIO_Set_Pin_Value>
					DIO_Set_Pin_Value( STEPPER_Proteus_PORT , STEPPER_Proteus_Left_Bot_PIN   , DIO_PIN_LOW );
    1832:	83 e0       	ldi	r24, 0x03	; 3
    1834:	61 e0       	ldi	r22, 0x01	; 1
    1836:	40 e0       	ldi	r20, 0x00	; 0
    1838:	0e 94 8f 09 	call	0x131e	; 0x131e <DIO_Set_Pin_Value>
					DIO_Set_Pin_Value( STEPPER_Proteus_PORT , STEPPER_Proteus_Right_Bot_PIN , DIO_PIN_HIGH );
    183c:	83 e0       	ldi	r24, 0x03	; 3
    183e:	62 e0       	ldi	r22, 0x02	; 2
    1840:	41 e0       	ldi	r20, 0x01	; 1
    1842:	0e 94 8f 09 	call	0x131e	; 0x131e <DIO_Set_Pin_Value>
					DIO_Set_Pin_Value( STEPPER_Proteus_PORT , STEPPER_Proteus_Right_Top_PIN , DIO_PIN_HIGH );
    1846:	83 e0       	ldi	r24, 0x03	; 3
    1848:	63 e0       	ldi	r22, 0x03	; 3
    184a:	41 e0       	ldi	r20, 0x01	; 1
    184c:	0e 94 8f 09 	call	0x131e	; 0x131e <DIO_Set_Pin_Value>
    1850:	08 95       	ret
				}
				else if(angle == ANGLE_360)
    1852:	47 30       	cpi	r20, 0x07	; 7
    1854:	51 05       	cpc	r21, r1
    1856:	a1 f4       	brne	.+40     	; 0x1880 <Stepper_Protues_ON+0x1c4>
				{
					DIO_Set_Pin_Value( STEPPER_Proteus_PORT , STEPPER_Proteus_Left_Top_PIN   , DIO_PIN_HIGH );
    1858:	83 e0       	ldi	r24, 0x03	; 3
    185a:	60 e0       	ldi	r22, 0x00	; 0
    185c:	41 e0       	ldi	r20, 0x01	; 1
    185e:	0e 94 8f 09 	call	0x131e	; 0x131e <DIO_Set_Pin_Value>
					DIO_Set_Pin_Value( STEPPER_Proteus_PORT , STEPPER_Proteus_Left_Bot_PIN   , DIO_PIN_LOW );
    1862:	83 e0       	ldi	r24, 0x03	; 3
    1864:	61 e0       	ldi	r22, 0x01	; 1
    1866:	40 e0       	ldi	r20, 0x00	; 0
    1868:	0e 94 8f 09 	call	0x131e	; 0x131e <DIO_Set_Pin_Value>
					DIO_Set_Pin_Value( STEPPER_Proteus_PORT , STEPPER_Proteus_Right_Bot_PIN , DIO_PIN_LOW );
    186c:	83 e0       	ldi	r24, 0x03	; 3
    186e:	62 e0       	ldi	r22, 0x02	; 2
    1870:	40 e0       	ldi	r20, 0x00	; 0
    1872:	0e 94 8f 09 	call	0x131e	; 0x131e <DIO_Set_Pin_Value>
					DIO_Set_Pin_Value( STEPPER_Proteus_PORT , STEPPER_Proteus_Right_Top_PIN , DIO_PIN_HIGH );
    1876:	83 e0       	ldi	r24, 0x03	; 3
    1878:	63 e0       	ldi	r22, 0x03	; 3
    187a:	41 e0       	ldi	r20, 0x01	; 1
    187c:	0e 94 8f 09 	call	0x131e	; 0x131e <DIO_Set_Pin_Value>
    1880:	08 95       	ret

00001882 <STEPPER_voidOff>:
* return : Nothing
*/
void STEPPER_voidOff ( void )
{

	DIO_Set_Pin_Value( STEPPER_PORT , STEPPER_BLUE_PIN   , DIO_PIN_LOW );
    1882:	81 e0       	ldi	r24, 0x01	; 1
    1884:	60 e0       	ldi	r22, 0x00	; 0
    1886:	40 e0       	ldi	r20, 0x00	; 0
    1888:	0e 94 8f 09 	call	0x131e	; 0x131e <DIO_Set_Pin_Value>
	DIO_Set_Pin_Value( STEPPER_PORT , STEPPER_PINK_PIN   , DIO_PIN_LOW );
    188c:	81 e0       	ldi	r24, 0x01	; 1
    188e:	61 e0       	ldi	r22, 0x01	; 1
    1890:	40 e0       	ldi	r20, 0x00	; 0
    1892:	0e 94 8f 09 	call	0x131e	; 0x131e <DIO_Set_Pin_Value>
	DIO_Set_Pin_Value( STEPPER_PORT , STEPPER_YELLOW_PIN , DIO_PIN_LOW );
    1896:	81 e0       	ldi	r24, 0x01	; 1
    1898:	62 e0       	ldi	r22, 0x02	; 2
    189a:	40 e0       	ldi	r20, 0x00	; 0
    189c:	0e 94 8f 09 	call	0x131e	; 0x131e <DIO_Set_Pin_Value>
	DIO_Set_Pin_Value( STEPPER_PORT , STEPPER_ORANGE_PIN , DIO_PIN_LOW );
    18a0:	81 e0       	ldi	r24, 0x01	; 1
    18a2:	63 e0       	ldi	r22, 0x03	; 3
    18a4:	40 e0       	ldi	r20, 0x00	; 0
    18a6:	0e 94 8f 09 	call	0x131e	; 0x131e <DIO_Set_Pin_Value>

}
    18aa:	08 95       	ret

000018ac <STEPPER_voidOn>:
			=> Direction (STEPPER_CLOCK_WISE or STEPPER_ANTI_CLOCK_WISE)
			=> Speed
			=> Degree
* return : void
*/
void STEPPER_voidOn  ( u8 Copy_u8StepType , u8 Copy_u8Direction , u8 Copy_u8Speed , u16 Copy_u16Degree ){
    18ac:	2f 92       	push	r2
    18ae:	3f 92       	push	r3
    18b0:	4f 92       	push	r4
    18b2:	5f 92       	push	r5
    18b4:	6f 92       	push	r6
    18b6:	7f 92       	push	r7
    18b8:	8f 92       	push	r8
    18ba:	9f 92       	push	r9
    18bc:	af 92       	push	r10
    18be:	bf 92       	push	r11
    18c0:	cf 92       	push	r12
    18c2:	df 92       	push	r13
    18c4:	ef 92       	push	r14
    18c6:	ff 92       	push	r15
    18c8:	0f 93       	push	r16
    18ca:	1f 93       	push	r17
    18cc:	df 93       	push	r29
    18ce:	cf 93       	push	r28
    18d0:	cd b7       	in	r28, 0x3d	; 61
    18d2:	de b7       	in	r29, 0x3e	; 62
    18d4:	60 97       	sbiw	r28, 0x10	; 16
    18d6:	0f b6       	in	r0, 0x3f	; 63
    18d8:	f8 94       	cli
    18da:	de bf       	out	0x3e, r29	; 62
    18dc:	0f be       	out	0x3f, r0	; 63
    18de:	cd bf       	out	0x3d, r28	; 61
    18e0:	14 2f       	mov	r17, r20

	u32 LOC_u16Iterator = 0 ;

	if( Copy_u8StepType == STEPPER_FULL_STEP )
    18e2:	81 30       	cpi	r24, 0x01	; 1
    18e4:	09 f0       	breq	.+2      	; 0x18e8 <STEPPER_voidOn+0x3c>
    18e6:	a8 c2       	rjmp	.+1360   	; 0x1e38 <STEPPER_voidOn+0x58c>
	{

		if( Copy_u8Direction == STEPPER_CLOCK_WISE )
    18e8:	61 30       	cpi	r22, 0x01	; 1
    18ea:	09 f0       	breq	.+2      	; 0x18ee <STEPPER_voidOn+0x42>
    18ec:	51 c1       	rjmp	.+674    	; 0x1b90 <STEPPER_voidOn+0x2e4>
		{

			for( LOC_u16Iterator = 0 ; LOC_u16Iterator < ( ( (u32)Copy_u16Degree * 256 ) / 45 ) /  4; LOC_u16Iterator++  ){
    18ee:	b9 01       	movw	r22, r18
    18f0:	80 e0       	ldi	r24, 0x00	; 0
    18f2:	90 e0       	ldi	r25, 0x00	; 0
    18f4:	98 2f       	mov	r25, r24
    18f6:	87 2f       	mov	r24, r23
    18f8:	76 2f       	mov	r23, r22
    18fa:	66 27       	eor	r22, r22
    18fc:	24 eb       	ldi	r18, 0xB4	; 180
    18fe:	30 e0       	ldi	r19, 0x00	; 0
    1900:	40 e0       	ldi	r20, 0x00	; 0
    1902:	50 e0       	ldi	r21, 0x00	; 0
    1904:	0e 94 1e 1a 	call	0x343c	; 0x343c <__udivmodsi4>
    1908:	59 01       	movw	r10, r18
    190a:	6a 01       	movw	r12, r20
    190c:	22 24       	eor	r2, r2
    190e:	33 24       	eor	r3, r3
    1910:	21 01       	movw	r4, r2

				DIO_Set_Pin_Value( STEPPER_PORT , STEPPER_BLUE_PIN   , DIO_PIN_HIGH );
				DIO_Set_Pin_Value( STEPPER_PORT , STEPPER_PINK_PIN   , DIO_PIN_LOW  );
				DIO_Set_Pin_Value( STEPPER_PORT , STEPPER_YELLOW_PIN , DIO_PIN_LOW  );
				DIO_Set_Pin_Value( STEPPER_PORT , STEPPER_ORANGE_PIN , DIO_PIN_LOW  );
				_delay_ms( Copy_u8Speed );
    1912:	81 2f       	mov	r24, r17
    1914:	90 e0       	ldi	r25, 0x00	; 0
    1916:	a0 e0       	ldi	r26, 0x00	; 0
    1918:	b0 e0       	ldi	r27, 0x00	; 0
    191a:	89 83       	std	Y+1, r24	; 0x01
    191c:	9a 83       	std	Y+2, r25	; 0x02
    191e:	ab 83       	std	Y+3, r26	; 0x03
    1920:	bc 83       	std	Y+4, r27	; 0x04
    1922:	2f c1       	rjmp	.+606    	; 0x1b82 <STEPPER_voidOn+0x2d6>
		if( Copy_u8Direction == STEPPER_CLOCK_WISE )
		{

			for( LOC_u16Iterator = 0 ; LOC_u16Iterator < ( ( (u32)Copy_u16Degree * 256 ) / 45 ) /  4; LOC_u16Iterator++  ){

				DIO_Set_Pin_Value( STEPPER_PORT , STEPPER_BLUE_PIN   , DIO_PIN_HIGH );
    1924:	81 e0       	ldi	r24, 0x01	; 1
    1926:	60 e0       	ldi	r22, 0x00	; 0
    1928:	41 e0       	ldi	r20, 0x01	; 1
    192a:	0e 94 8f 09 	call	0x131e	; 0x131e <DIO_Set_Pin_Value>
				DIO_Set_Pin_Value( STEPPER_PORT , STEPPER_PINK_PIN   , DIO_PIN_LOW  );
    192e:	81 e0       	ldi	r24, 0x01	; 1
    1930:	61 e0       	ldi	r22, 0x01	; 1
    1932:	40 e0       	ldi	r20, 0x00	; 0
    1934:	0e 94 8f 09 	call	0x131e	; 0x131e <DIO_Set_Pin_Value>
				DIO_Set_Pin_Value( STEPPER_PORT , STEPPER_YELLOW_PIN , DIO_PIN_LOW  );
    1938:	81 e0       	ldi	r24, 0x01	; 1
    193a:	62 e0       	ldi	r22, 0x02	; 2
    193c:	40 e0       	ldi	r20, 0x00	; 0
    193e:	0e 94 8f 09 	call	0x131e	; 0x131e <DIO_Set_Pin_Value>
				DIO_Set_Pin_Value( STEPPER_PORT , STEPPER_ORANGE_PIN , DIO_PIN_LOW  );
    1942:	81 e0       	ldi	r24, 0x01	; 1
    1944:	63 e0       	ldi	r22, 0x03	; 3
    1946:	40 e0       	ldi	r20, 0x00	; 0
    1948:	0e 94 8f 09 	call	0x131e	; 0x131e <DIO_Set_Pin_Value>
				_delay_ms( Copy_u8Speed );
    194c:	69 81       	ldd	r22, Y+1	; 0x01
    194e:	7a 81       	ldd	r23, Y+2	; 0x02
    1950:	8b 81       	ldd	r24, Y+3	; 0x03
    1952:	9c 81       	ldd	r25, Y+4	; 0x04
    1954:	0e 94 fd 03 	call	0x7fa	; 0x7fa <__floatunsisf>
    1958:	3b 01       	movw	r6, r22
    195a:	4c 01       	movw	r8, r24
 */
void
_delay_ms(double __ms)
{
	uint16_t __ticks;
	double __tmp = ((F_CPU) / 4e3) * __ms;
    195c:	20 e0       	ldi	r18, 0x00	; 0
    195e:	30 e0       	ldi	r19, 0x00	; 0
    1960:	4a ef       	ldi	r20, 0xFA	; 250
    1962:	54 e4       	ldi	r21, 0x44	; 68
    1964:	0e 94 1f 02 	call	0x43e	; 0x43e <__mulsf3>
    1968:	7b 01       	movw	r14, r22
    196a:	8c 01       	movw	r16, r24
	if (__tmp < 1.0)
    196c:	20 e0       	ldi	r18, 0x00	; 0
    196e:	30 e0       	ldi	r19, 0x00	; 0
    1970:	40 e8       	ldi	r20, 0x80	; 128
    1972:	5f e3       	ldi	r21, 0x3F	; 63
    1974:	0e 94 79 03 	call	0x6f2	; 0x6f2 <__ltsf2>
    1978:	88 23       	and	r24, r24
    197a:	1c f4       	brge	.+6      	; 0x1982 <STEPPER_voidOn+0xd6>
    197c:	61 e0       	ldi	r22, 0x01	; 1
    197e:	70 e0       	ldi	r23, 0x00	; 0
    1980:	23 c0       	rjmp	.+70     	; 0x19c8 <STEPPER_voidOn+0x11c>
		__ticks = 1;
	else if (__tmp > 65535)
    1982:	c8 01       	movw	r24, r16
    1984:	b7 01       	movw	r22, r14
    1986:	20 e0       	ldi	r18, 0x00	; 0
    1988:	3f ef       	ldi	r19, 0xFF	; 255
    198a:	4f e7       	ldi	r20, 0x7F	; 127
    198c:	57 e4       	ldi	r21, 0x47	; 71
    198e:	0e 94 19 03 	call	0x632	; 0x632 <__gtsf2>
    1992:	18 16       	cp	r1, r24
    1994:	ac f4       	brge	.+42     	; 0x19c0 <STEPPER_voidOn+0x114>
	{
		//	__ticks = requested delay in 1/10 ms
		__ticks = (uint16_t) (__ms * 10.0);
    1996:	c4 01       	movw	r24, r8
    1998:	b3 01       	movw	r22, r6
    199a:	20 e0       	ldi	r18, 0x00	; 0
    199c:	30 e0       	ldi	r19, 0x00	; 0
    199e:	40 e2       	ldi	r20, 0x20	; 32
    19a0:	51 e4       	ldi	r21, 0x41	; 65
    19a2:	0e 94 1f 02 	call	0x43e	; 0x43e <__mulsf3>
    19a6:	0e 94 49 00 	call	0x92	; 0x92 <__fixunssfsi>
    19aa:	06 c0       	rjmp	.+12     	; 0x19b8 <STEPPER_voidOn+0x10c>
    milliseconds can be achieved.
 */
void
_delay_loop_2(uint16_t __count)
{
	__asm__ volatile (
    19ac:	88 ec       	ldi	r24, 0xC8	; 200
    19ae:	90 e0       	ldi	r25, 0x00	; 0
    19b0:	01 97       	sbiw	r24, 0x01	; 1
    19b2:	f1 f7       	brne	.-4      	; 0x19b0 <STEPPER_voidOn+0x104>
		while(__ticks)
		{
			// wait 1/10 ms
			_delay_loop_2(((F_CPU) / 4e3) / 10);
			__ticks --;
    19b4:	61 50       	subi	r22, 0x01	; 1
    19b6:	70 40       	sbci	r23, 0x00	; 0
		__ticks = 1;
	else if (__tmp > 65535)
	{
		//	__ticks = requested delay in 1/10 ms
		__ticks = (uint16_t) (__ms * 10.0);
		while(__ticks)
    19b8:	61 15       	cp	r22, r1
    19ba:	71 05       	cpc	r23, r1
    19bc:	b9 f7       	brne	.-18     	; 0x19ac <STEPPER_voidOn+0x100>
    19be:	07 c0       	rjmp	.+14     	; 0x19ce <STEPPER_voidOn+0x122>
			__ticks --;
		}
		return;
	}
	else
		__ticks = (uint16_t)__tmp;
    19c0:	c8 01       	movw	r24, r16
    19c2:	b7 01       	movw	r22, r14
    19c4:	0e 94 49 00 	call	0x92	; 0x92 <__fixunssfsi>
    19c8:	cb 01       	movw	r24, r22
    19ca:	01 97       	sbiw	r24, 0x01	; 1
    19cc:	f1 f7       	brne	.-4      	; 0x19ca <STEPPER_voidOn+0x11e>

				DIO_Set_Pin_Value( STEPPER_PORT , STEPPER_BLUE_PIN   , DIO_PIN_LOW  );
    19ce:	81 e0       	ldi	r24, 0x01	; 1
    19d0:	60 e0       	ldi	r22, 0x00	; 0
    19d2:	40 e0       	ldi	r20, 0x00	; 0
    19d4:	0e 94 8f 09 	call	0x131e	; 0x131e <DIO_Set_Pin_Value>
				DIO_Set_Pin_Value( STEPPER_PORT , STEPPER_PINK_PIN   , DIO_PIN_HIGH );
    19d8:	81 e0       	ldi	r24, 0x01	; 1
    19da:	61 e0       	ldi	r22, 0x01	; 1
    19dc:	41 e0       	ldi	r20, 0x01	; 1
    19de:	0e 94 8f 09 	call	0x131e	; 0x131e <DIO_Set_Pin_Value>
				DIO_Set_Pin_Value( STEPPER_PORT , STEPPER_YELLOW_PIN , DIO_PIN_LOW  );
    19e2:	81 e0       	ldi	r24, 0x01	; 1
    19e4:	62 e0       	ldi	r22, 0x02	; 2
    19e6:	40 e0       	ldi	r20, 0x00	; 0
    19e8:	0e 94 8f 09 	call	0x131e	; 0x131e <DIO_Set_Pin_Value>
				DIO_Set_Pin_Value( STEPPER_PORT , STEPPER_ORANGE_PIN , DIO_PIN_LOW  );
    19ec:	81 e0       	ldi	r24, 0x01	; 1
    19ee:	63 e0       	ldi	r22, 0x03	; 3
    19f0:	40 e0       	ldi	r20, 0x00	; 0
    19f2:	0e 94 8f 09 	call	0x131e	; 0x131e <DIO_Set_Pin_Value>
void
_delay_ms(double __ms)
{
	uint16_t __ticks;
	double __tmp = ((F_CPU) / 4e3) * __ms;
	if (__tmp < 1.0)
    19f6:	c8 01       	movw	r24, r16
    19f8:	b7 01       	movw	r22, r14
    19fa:	20 e0       	ldi	r18, 0x00	; 0
    19fc:	30 e0       	ldi	r19, 0x00	; 0
    19fe:	40 e8       	ldi	r20, 0x80	; 128
    1a00:	5f e3       	ldi	r21, 0x3F	; 63
    1a02:	0e 94 79 03 	call	0x6f2	; 0x6f2 <__ltsf2>
    1a06:	88 23       	and	r24, r24
    1a08:	1c f4       	brge	.+6      	; 0x1a10 <STEPPER_voidOn+0x164>
    1a0a:	61 e0       	ldi	r22, 0x01	; 1
    1a0c:	70 e0       	ldi	r23, 0x00	; 0
    1a0e:	23 c0       	rjmp	.+70     	; 0x1a56 <STEPPER_voidOn+0x1aa>
		__ticks = 1;
	else if (__tmp > 65535)
    1a10:	c8 01       	movw	r24, r16
    1a12:	b7 01       	movw	r22, r14
    1a14:	20 e0       	ldi	r18, 0x00	; 0
    1a16:	3f ef       	ldi	r19, 0xFF	; 255
    1a18:	4f e7       	ldi	r20, 0x7F	; 127
    1a1a:	57 e4       	ldi	r21, 0x47	; 71
    1a1c:	0e 94 19 03 	call	0x632	; 0x632 <__gtsf2>
    1a20:	18 16       	cp	r1, r24
    1a22:	ac f4       	brge	.+42     	; 0x1a4e <STEPPER_voidOn+0x1a2>
	{
		//	__ticks = requested delay in 1/10 ms
		__ticks = (uint16_t) (__ms * 10.0);
    1a24:	c4 01       	movw	r24, r8
    1a26:	b3 01       	movw	r22, r6
    1a28:	20 e0       	ldi	r18, 0x00	; 0
    1a2a:	30 e0       	ldi	r19, 0x00	; 0
    1a2c:	40 e2       	ldi	r20, 0x20	; 32
    1a2e:	51 e4       	ldi	r21, 0x41	; 65
    1a30:	0e 94 1f 02 	call	0x43e	; 0x43e <__mulsf3>
    1a34:	0e 94 49 00 	call	0x92	; 0x92 <__fixunssfsi>
    1a38:	06 c0       	rjmp	.+12     	; 0x1a46 <STEPPER_voidOn+0x19a>
    1a3a:	88 ec       	ldi	r24, 0xC8	; 200
    1a3c:	90 e0       	ldi	r25, 0x00	; 0
    1a3e:	01 97       	sbiw	r24, 0x01	; 1
    1a40:	f1 f7       	brne	.-4      	; 0x1a3e <STEPPER_voidOn+0x192>
		while(__ticks)
		{
			// wait 1/10 ms
			_delay_loop_2(((F_CPU) / 4e3) / 10);
			__ticks --;
    1a42:	61 50       	subi	r22, 0x01	; 1
    1a44:	70 40       	sbci	r23, 0x00	; 0
		__ticks = 1;
	else if (__tmp > 65535)
	{
		//	__ticks = requested delay in 1/10 ms
		__ticks = (uint16_t) (__ms * 10.0);
		while(__ticks)
    1a46:	61 15       	cp	r22, r1
    1a48:	71 05       	cpc	r23, r1
    1a4a:	b9 f7       	brne	.-18     	; 0x1a3a <STEPPER_voidOn+0x18e>
    1a4c:	07 c0       	rjmp	.+14     	; 0x1a5c <STEPPER_voidOn+0x1b0>
			__ticks --;
		}
		return;
	}
	else
		__ticks = (uint16_t)__tmp;
    1a4e:	c8 01       	movw	r24, r16
    1a50:	b7 01       	movw	r22, r14
    1a52:	0e 94 49 00 	call	0x92	; 0x92 <__fixunssfsi>
    1a56:	cb 01       	movw	r24, r22
    1a58:	01 97       	sbiw	r24, 0x01	; 1
    1a5a:	f1 f7       	brne	.-4      	; 0x1a58 <STEPPER_voidOn+0x1ac>
				_delay_ms( Copy_u8Speed );

				DIO_Set_Pin_Value( STEPPER_PORT , STEPPER_BLUE_PIN   , DIO_PIN_LOW  );
    1a5c:	81 e0       	ldi	r24, 0x01	; 1
    1a5e:	60 e0       	ldi	r22, 0x00	; 0
    1a60:	40 e0       	ldi	r20, 0x00	; 0
    1a62:	0e 94 8f 09 	call	0x131e	; 0x131e <DIO_Set_Pin_Value>
				DIO_Set_Pin_Value( STEPPER_PORT , STEPPER_PINK_PIN   , DIO_PIN_LOW  );
    1a66:	81 e0       	ldi	r24, 0x01	; 1
    1a68:	61 e0       	ldi	r22, 0x01	; 1
    1a6a:	40 e0       	ldi	r20, 0x00	; 0
    1a6c:	0e 94 8f 09 	call	0x131e	; 0x131e <DIO_Set_Pin_Value>
				DIO_Set_Pin_Value( STEPPER_PORT , STEPPER_YELLOW_PIN , DIO_PIN_HIGH );
    1a70:	81 e0       	ldi	r24, 0x01	; 1
    1a72:	62 e0       	ldi	r22, 0x02	; 2
    1a74:	41 e0       	ldi	r20, 0x01	; 1
    1a76:	0e 94 8f 09 	call	0x131e	; 0x131e <DIO_Set_Pin_Value>
				DIO_Set_Pin_Value( STEPPER_PORT , STEPPER_ORANGE_PIN , DIO_PIN_LOW  );
    1a7a:	81 e0       	ldi	r24, 0x01	; 1
    1a7c:	63 e0       	ldi	r22, 0x03	; 3
    1a7e:	40 e0       	ldi	r20, 0x00	; 0
    1a80:	0e 94 8f 09 	call	0x131e	; 0x131e <DIO_Set_Pin_Value>
void
_delay_ms(double __ms)
{
	uint16_t __ticks;
	double __tmp = ((F_CPU) / 4e3) * __ms;
	if (__tmp < 1.0)
    1a84:	c8 01       	movw	r24, r16
    1a86:	b7 01       	movw	r22, r14
    1a88:	20 e0       	ldi	r18, 0x00	; 0
    1a8a:	30 e0       	ldi	r19, 0x00	; 0
    1a8c:	40 e8       	ldi	r20, 0x80	; 128
    1a8e:	5f e3       	ldi	r21, 0x3F	; 63
    1a90:	0e 94 79 03 	call	0x6f2	; 0x6f2 <__ltsf2>
    1a94:	88 23       	and	r24, r24
    1a96:	1c f4       	brge	.+6      	; 0x1a9e <STEPPER_voidOn+0x1f2>
    1a98:	61 e0       	ldi	r22, 0x01	; 1
    1a9a:	70 e0       	ldi	r23, 0x00	; 0
    1a9c:	23 c0       	rjmp	.+70     	; 0x1ae4 <STEPPER_voidOn+0x238>
		__ticks = 1;
	else if (__tmp > 65535)
    1a9e:	c8 01       	movw	r24, r16
    1aa0:	b7 01       	movw	r22, r14
    1aa2:	20 e0       	ldi	r18, 0x00	; 0
    1aa4:	3f ef       	ldi	r19, 0xFF	; 255
    1aa6:	4f e7       	ldi	r20, 0x7F	; 127
    1aa8:	57 e4       	ldi	r21, 0x47	; 71
    1aaa:	0e 94 19 03 	call	0x632	; 0x632 <__gtsf2>
    1aae:	18 16       	cp	r1, r24
    1ab0:	ac f4       	brge	.+42     	; 0x1adc <STEPPER_voidOn+0x230>
	{
		//	__ticks = requested delay in 1/10 ms
		__ticks = (uint16_t) (__ms * 10.0);
    1ab2:	c4 01       	movw	r24, r8
    1ab4:	b3 01       	movw	r22, r6
    1ab6:	20 e0       	ldi	r18, 0x00	; 0
    1ab8:	30 e0       	ldi	r19, 0x00	; 0
    1aba:	40 e2       	ldi	r20, 0x20	; 32
    1abc:	51 e4       	ldi	r21, 0x41	; 65
    1abe:	0e 94 1f 02 	call	0x43e	; 0x43e <__mulsf3>
    1ac2:	0e 94 49 00 	call	0x92	; 0x92 <__fixunssfsi>
    1ac6:	06 c0       	rjmp	.+12     	; 0x1ad4 <STEPPER_voidOn+0x228>
    1ac8:	88 ec       	ldi	r24, 0xC8	; 200
    1aca:	90 e0       	ldi	r25, 0x00	; 0
    1acc:	01 97       	sbiw	r24, 0x01	; 1
    1ace:	f1 f7       	brne	.-4      	; 0x1acc <STEPPER_voidOn+0x220>
		while(__ticks)
		{
			// wait 1/10 ms
			_delay_loop_2(((F_CPU) / 4e3) / 10);
			__ticks --;
    1ad0:	61 50       	subi	r22, 0x01	; 1
    1ad2:	70 40       	sbci	r23, 0x00	; 0
		__ticks = 1;
	else if (__tmp > 65535)
	{
		//	__ticks = requested delay in 1/10 ms
		__ticks = (uint16_t) (__ms * 10.0);
		while(__ticks)
    1ad4:	61 15       	cp	r22, r1
    1ad6:	71 05       	cpc	r23, r1
    1ad8:	b9 f7       	brne	.-18     	; 0x1ac8 <STEPPER_voidOn+0x21c>
    1ada:	07 c0       	rjmp	.+14     	; 0x1aea <STEPPER_voidOn+0x23e>
			__ticks --;
		}
		return;
	}
	else
		__ticks = (uint16_t)__tmp;
    1adc:	c8 01       	movw	r24, r16
    1ade:	b7 01       	movw	r22, r14
    1ae0:	0e 94 49 00 	call	0x92	; 0x92 <__fixunssfsi>
    1ae4:	cb 01       	movw	r24, r22
    1ae6:	01 97       	sbiw	r24, 0x01	; 1
    1ae8:	f1 f7       	brne	.-4      	; 0x1ae6 <STEPPER_voidOn+0x23a>
				_delay_ms( Copy_u8Speed );

				DIO_Set_Pin_Value( STEPPER_PORT , STEPPER_BLUE_PIN   , DIO_PIN_LOW  );
    1aea:	81 e0       	ldi	r24, 0x01	; 1
    1aec:	60 e0       	ldi	r22, 0x00	; 0
    1aee:	40 e0       	ldi	r20, 0x00	; 0
    1af0:	0e 94 8f 09 	call	0x131e	; 0x131e <DIO_Set_Pin_Value>
				DIO_Set_Pin_Value( STEPPER_PORT , STEPPER_PINK_PIN   , DIO_PIN_LOW  );
    1af4:	81 e0       	ldi	r24, 0x01	; 1
    1af6:	61 e0       	ldi	r22, 0x01	; 1
    1af8:	40 e0       	ldi	r20, 0x00	; 0
    1afa:	0e 94 8f 09 	call	0x131e	; 0x131e <DIO_Set_Pin_Value>
				DIO_Set_Pin_Value( STEPPER_PORT , STEPPER_YELLOW_PIN , DIO_PIN_LOW  );
    1afe:	81 e0       	ldi	r24, 0x01	; 1
    1b00:	62 e0       	ldi	r22, 0x02	; 2
    1b02:	40 e0       	ldi	r20, 0x00	; 0
    1b04:	0e 94 8f 09 	call	0x131e	; 0x131e <DIO_Set_Pin_Value>
				DIO_Set_Pin_Value( STEPPER_PORT , STEPPER_ORANGE_PIN , DIO_PIN_HIGH );
    1b08:	81 e0       	ldi	r24, 0x01	; 1
    1b0a:	63 e0       	ldi	r22, 0x03	; 3
    1b0c:	41 e0       	ldi	r20, 0x01	; 1
    1b0e:	0e 94 8f 09 	call	0x131e	; 0x131e <DIO_Set_Pin_Value>
void
_delay_ms(double __ms)
{
	uint16_t __ticks;
	double __tmp = ((F_CPU) / 4e3) * __ms;
	if (__tmp < 1.0)
    1b12:	c8 01       	movw	r24, r16
    1b14:	b7 01       	movw	r22, r14
    1b16:	20 e0       	ldi	r18, 0x00	; 0
    1b18:	30 e0       	ldi	r19, 0x00	; 0
    1b1a:	40 e8       	ldi	r20, 0x80	; 128
    1b1c:	5f e3       	ldi	r21, 0x3F	; 63
    1b1e:	0e 94 79 03 	call	0x6f2	; 0x6f2 <__ltsf2>
    1b22:	88 23       	and	r24, r24
    1b24:	1c f4       	brge	.+6      	; 0x1b2c <STEPPER_voidOn+0x280>
    1b26:	61 e0       	ldi	r22, 0x01	; 1
    1b28:	70 e0       	ldi	r23, 0x00	; 0
    1b2a:	23 c0       	rjmp	.+70     	; 0x1b72 <STEPPER_voidOn+0x2c6>
		__ticks = 1;
	else if (__tmp > 65535)
    1b2c:	c8 01       	movw	r24, r16
    1b2e:	b7 01       	movw	r22, r14
    1b30:	20 e0       	ldi	r18, 0x00	; 0
    1b32:	3f ef       	ldi	r19, 0xFF	; 255
    1b34:	4f e7       	ldi	r20, 0x7F	; 127
    1b36:	57 e4       	ldi	r21, 0x47	; 71
    1b38:	0e 94 19 03 	call	0x632	; 0x632 <__gtsf2>
    1b3c:	18 16       	cp	r1, r24
    1b3e:	ac f4       	brge	.+42     	; 0x1b6a <STEPPER_voidOn+0x2be>
	{
		//	__ticks = requested delay in 1/10 ms
		__ticks = (uint16_t) (__ms * 10.0);
    1b40:	c4 01       	movw	r24, r8
    1b42:	b3 01       	movw	r22, r6
    1b44:	20 e0       	ldi	r18, 0x00	; 0
    1b46:	30 e0       	ldi	r19, 0x00	; 0
    1b48:	40 e2       	ldi	r20, 0x20	; 32
    1b4a:	51 e4       	ldi	r21, 0x41	; 65
    1b4c:	0e 94 1f 02 	call	0x43e	; 0x43e <__mulsf3>
    1b50:	0e 94 49 00 	call	0x92	; 0x92 <__fixunssfsi>
    1b54:	06 c0       	rjmp	.+12     	; 0x1b62 <STEPPER_voidOn+0x2b6>
    1b56:	88 ec       	ldi	r24, 0xC8	; 200
    1b58:	90 e0       	ldi	r25, 0x00	; 0
    1b5a:	01 97       	sbiw	r24, 0x01	; 1
    1b5c:	f1 f7       	brne	.-4      	; 0x1b5a <STEPPER_voidOn+0x2ae>
		while(__ticks)
		{
			// wait 1/10 ms
			_delay_loop_2(((F_CPU) / 4e3) / 10);
			__ticks --;
    1b5e:	61 50       	subi	r22, 0x01	; 1
    1b60:	70 40       	sbci	r23, 0x00	; 0
		__ticks = 1;
	else if (__tmp > 65535)
	{
		//	__ticks = requested delay in 1/10 ms
		__ticks = (uint16_t) (__ms * 10.0);
		while(__ticks)
    1b62:	61 15       	cp	r22, r1
    1b64:	71 05       	cpc	r23, r1
    1b66:	b9 f7       	brne	.-18     	; 0x1b56 <STEPPER_voidOn+0x2aa>
    1b68:	07 c0       	rjmp	.+14     	; 0x1b78 <STEPPER_voidOn+0x2cc>
			__ticks --;
		}
		return;
	}
	else
		__ticks = (uint16_t)__tmp;
    1b6a:	c8 01       	movw	r24, r16
    1b6c:	b7 01       	movw	r22, r14
    1b6e:	0e 94 49 00 	call	0x92	; 0x92 <__fixunssfsi>
    1b72:	cb 01       	movw	r24, r22
    1b74:	01 97       	sbiw	r24, 0x01	; 1
    1b76:	f1 f7       	brne	.-4      	; 0x1b74 <STEPPER_voidOn+0x2c8>
	{

		if( Copy_u8Direction == STEPPER_CLOCK_WISE )
		{

			for( LOC_u16Iterator = 0 ; LOC_u16Iterator < ( ( (u32)Copy_u16Degree * 256 ) / 45 ) /  4; LOC_u16Iterator++  ){
    1b78:	08 94       	sec
    1b7a:	21 1c       	adc	r2, r1
    1b7c:	31 1c       	adc	r3, r1
    1b7e:	41 1c       	adc	r4, r1
    1b80:	51 1c       	adc	r5, r1
    1b82:	2a 14       	cp	r2, r10
    1b84:	3b 04       	cpc	r3, r11
    1b86:	4c 04       	cpc	r4, r12
    1b88:	5d 04       	cpc	r5, r13
    1b8a:	08 f4       	brcc	.+2      	; 0x1b8e <STEPPER_voidOn+0x2e2>
    1b8c:	cb ce       	rjmp	.-618    	; 0x1924 <STEPPER_voidOn+0x78>
    1b8e:	3c c6       	rjmp	.+3192   	; 0x2808 <STEPPER_voidOn+0xf5c>
				_delay_ms( Copy_u8Speed );


			}

		}else if( Copy_u8Direction == STEPPER_ANTI_CLOCK_WISE )
    1b90:	66 23       	and	r22, r22
    1b92:	09 f0       	breq	.+2      	; 0x1b96 <STEPPER_voidOn+0x2ea>
    1b94:	39 c6       	rjmp	.+3186   	; 0x2808 <STEPPER_voidOn+0xf5c>
		{

			for( LOC_u16Iterator = 0 ; LOC_u16Iterator < ( ( (u32)Copy_u16Degree * 256 ) / 45 ) / 4 ; LOC_u16Iterator++  ){
    1b96:	b9 01       	movw	r22, r18
    1b98:	80 e0       	ldi	r24, 0x00	; 0
    1b9a:	90 e0       	ldi	r25, 0x00	; 0
    1b9c:	98 2f       	mov	r25, r24
    1b9e:	87 2f       	mov	r24, r23
    1ba0:	76 2f       	mov	r23, r22
    1ba2:	66 27       	eor	r22, r22
    1ba4:	24 eb       	ldi	r18, 0xB4	; 180
    1ba6:	30 e0       	ldi	r19, 0x00	; 0
    1ba8:	40 e0       	ldi	r20, 0x00	; 0
    1baa:	50 e0       	ldi	r21, 0x00	; 0
    1bac:	0e 94 1e 1a 	call	0x343c	; 0x343c <__udivmodsi4>
    1bb0:	59 01       	movw	r10, r18
    1bb2:	6a 01       	movw	r12, r20
    1bb4:	22 24       	eor	r2, r2
    1bb6:	33 24       	eor	r3, r3
    1bb8:	21 01       	movw	r4, r2

				DIO_Set_Pin_Value( STEPPER_PORT , STEPPER_BLUE_PIN   , DIO_PIN_LOW  );
				DIO_Set_Pin_Value( STEPPER_PORT , STEPPER_PINK_PIN   , DIO_PIN_LOW  );
				DIO_Set_Pin_Value( STEPPER_PORT , STEPPER_YELLOW_PIN , DIO_PIN_LOW  );
				DIO_Set_Pin_Value( STEPPER_PORT , STEPPER_ORANGE_PIN , DIO_PIN_HIGH );
				_delay_ms( Copy_u8Speed );
    1bba:	81 2f       	mov	r24, r17
    1bbc:	90 e0       	ldi	r25, 0x00	; 0
    1bbe:	a0 e0       	ldi	r26, 0x00	; 0
    1bc0:	b0 e0       	ldi	r27, 0x00	; 0
    1bc2:	8d 83       	std	Y+5, r24	; 0x05
    1bc4:	9e 83       	std	Y+6, r25	; 0x06
    1bc6:	af 83       	std	Y+7, r26	; 0x07
    1bc8:	b8 87       	std	Y+8, r27	; 0x08
    1bca:	2f c1       	rjmp	.+606    	; 0x1e2a <STEPPER_voidOn+0x57e>
		}else if( Copy_u8Direction == STEPPER_ANTI_CLOCK_WISE )
		{

			for( LOC_u16Iterator = 0 ; LOC_u16Iterator < ( ( (u32)Copy_u16Degree * 256 ) / 45 ) / 4 ; LOC_u16Iterator++  ){

				DIO_Set_Pin_Value( STEPPER_PORT , STEPPER_BLUE_PIN   , DIO_PIN_LOW  );
    1bcc:	81 e0       	ldi	r24, 0x01	; 1
    1bce:	60 e0       	ldi	r22, 0x00	; 0
    1bd0:	40 e0       	ldi	r20, 0x00	; 0
    1bd2:	0e 94 8f 09 	call	0x131e	; 0x131e <DIO_Set_Pin_Value>
				DIO_Set_Pin_Value( STEPPER_PORT , STEPPER_PINK_PIN   , DIO_PIN_LOW  );
    1bd6:	81 e0       	ldi	r24, 0x01	; 1
    1bd8:	61 e0       	ldi	r22, 0x01	; 1
    1bda:	40 e0       	ldi	r20, 0x00	; 0
    1bdc:	0e 94 8f 09 	call	0x131e	; 0x131e <DIO_Set_Pin_Value>
				DIO_Set_Pin_Value( STEPPER_PORT , STEPPER_YELLOW_PIN , DIO_PIN_LOW  );
    1be0:	81 e0       	ldi	r24, 0x01	; 1
    1be2:	62 e0       	ldi	r22, 0x02	; 2
    1be4:	40 e0       	ldi	r20, 0x00	; 0
    1be6:	0e 94 8f 09 	call	0x131e	; 0x131e <DIO_Set_Pin_Value>
				DIO_Set_Pin_Value( STEPPER_PORT , STEPPER_ORANGE_PIN , DIO_PIN_HIGH );
    1bea:	81 e0       	ldi	r24, 0x01	; 1
    1bec:	63 e0       	ldi	r22, 0x03	; 3
    1bee:	41 e0       	ldi	r20, 0x01	; 1
    1bf0:	0e 94 8f 09 	call	0x131e	; 0x131e <DIO_Set_Pin_Value>
				_delay_ms( Copy_u8Speed );
    1bf4:	6d 81       	ldd	r22, Y+5	; 0x05
    1bf6:	7e 81       	ldd	r23, Y+6	; 0x06
    1bf8:	8f 81       	ldd	r24, Y+7	; 0x07
    1bfa:	98 85       	ldd	r25, Y+8	; 0x08
    1bfc:	0e 94 fd 03 	call	0x7fa	; 0x7fa <__floatunsisf>
    1c00:	3b 01       	movw	r6, r22
    1c02:	4c 01       	movw	r8, r24
 */
void
_delay_ms(double __ms)
{
	uint16_t __ticks;
	double __tmp = ((F_CPU) / 4e3) * __ms;
    1c04:	20 e0       	ldi	r18, 0x00	; 0
    1c06:	30 e0       	ldi	r19, 0x00	; 0
    1c08:	4a ef       	ldi	r20, 0xFA	; 250
    1c0a:	54 e4       	ldi	r21, 0x44	; 68
    1c0c:	0e 94 1f 02 	call	0x43e	; 0x43e <__mulsf3>
    1c10:	7b 01       	movw	r14, r22
    1c12:	8c 01       	movw	r16, r24
	if (__tmp < 1.0)
    1c14:	20 e0       	ldi	r18, 0x00	; 0
    1c16:	30 e0       	ldi	r19, 0x00	; 0
    1c18:	40 e8       	ldi	r20, 0x80	; 128
    1c1a:	5f e3       	ldi	r21, 0x3F	; 63
    1c1c:	0e 94 79 03 	call	0x6f2	; 0x6f2 <__ltsf2>
    1c20:	88 23       	and	r24, r24
    1c22:	1c f4       	brge	.+6      	; 0x1c2a <STEPPER_voidOn+0x37e>
    1c24:	61 e0       	ldi	r22, 0x01	; 1
    1c26:	70 e0       	ldi	r23, 0x00	; 0
    1c28:	23 c0       	rjmp	.+70     	; 0x1c70 <STEPPER_voidOn+0x3c4>
		__ticks = 1;
	else if (__tmp > 65535)
    1c2a:	c8 01       	movw	r24, r16
    1c2c:	b7 01       	movw	r22, r14
    1c2e:	20 e0       	ldi	r18, 0x00	; 0
    1c30:	3f ef       	ldi	r19, 0xFF	; 255
    1c32:	4f e7       	ldi	r20, 0x7F	; 127
    1c34:	57 e4       	ldi	r21, 0x47	; 71
    1c36:	0e 94 19 03 	call	0x632	; 0x632 <__gtsf2>
    1c3a:	18 16       	cp	r1, r24
    1c3c:	ac f4       	brge	.+42     	; 0x1c68 <STEPPER_voidOn+0x3bc>
	{
		//	__ticks = requested delay in 1/10 ms
		__ticks = (uint16_t) (__ms * 10.0);
    1c3e:	c4 01       	movw	r24, r8
    1c40:	b3 01       	movw	r22, r6
    1c42:	20 e0       	ldi	r18, 0x00	; 0
    1c44:	30 e0       	ldi	r19, 0x00	; 0
    1c46:	40 e2       	ldi	r20, 0x20	; 32
    1c48:	51 e4       	ldi	r21, 0x41	; 65
    1c4a:	0e 94 1f 02 	call	0x43e	; 0x43e <__mulsf3>
    1c4e:	0e 94 49 00 	call	0x92	; 0x92 <__fixunssfsi>
    1c52:	06 c0       	rjmp	.+12     	; 0x1c60 <STEPPER_voidOn+0x3b4>
    1c54:	88 ec       	ldi	r24, 0xC8	; 200
    1c56:	90 e0       	ldi	r25, 0x00	; 0
    1c58:	01 97       	sbiw	r24, 0x01	; 1
    1c5a:	f1 f7       	brne	.-4      	; 0x1c58 <STEPPER_voidOn+0x3ac>
		while(__ticks)
		{
			// wait 1/10 ms
			_delay_loop_2(((F_CPU) / 4e3) / 10);
			__ticks --;
    1c5c:	61 50       	subi	r22, 0x01	; 1
    1c5e:	70 40       	sbci	r23, 0x00	; 0
		__ticks = 1;
	else if (__tmp > 65535)
	{
		//	__ticks = requested delay in 1/10 ms
		__ticks = (uint16_t) (__ms * 10.0);
		while(__ticks)
    1c60:	61 15       	cp	r22, r1
    1c62:	71 05       	cpc	r23, r1
    1c64:	b9 f7       	brne	.-18     	; 0x1c54 <STEPPER_voidOn+0x3a8>
    1c66:	07 c0       	rjmp	.+14     	; 0x1c76 <STEPPER_voidOn+0x3ca>
			__ticks --;
		}
		return;
	}
	else
		__ticks = (uint16_t)__tmp;
    1c68:	c8 01       	movw	r24, r16
    1c6a:	b7 01       	movw	r22, r14
    1c6c:	0e 94 49 00 	call	0x92	; 0x92 <__fixunssfsi>
    1c70:	cb 01       	movw	r24, r22
    1c72:	01 97       	sbiw	r24, 0x01	; 1
    1c74:	f1 f7       	brne	.-4      	; 0x1c72 <STEPPER_voidOn+0x3c6>

				DIO_Set_Pin_Value( STEPPER_PORT , STEPPER_BLUE_PIN   , DIO_PIN_LOW  );
    1c76:	81 e0       	ldi	r24, 0x01	; 1
    1c78:	60 e0       	ldi	r22, 0x00	; 0
    1c7a:	40 e0       	ldi	r20, 0x00	; 0
    1c7c:	0e 94 8f 09 	call	0x131e	; 0x131e <DIO_Set_Pin_Value>
				DIO_Set_Pin_Value( STEPPER_PORT , STEPPER_PINK_PIN   , DIO_PIN_LOW  );
    1c80:	81 e0       	ldi	r24, 0x01	; 1
    1c82:	61 e0       	ldi	r22, 0x01	; 1
    1c84:	40 e0       	ldi	r20, 0x00	; 0
    1c86:	0e 94 8f 09 	call	0x131e	; 0x131e <DIO_Set_Pin_Value>
				DIO_Set_Pin_Value( STEPPER_PORT , STEPPER_YELLOW_PIN , DIO_PIN_HIGH );
    1c8a:	81 e0       	ldi	r24, 0x01	; 1
    1c8c:	62 e0       	ldi	r22, 0x02	; 2
    1c8e:	41 e0       	ldi	r20, 0x01	; 1
    1c90:	0e 94 8f 09 	call	0x131e	; 0x131e <DIO_Set_Pin_Value>
				DIO_Set_Pin_Value( STEPPER_PORT , STEPPER_ORANGE_PIN , DIO_PIN_LOW  );
    1c94:	81 e0       	ldi	r24, 0x01	; 1
    1c96:	63 e0       	ldi	r22, 0x03	; 3
    1c98:	40 e0       	ldi	r20, 0x00	; 0
    1c9a:	0e 94 8f 09 	call	0x131e	; 0x131e <DIO_Set_Pin_Value>
void
_delay_ms(double __ms)
{
	uint16_t __ticks;
	double __tmp = ((F_CPU) / 4e3) * __ms;
	if (__tmp < 1.0)
    1c9e:	c8 01       	movw	r24, r16
    1ca0:	b7 01       	movw	r22, r14
    1ca2:	20 e0       	ldi	r18, 0x00	; 0
    1ca4:	30 e0       	ldi	r19, 0x00	; 0
    1ca6:	40 e8       	ldi	r20, 0x80	; 128
    1ca8:	5f e3       	ldi	r21, 0x3F	; 63
    1caa:	0e 94 79 03 	call	0x6f2	; 0x6f2 <__ltsf2>
    1cae:	88 23       	and	r24, r24
    1cb0:	1c f4       	brge	.+6      	; 0x1cb8 <STEPPER_voidOn+0x40c>
    1cb2:	61 e0       	ldi	r22, 0x01	; 1
    1cb4:	70 e0       	ldi	r23, 0x00	; 0
    1cb6:	23 c0       	rjmp	.+70     	; 0x1cfe <STEPPER_voidOn+0x452>
		__ticks = 1;
	else if (__tmp > 65535)
    1cb8:	c8 01       	movw	r24, r16
    1cba:	b7 01       	movw	r22, r14
    1cbc:	20 e0       	ldi	r18, 0x00	; 0
    1cbe:	3f ef       	ldi	r19, 0xFF	; 255
    1cc0:	4f e7       	ldi	r20, 0x7F	; 127
    1cc2:	57 e4       	ldi	r21, 0x47	; 71
    1cc4:	0e 94 19 03 	call	0x632	; 0x632 <__gtsf2>
    1cc8:	18 16       	cp	r1, r24
    1cca:	ac f4       	brge	.+42     	; 0x1cf6 <STEPPER_voidOn+0x44a>
	{
		//	__ticks = requested delay in 1/10 ms
		__ticks = (uint16_t) (__ms * 10.0);
    1ccc:	c4 01       	movw	r24, r8
    1cce:	b3 01       	movw	r22, r6
    1cd0:	20 e0       	ldi	r18, 0x00	; 0
    1cd2:	30 e0       	ldi	r19, 0x00	; 0
    1cd4:	40 e2       	ldi	r20, 0x20	; 32
    1cd6:	51 e4       	ldi	r21, 0x41	; 65
    1cd8:	0e 94 1f 02 	call	0x43e	; 0x43e <__mulsf3>
    1cdc:	0e 94 49 00 	call	0x92	; 0x92 <__fixunssfsi>
    1ce0:	06 c0       	rjmp	.+12     	; 0x1cee <STEPPER_voidOn+0x442>
    1ce2:	88 ec       	ldi	r24, 0xC8	; 200
    1ce4:	90 e0       	ldi	r25, 0x00	; 0
    1ce6:	01 97       	sbiw	r24, 0x01	; 1
    1ce8:	f1 f7       	brne	.-4      	; 0x1ce6 <STEPPER_voidOn+0x43a>
		while(__ticks)
		{
			// wait 1/10 ms
			_delay_loop_2(((F_CPU) / 4e3) / 10);
			__ticks --;
    1cea:	61 50       	subi	r22, 0x01	; 1
    1cec:	70 40       	sbci	r23, 0x00	; 0
		__ticks = 1;
	else if (__tmp > 65535)
	{
		//	__ticks = requested delay in 1/10 ms
		__ticks = (uint16_t) (__ms * 10.0);
		while(__ticks)
    1cee:	61 15       	cp	r22, r1
    1cf0:	71 05       	cpc	r23, r1
    1cf2:	b9 f7       	brne	.-18     	; 0x1ce2 <STEPPER_voidOn+0x436>
    1cf4:	07 c0       	rjmp	.+14     	; 0x1d04 <STEPPER_voidOn+0x458>
			__ticks --;
		}
		return;
	}
	else
		__ticks = (uint16_t)__tmp;
    1cf6:	c8 01       	movw	r24, r16
    1cf8:	b7 01       	movw	r22, r14
    1cfa:	0e 94 49 00 	call	0x92	; 0x92 <__fixunssfsi>
    1cfe:	cb 01       	movw	r24, r22
    1d00:	01 97       	sbiw	r24, 0x01	; 1
    1d02:	f1 f7       	brne	.-4      	; 0x1d00 <STEPPER_voidOn+0x454>
				_delay_ms( Copy_u8Speed );

				DIO_Set_Pin_Value( STEPPER_PORT , STEPPER_BLUE_PIN   , DIO_PIN_LOW  );
    1d04:	81 e0       	ldi	r24, 0x01	; 1
    1d06:	60 e0       	ldi	r22, 0x00	; 0
    1d08:	40 e0       	ldi	r20, 0x00	; 0
    1d0a:	0e 94 8f 09 	call	0x131e	; 0x131e <DIO_Set_Pin_Value>
				DIO_Set_Pin_Value( STEPPER_PORT , STEPPER_PINK_PIN   , DIO_PIN_HIGH );
    1d0e:	81 e0       	ldi	r24, 0x01	; 1
    1d10:	61 e0       	ldi	r22, 0x01	; 1
    1d12:	41 e0       	ldi	r20, 0x01	; 1
    1d14:	0e 94 8f 09 	call	0x131e	; 0x131e <DIO_Set_Pin_Value>
				DIO_Set_Pin_Value( STEPPER_PORT , STEPPER_YELLOW_PIN , DIO_PIN_LOW  );
    1d18:	81 e0       	ldi	r24, 0x01	; 1
    1d1a:	62 e0       	ldi	r22, 0x02	; 2
    1d1c:	40 e0       	ldi	r20, 0x00	; 0
    1d1e:	0e 94 8f 09 	call	0x131e	; 0x131e <DIO_Set_Pin_Value>
				DIO_Set_Pin_Value( STEPPER_PORT , STEPPER_ORANGE_PIN , DIO_PIN_LOW  );
    1d22:	81 e0       	ldi	r24, 0x01	; 1
    1d24:	63 e0       	ldi	r22, 0x03	; 3
    1d26:	40 e0       	ldi	r20, 0x00	; 0
    1d28:	0e 94 8f 09 	call	0x131e	; 0x131e <DIO_Set_Pin_Value>
void
_delay_ms(double __ms)
{
	uint16_t __ticks;
	double __tmp = ((F_CPU) / 4e3) * __ms;
	if (__tmp < 1.0)
    1d2c:	c8 01       	movw	r24, r16
    1d2e:	b7 01       	movw	r22, r14
    1d30:	20 e0       	ldi	r18, 0x00	; 0
    1d32:	30 e0       	ldi	r19, 0x00	; 0
    1d34:	40 e8       	ldi	r20, 0x80	; 128
    1d36:	5f e3       	ldi	r21, 0x3F	; 63
    1d38:	0e 94 79 03 	call	0x6f2	; 0x6f2 <__ltsf2>
    1d3c:	88 23       	and	r24, r24
    1d3e:	1c f4       	brge	.+6      	; 0x1d46 <STEPPER_voidOn+0x49a>
    1d40:	61 e0       	ldi	r22, 0x01	; 1
    1d42:	70 e0       	ldi	r23, 0x00	; 0
    1d44:	23 c0       	rjmp	.+70     	; 0x1d8c <STEPPER_voidOn+0x4e0>
		__ticks = 1;
	else if (__tmp > 65535)
    1d46:	c8 01       	movw	r24, r16
    1d48:	b7 01       	movw	r22, r14
    1d4a:	20 e0       	ldi	r18, 0x00	; 0
    1d4c:	3f ef       	ldi	r19, 0xFF	; 255
    1d4e:	4f e7       	ldi	r20, 0x7F	; 127
    1d50:	57 e4       	ldi	r21, 0x47	; 71
    1d52:	0e 94 19 03 	call	0x632	; 0x632 <__gtsf2>
    1d56:	18 16       	cp	r1, r24
    1d58:	ac f4       	brge	.+42     	; 0x1d84 <STEPPER_voidOn+0x4d8>
	{
		//	__ticks = requested delay in 1/10 ms
		__ticks = (uint16_t) (__ms * 10.0);
    1d5a:	c4 01       	movw	r24, r8
    1d5c:	b3 01       	movw	r22, r6
    1d5e:	20 e0       	ldi	r18, 0x00	; 0
    1d60:	30 e0       	ldi	r19, 0x00	; 0
    1d62:	40 e2       	ldi	r20, 0x20	; 32
    1d64:	51 e4       	ldi	r21, 0x41	; 65
    1d66:	0e 94 1f 02 	call	0x43e	; 0x43e <__mulsf3>
    1d6a:	0e 94 49 00 	call	0x92	; 0x92 <__fixunssfsi>
    1d6e:	06 c0       	rjmp	.+12     	; 0x1d7c <STEPPER_voidOn+0x4d0>
    1d70:	88 ec       	ldi	r24, 0xC8	; 200
    1d72:	90 e0       	ldi	r25, 0x00	; 0
    1d74:	01 97       	sbiw	r24, 0x01	; 1
    1d76:	f1 f7       	brne	.-4      	; 0x1d74 <STEPPER_voidOn+0x4c8>
		while(__ticks)
		{
			// wait 1/10 ms
			_delay_loop_2(((F_CPU) / 4e3) / 10);
			__ticks --;
    1d78:	61 50       	subi	r22, 0x01	; 1
    1d7a:	70 40       	sbci	r23, 0x00	; 0
		__ticks = 1;
	else if (__tmp > 65535)
	{
		//	__ticks = requested delay in 1/10 ms
		__ticks = (uint16_t) (__ms * 10.0);
		while(__ticks)
    1d7c:	61 15       	cp	r22, r1
    1d7e:	71 05       	cpc	r23, r1
    1d80:	b9 f7       	brne	.-18     	; 0x1d70 <STEPPER_voidOn+0x4c4>
    1d82:	07 c0       	rjmp	.+14     	; 0x1d92 <STEPPER_voidOn+0x4e6>
			__ticks --;
		}
		return;
	}
	else
		__ticks = (uint16_t)__tmp;
    1d84:	c8 01       	movw	r24, r16
    1d86:	b7 01       	movw	r22, r14
    1d88:	0e 94 49 00 	call	0x92	; 0x92 <__fixunssfsi>
    1d8c:	cb 01       	movw	r24, r22
    1d8e:	01 97       	sbiw	r24, 0x01	; 1
    1d90:	f1 f7       	brne	.-4      	; 0x1d8e <STEPPER_voidOn+0x4e2>
				_delay_ms( Copy_u8Speed );

				DIO_Set_Pin_Value( STEPPER_PORT , STEPPER_BLUE_PIN   , DIO_PIN_HIGH );
    1d92:	81 e0       	ldi	r24, 0x01	; 1
    1d94:	60 e0       	ldi	r22, 0x00	; 0
    1d96:	41 e0       	ldi	r20, 0x01	; 1
    1d98:	0e 94 8f 09 	call	0x131e	; 0x131e <DIO_Set_Pin_Value>
				DIO_Set_Pin_Value( STEPPER_PORT , STEPPER_PINK_PIN   , DIO_PIN_LOW  );
    1d9c:	81 e0       	ldi	r24, 0x01	; 1
    1d9e:	61 e0       	ldi	r22, 0x01	; 1
    1da0:	40 e0       	ldi	r20, 0x00	; 0
    1da2:	0e 94 8f 09 	call	0x131e	; 0x131e <DIO_Set_Pin_Value>
				DIO_Set_Pin_Value( STEPPER_PORT , STEPPER_YELLOW_PIN , DIO_PIN_LOW  );
    1da6:	81 e0       	ldi	r24, 0x01	; 1
    1da8:	62 e0       	ldi	r22, 0x02	; 2
    1daa:	40 e0       	ldi	r20, 0x00	; 0
    1dac:	0e 94 8f 09 	call	0x131e	; 0x131e <DIO_Set_Pin_Value>
				DIO_Set_Pin_Value( STEPPER_PORT , STEPPER_ORANGE_PIN , DIO_PIN_LOW  );
    1db0:	81 e0       	ldi	r24, 0x01	; 1
    1db2:	63 e0       	ldi	r22, 0x03	; 3
    1db4:	40 e0       	ldi	r20, 0x00	; 0
    1db6:	0e 94 8f 09 	call	0x131e	; 0x131e <DIO_Set_Pin_Value>
void
_delay_ms(double __ms)
{
	uint16_t __ticks;
	double __tmp = ((F_CPU) / 4e3) * __ms;
	if (__tmp < 1.0)
    1dba:	c8 01       	movw	r24, r16
    1dbc:	b7 01       	movw	r22, r14
    1dbe:	20 e0       	ldi	r18, 0x00	; 0
    1dc0:	30 e0       	ldi	r19, 0x00	; 0
    1dc2:	40 e8       	ldi	r20, 0x80	; 128
    1dc4:	5f e3       	ldi	r21, 0x3F	; 63
    1dc6:	0e 94 79 03 	call	0x6f2	; 0x6f2 <__ltsf2>
    1dca:	88 23       	and	r24, r24
    1dcc:	1c f4       	brge	.+6      	; 0x1dd4 <STEPPER_voidOn+0x528>
    1dce:	61 e0       	ldi	r22, 0x01	; 1
    1dd0:	70 e0       	ldi	r23, 0x00	; 0
    1dd2:	23 c0       	rjmp	.+70     	; 0x1e1a <STEPPER_voidOn+0x56e>
		__ticks = 1;
	else if (__tmp > 65535)
    1dd4:	c8 01       	movw	r24, r16
    1dd6:	b7 01       	movw	r22, r14
    1dd8:	20 e0       	ldi	r18, 0x00	; 0
    1dda:	3f ef       	ldi	r19, 0xFF	; 255
    1ddc:	4f e7       	ldi	r20, 0x7F	; 127
    1dde:	57 e4       	ldi	r21, 0x47	; 71
    1de0:	0e 94 19 03 	call	0x632	; 0x632 <__gtsf2>
    1de4:	18 16       	cp	r1, r24
    1de6:	ac f4       	brge	.+42     	; 0x1e12 <STEPPER_voidOn+0x566>
	{
		//	__ticks = requested delay in 1/10 ms
		__ticks = (uint16_t) (__ms * 10.0);
    1de8:	c4 01       	movw	r24, r8
    1dea:	b3 01       	movw	r22, r6
    1dec:	20 e0       	ldi	r18, 0x00	; 0
    1dee:	30 e0       	ldi	r19, 0x00	; 0
    1df0:	40 e2       	ldi	r20, 0x20	; 32
    1df2:	51 e4       	ldi	r21, 0x41	; 65
    1df4:	0e 94 1f 02 	call	0x43e	; 0x43e <__mulsf3>
    1df8:	0e 94 49 00 	call	0x92	; 0x92 <__fixunssfsi>
    1dfc:	06 c0       	rjmp	.+12     	; 0x1e0a <STEPPER_voidOn+0x55e>
    1dfe:	88 ec       	ldi	r24, 0xC8	; 200
    1e00:	90 e0       	ldi	r25, 0x00	; 0
    1e02:	01 97       	sbiw	r24, 0x01	; 1
    1e04:	f1 f7       	brne	.-4      	; 0x1e02 <STEPPER_voidOn+0x556>
		while(__ticks)
		{
			// wait 1/10 ms
			_delay_loop_2(((F_CPU) / 4e3) / 10);
			__ticks --;
    1e06:	61 50       	subi	r22, 0x01	; 1
    1e08:	70 40       	sbci	r23, 0x00	; 0
		__ticks = 1;
	else if (__tmp > 65535)
	{
		//	__ticks = requested delay in 1/10 ms
		__ticks = (uint16_t) (__ms * 10.0);
		while(__ticks)
    1e0a:	61 15       	cp	r22, r1
    1e0c:	71 05       	cpc	r23, r1
    1e0e:	b9 f7       	brne	.-18     	; 0x1dfe <STEPPER_voidOn+0x552>
    1e10:	07 c0       	rjmp	.+14     	; 0x1e20 <STEPPER_voidOn+0x574>
			__ticks --;
		}
		return;
	}
	else
		__ticks = (uint16_t)__tmp;
    1e12:	c8 01       	movw	r24, r16
    1e14:	b7 01       	movw	r22, r14
    1e16:	0e 94 49 00 	call	0x92	; 0x92 <__fixunssfsi>
    1e1a:	cb 01       	movw	r24, r22
    1e1c:	01 97       	sbiw	r24, 0x01	; 1
    1e1e:	f1 f7       	brne	.-4      	; 0x1e1c <STEPPER_voidOn+0x570>
			}

		}else if( Copy_u8Direction == STEPPER_ANTI_CLOCK_WISE )
		{

			for( LOC_u16Iterator = 0 ; LOC_u16Iterator < ( ( (u32)Copy_u16Degree * 256 ) / 45 ) / 4 ; LOC_u16Iterator++  ){
    1e20:	08 94       	sec
    1e22:	21 1c       	adc	r2, r1
    1e24:	31 1c       	adc	r3, r1
    1e26:	41 1c       	adc	r4, r1
    1e28:	51 1c       	adc	r5, r1
    1e2a:	2a 14       	cp	r2, r10
    1e2c:	3b 04       	cpc	r3, r11
    1e2e:	4c 04       	cpc	r4, r12
    1e30:	5d 04       	cpc	r5, r13
    1e32:	08 f4       	brcc	.+2      	; 0x1e36 <STEPPER_voidOn+0x58a>
    1e34:	cb ce       	rjmp	.-618    	; 0x1bcc <STEPPER_voidOn+0x320>
    1e36:	e8 c4       	rjmp	.+2512   	; 0x2808 <STEPPER_voidOn+0xf5c>
			}

		}

	}
	else if( Copy_u8StepType == STEPPER_HALF_STEP ){
    1e38:	88 23       	and	r24, r24
    1e3a:	09 f0       	breq	.+2      	; 0x1e3e <STEPPER_voidOn+0x592>
    1e3c:	e5 c4       	rjmp	.+2506   	; 0x2808 <STEPPER_voidOn+0xf5c>

		if( Copy_u8Direction == STEPPER_CLOCK_WISE )
    1e3e:	61 30       	cpi	r22, 0x01	; 1
    1e40:	09 f0       	breq	.+2      	; 0x1e44 <STEPPER_voidOn+0x598>
    1e42:	70 c2       	rjmp	.+1248   	; 0x2324 <STEPPER_voidOn+0xa78>
		{

			for( LOC_u16Iterator = 0 ; LOC_u16Iterator < ( ( (u32)Copy_u16Degree * 512 ) / 45 ) / 8 ; LOC_u16Iterator++  ){
    1e44:	b9 01       	movw	r22, r18
    1e46:	80 e0       	ldi	r24, 0x00	; 0
    1e48:	90 e0       	ldi	r25, 0x00	; 0
    1e4a:	39 e0       	ldi	r19, 0x09	; 9
    1e4c:	66 0f       	add	r22, r22
    1e4e:	77 1f       	adc	r23, r23
    1e50:	88 1f       	adc	r24, r24
    1e52:	99 1f       	adc	r25, r25
    1e54:	3a 95       	dec	r19
    1e56:	d1 f7       	brne	.-12     	; 0x1e4c <STEPPER_voidOn+0x5a0>
    1e58:	28 e6       	ldi	r18, 0x68	; 104
    1e5a:	31 e0       	ldi	r19, 0x01	; 1
    1e5c:	40 e0       	ldi	r20, 0x00	; 0
    1e5e:	50 e0       	ldi	r21, 0x00	; 0
    1e60:	0e 94 1e 1a 	call	0x343c	; 0x343c <__udivmodsi4>
    1e64:	39 01       	movw	r6, r18
    1e66:	4a 01       	movw	r8, r20
    1e68:	22 24       	eor	r2, r2
    1e6a:	33 24       	eor	r3, r3
    1e6c:	21 01       	movw	r4, r2

				DIO_Set_Pin_Value( STEPPER_PORT , STEPPER_BLUE_PIN   , DIO_PIN_HIGH );
				DIO_Set_Pin_Value( STEPPER_PORT , STEPPER_PINK_PIN   , DIO_PIN_LOW  );
				DIO_Set_Pin_Value( STEPPER_PORT , STEPPER_YELLOW_PIN , DIO_PIN_LOW  );
				DIO_Set_Pin_Value( STEPPER_PORT , STEPPER_ORANGE_PIN , DIO_PIN_LOW  );
				_delay_ms( Copy_u8Speed );
    1e6e:	81 2f       	mov	r24, r17
    1e70:	90 e0       	ldi	r25, 0x00	; 0
    1e72:	a0 e0       	ldi	r26, 0x00	; 0
    1e74:	b0 e0       	ldi	r27, 0x00	; 0
    1e76:	89 87       	std	Y+9, r24	; 0x09
    1e78:	9a 87       	std	Y+10, r25	; 0x0a
    1e7a:	ab 87       	std	Y+11, r26	; 0x0b
    1e7c:	bc 87       	std	Y+12, r27	; 0x0c
    1e7e:	4b c2       	rjmp	.+1174   	; 0x2316 <STEPPER_voidOn+0xa6a>
		if( Copy_u8Direction == STEPPER_CLOCK_WISE )
		{

			for( LOC_u16Iterator = 0 ; LOC_u16Iterator < ( ( (u32)Copy_u16Degree * 512 ) / 45 ) / 8 ; LOC_u16Iterator++  ){

				DIO_Set_Pin_Value( STEPPER_PORT , STEPPER_BLUE_PIN   , DIO_PIN_HIGH );
    1e80:	81 e0       	ldi	r24, 0x01	; 1
    1e82:	60 e0       	ldi	r22, 0x00	; 0
    1e84:	41 e0       	ldi	r20, 0x01	; 1
    1e86:	0e 94 8f 09 	call	0x131e	; 0x131e <DIO_Set_Pin_Value>
				DIO_Set_Pin_Value( STEPPER_PORT , STEPPER_PINK_PIN   , DIO_PIN_LOW  );
    1e8a:	81 e0       	ldi	r24, 0x01	; 1
    1e8c:	61 e0       	ldi	r22, 0x01	; 1
    1e8e:	40 e0       	ldi	r20, 0x00	; 0
    1e90:	0e 94 8f 09 	call	0x131e	; 0x131e <DIO_Set_Pin_Value>
				DIO_Set_Pin_Value( STEPPER_PORT , STEPPER_YELLOW_PIN , DIO_PIN_LOW  );
    1e94:	81 e0       	ldi	r24, 0x01	; 1
    1e96:	62 e0       	ldi	r22, 0x02	; 2
    1e98:	40 e0       	ldi	r20, 0x00	; 0
    1e9a:	0e 94 8f 09 	call	0x131e	; 0x131e <DIO_Set_Pin_Value>
				DIO_Set_Pin_Value( STEPPER_PORT , STEPPER_ORANGE_PIN , DIO_PIN_LOW  );
    1e9e:	81 e0       	ldi	r24, 0x01	; 1
    1ea0:	63 e0       	ldi	r22, 0x03	; 3
    1ea2:	40 e0       	ldi	r20, 0x00	; 0
    1ea4:	0e 94 8f 09 	call	0x131e	; 0x131e <DIO_Set_Pin_Value>
				_delay_ms( Copy_u8Speed );
    1ea8:	69 85       	ldd	r22, Y+9	; 0x09
    1eaa:	7a 85       	ldd	r23, Y+10	; 0x0a
    1eac:	8b 85       	ldd	r24, Y+11	; 0x0b
    1eae:	9c 85       	ldd	r25, Y+12	; 0x0c
    1eb0:	0e 94 fd 03 	call	0x7fa	; 0x7fa <__floatunsisf>
    1eb4:	5b 01       	movw	r10, r22
    1eb6:	6c 01       	movw	r12, r24
 */
void
_delay_ms(double __ms)
{
	uint16_t __ticks;
	double __tmp = ((F_CPU) / 4e3) * __ms;
    1eb8:	20 e0       	ldi	r18, 0x00	; 0
    1eba:	30 e0       	ldi	r19, 0x00	; 0
    1ebc:	4a ef       	ldi	r20, 0xFA	; 250
    1ebe:	54 e4       	ldi	r21, 0x44	; 68
    1ec0:	0e 94 1f 02 	call	0x43e	; 0x43e <__mulsf3>
    1ec4:	7b 01       	movw	r14, r22
    1ec6:	8c 01       	movw	r16, r24
	if (__tmp < 1.0)
    1ec8:	20 e0       	ldi	r18, 0x00	; 0
    1eca:	30 e0       	ldi	r19, 0x00	; 0
    1ecc:	40 e8       	ldi	r20, 0x80	; 128
    1ece:	5f e3       	ldi	r21, 0x3F	; 63
    1ed0:	0e 94 79 03 	call	0x6f2	; 0x6f2 <__ltsf2>
    1ed4:	88 23       	and	r24, r24
    1ed6:	1c f4       	brge	.+6      	; 0x1ede <STEPPER_voidOn+0x632>
    1ed8:	61 e0       	ldi	r22, 0x01	; 1
    1eda:	70 e0       	ldi	r23, 0x00	; 0
    1edc:	23 c0       	rjmp	.+70     	; 0x1f24 <STEPPER_voidOn+0x678>
		__ticks = 1;
	else if (__tmp > 65535)
    1ede:	c8 01       	movw	r24, r16
    1ee0:	b7 01       	movw	r22, r14
    1ee2:	20 e0       	ldi	r18, 0x00	; 0
    1ee4:	3f ef       	ldi	r19, 0xFF	; 255
    1ee6:	4f e7       	ldi	r20, 0x7F	; 127
    1ee8:	57 e4       	ldi	r21, 0x47	; 71
    1eea:	0e 94 19 03 	call	0x632	; 0x632 <__gtsf2>
    1eee:	18 16       	cp	r1, r24
    1ef0:	ac f4       	brge	.+42     	; 0x1f1c <STEPPER_voidOn+0x670>
	{
		//	__ticks = requested delay in 1/10 ms
		__ticks = (uint16_t) (__ms * 10.0);
    1ef2:	c6 01       	movw	r24, r12
    1ef4:	b5 01       	movw	r22, r10
    1ef6:	20 e0       	ldi	r18, 0x00	; 0
    1ef8:	30 e0       	ldi	r19, 0x00	; 0
    1efa:	40 e2       	ldi	r20, 0x20	; 32
    1efc:	51 e4       	ldi	r21, 0x41	; 65
    1efe:	0e 94 1f 02 	call	0x43e	; 0x43e <__mulsf3>
    1f02:	0e 94 49 00 	call	0x92	; 0x92 <__fixunssfsi>
    1f06:	06 c0       	rjmp	.+12     	; 0x1f14 <STEPPER_voidOn+0x668>
    1f08:	88 ec       	ldi	r24, 0xC8	; 200
    1f0a:	90 e0       	ldi	r25, 0x00	; 0
    1f0c:	01 97       	sbiw	r24, 0x01	; 1
    1f0e:	f1 f7       	brne	.-4      	; 0x1f0c <STEPPER_voidOn+0x660>
		while(__ticks)
		{
			// wait 1/10 ms
			_delay_loop_2(((F_CPU) / 4e3) / 10);
			__ticks --;
    1f10:	61 50       	subi	r22, 0x01	; 1
    1f12:	70 40       	sbci	r23, 0x00	; 0
		__ticks = 1;
	else if (__tmp > 65535)
	{
		//	__ticks = requested delay in 1/10 ms
		__ticks = (uint16_t) (__ms * 10.0);
		while(__ticks)
    1f14:	61 15       	cp	r22, r1
    1f16:	71 05       	cpc	r23, r1
    1f18:	b9 f7       	brne	.-18     	; 0x1f08 <STEPPER_voidOn+0x65c>
    1f1a:	07 c0       	rjmp	.+14     	; 0x1f2a <STEPPER_voidOn+0x67e>
			__ticks --;
		}
		return;
	}
	else
		__ticks = (uint16_t)__tmp;
    1f1c:	c8 01       	movw	r24, r16
    1f1e:	b7 01       	movw	r22, r14
    1f20:	0e 94 49 00 	call	0x92	; 0x92 <__fixunssfsi>
    1f24:	cb 01       	movw	r24, r22
    1f26:	01 97       	sbiw	r24, 0x01	; 1
    1f28:	f1 f7       	brne	.-4      	; 0x1f26 <STEPPER_voidOn+0x67a>

				DIO_Set_Pin_Value( STEPPER_PORT , STEPPER_BLUE_PIN   , DIO_PIN_HIGH );
    1f2a:	81 e0       	ldi	r24, 0x01	; 1
    1f2c:	60 e0       	ldi	r22, 0x00	; 0
    1f2e:	41 e0       	ldi	r20, 0x01	; 1
    1f30:	0e 94 8f 09 	call	0x131e	; 0x131e <DIO_Set_Pin_Value>
				DIO_Set_Pin_Value( STEPPER_PORT , STEPPER_PINK_PIN   , DIO_PIN_HIGH );
    1f34:	81 e0       	ldi	r24, 0x01	; 1
    1f36:	61 e0       	ldi	r22, 0x01	; 1
    1f38:	41 e0       	ldi	r20, 0x01	; 1
    1f3a:	0e 94 8f 09 	call	0x131e	; 0x131e <DIO_Set_Pin_Value>
				DIO_Set_Pin_Value( STEPPER_PORT , STEPPER_YELLOW_PIN , DIO_PIN_LOW  );
    1f3e:	81 e0       	ldi	r24, 0x01	; 1
    1f40:	62 e0       	ldi	r22, 0x02	; 2
    1f42:	40 e0       	ldi	r20, 0x00	; 0
    1f44:	0e 94 8f 09 	call	0x131e	; 0x131e <DIO_Set_Pin_Value>
				DIO_Set_Pin_Value( STEPPER_PORT , STEPPER_ORANGE_PIN , DIO_PIN_LOW  );
    1f48:	81 e0       	ldi	r24, 0x01	; 1
    1f4a:	63 e0       	ldi	r22, 0x03	; 3
    1f4c:	40 e0       	ldi	r20, 0x00	; 0
    1f4e:	0e 94 8f 09 	call	0x131e	; 0x131e <DIO_Set_Pin_Value>
void
_delay_ms(double __ms)
{
	uint16_t __ticks;
	double __tmp = ((F_CPU) / 4e3) * __ms;
	if (__tmp < 1.0)
    1f52:	c8 01       	movw	r24, r16
    1f54:	b7 01       	movw	r22, r14
    1f56:	20 e0       	ldi	r18, 0x00	; 0
    1f58:	30 e0       	ldi	r19, 0x00	; 0
    1f5a:	40 e8       	ldi	r20, 0x80	; 128
    1f5c:	5f e3       	ldi	r21, 0x3F	; 63
    1f5e:	0e 94 79 03 	call	0x6f2	; 0x6f2 <__ltsf2>
    1f62:	88 23       	and	r24, r24
    1f64:	1c f4       	brge	.+6      	; 0x1f6c <STEPPER_voidOn+0x6c0>
    1f66:	61 e0       	ldi	r22, 0x01	; 1
    1f68:	70 e0       	ldi	r23, 0x00	; 0
    1f6a:	23 c0       	rjmp	.+70     	; 0x1fb2 <STEPPER_voidOn+0x706>
		__ticks = 1;
	else if (__tmp > 65535)
    1f6c:	c8 01       	movw	r24, r16
    1f6e:	b7 01       	movw	r22, r14
    1f70:	20 e0       	ldi	r18, 0x00	; 0
    1f72:	3f ef       	ldi	r19, 0xFF	; 255
    1f74:	4f e7       	ldi	r20, 0x7F	; 127
    1f76:	57 e4       	ldi	r21, 0x47	; 71
    1f78:	0e 94 19 03 	call	0x632	; 0x632 <__gtsf2>
    1f7c:	18 16       	cp	r1, r24
    1f7e:	ac f4       	brge	.+42     	; 0x1faa <STEPPER_voidOn+0x6fe>
	{
		//	__ticks = requested delay in 1/10 ms
		__ticks = (uint16_t) (__ms * 10.0);
    1f80:	c6 01       	movw	r24, r12
    1f82:	b5 01       	movw	r22, r10
    1f84:	20 e0       	ldi	r18, 0x00	; 0
    1f86:	30 e0       	ldi	r19, 0x00	; 0
    1f88:	40 e2       	ldi	r20, 0x20	; 32
    1f8a:	51 e4       	ldi	r21, 0x41	; 65
    1f8c:	0e 94 1f 02 	call	0x43e	; 0x43e <__mulsf3>
    1f90:	0e 94 49 00 	call	0x92	; 0x92 <__fixunssfsi>
    1f94:	06 c0       	rjmp	.+12     	; 0x1fa2 <STEPPER_voidOn+0x6f6>
    1f96:	88 ec       	ldi	r24, 0xC8	; 200
    1f98:	90 e0       	ldi	r25, 0x00	; 0
    1f9a:	01 97       	sbiw	r24, 0x01	; 1
    1f9c:	f1 f7       	brne	.-4      	; 0x1f9a <STEPPER_voidOn+0x6ee>
		while(__ticks)
		{
			// wait 1/10 ms
			_delay_loop_2(((F_CPU) / 4e3) / 10);
			__ticks --;
    1f9e:	61 50       	subi	r22, 0x01	; 1
    1fa0:	70 40       	sbci	r23, 0x00	; 0
		__ticks = 1;
	else if (__tmp > 65535)
	{
		//	__ticks = requested delay in 1/10 ms
		__ticks = (uint16_t) (__ms * 10.0);
		while(__ticks)
    1fa2:	61 15       	cp	r22, r1
    1fa4:	71 05       	cpc	r23, r1
    1fa6:	b9 f7       	brne	.-18     	; 0x1f96 <STEPPER_voidOn+0x6ea>
    1fa8:	07 c0       	rjmp	.+14     	; 0x1fb8 <STEPPER_voidOn+0x70c>
			__ticks --;
		}
		return;
	}
	else
		__ticks = (uint16_t)__tmp;
    1faa:	c8 01       	movw	r24, r16
    1fac:	b7 01       	movw	r22, r14
    1fae:	0e 94 49 00 	call	0x92	; 0x92 <__fixunssfsi>
    1fb2:	cb 01       	movw	r24, r22
    1fb4:	01 97       	sbiw	r24, 0x01	; 1
    1fb6:	f1 f7       	brne	.-4      	; 0x1fb4 <STEPPER_voidOn+0x708>
				_delay_ms( Copy_u8Speed );

				DIO_Set_Pin_Value( STEPPER_PORT , STEPPER_BLUE_PIN   , DIO_PIN_LOW  );
    1fb8:	81 e0       	ldi	r24, 0x01	; 1
    1fba:	60 e0       	ldi	r22, 0x00	; 0
    1fbc:	40 e0       	ldi	r20, 0x00	; 0
    1fbe:	0e 94 8f 09 	call	0x131e	; 0x131e <DIO_Set_Pin_Value>
				DIO_Set_Pin_Value( STEPPER_PORT , STEPPER_PINK_PIN   , DIO_PIN_HIGH );
    1fc2:	81 e0       	ldi	r24, 0x01	; 1
    1fc4:	61 e0       	ldi	r22, 0x01	; 1
    1fc6:	41 e0       	ldi	r20, 0x01	; 1
    1fc8:	0e 94 8f 09 	call	0x131e	; 0x131e <DIO_Set_Pin_Value>
				DIO_Set_Pin_Value( STEPPER_PORT , STEPPER_YELLOW_PIN , DIO_PIN_LOW  );
    1fcc:	81 e0       	ldi	r24, 0x01	; 1
    1fce:	62 e0       	ldi	r22, 0x02	; 2
    1fd0:	40 e0       	ldi	r20, 0x00	; 0
    1fd2:	0e 94 8f 09 	call	0x131e	; 0x131e <DIO_Set_Pin_Value>
				DIO_Set_Pin_Value( STEPPER_PORT , STEPPER_ORANGE_PIN , DIO_PIN_LOW  );
    1fd6:	81 e0       	ldi	r24, 0x01	; 1
    1fd8:	63 e0       	ldi	r22, 0x03	; 3
    1fda:	40 e0       	ldi	r20, 0x00	; 0
    1fdc:	0e 94 8f 09 	call	0x131e	; 0x131e <DIO_Set_Pin_Value>
void
_delay_ms(double __ms)
{
	uint16_t __ticks;
	double __tmp = ((F_CPU) / 4e3) * __ms;
	if (__tmp < 1.0)
    1fe0:	c8 01       	movw	r24, r16
    1fe2:	b7 01       	movw	r22, r14
    1fe4:	20 e0       	ldi	r18, 0x00	; 0
    1fe6:	30 e0       	ldi	r19, 0x00	; 0
    1fe8:	40 e8       	ldi	r20, 0x80	; 128
    1fea:	5f e3       	ldi	r21, 0x3F	; 63
    1fec:	0e 94 79 03 	call	0x6f2	; 0x6f2 <__ltsf2>
    1ff0:	88 23       	and	r24, r24
    1ff2:	1c f4       	brge	.+6      	; 0x1ffa <STEPPER_voidOn+0x74e>
    1ff4:	61 e0       	ldi	r22, 0x01	; 1
    1ff6:	70 e0       	ldi	r23, 0x00	; 0
    1ff8:	23 c0       	rjmp	.+70     	; 0x2040 <STEPPER_voidOn+0x794>
		__ticks = 1;
	else if (__tmp > 65535)
    1ffa:	c8 01       	movw	r24, r16
    1ffc:	b7 01       	movw	r22, r14
    1ffe:	20 e0       	ldi	r18, 0x00	; 0
    2000:	3f ef       	ldi	r19, 0xFF	; 255
    2002:	4f e7       	ldi	r20, 0x7F	; 127
    2004:	57 e4       	ldi	r21, 0x47	; 71
    2006:	0e 94 19 03 	call	0x632	; 0x632 <__gtsf2>
    200a:	18 16       	cp	r1, r24
    200c:	ac f4       	brge	.+42     	; 0x2038 <STEPPER_voidOn+0x78c>
	{
		//	__ticks = requested delay in 1/10 ms
		__ticks = (uint16_t) (__ms * 10.0);
    200e:	c6 01       	movw	r24, r12
    2010:	b5 01       	movw	r22, r10
    2012:	20 e0       	ldi	r18, 0x00	; 0
    2014:	30 e0       	ldi	r19, 0x00	; 0
    2016:	40 e2       	ldi	r20, 0x20	; 32
    2018:	51 e4       	ldi	r21, 0x41	; 65
    201a:	0e 94 1f 02 	call	0x43e	; 0x43e <__mulsf3>
    201e:	0e 94 49 00 	call	0x92	; 0x92 <__fixunssfsi>
    2022:	06 c0       	rjmp	.+12     	; 0x2030 <STEPPER_voidOn+0x784>
    2024:	88 ec       	ldi	r24, 0xC8	; 200
    2026:	90 e0       	ldi	r25, 0x00	; 0
    2028:	01 97       	sbiw	r24, 0x01	; 1
    202a:	f1 f7       	brne	.-4      	; 0x2028 <STEPPER_voidOn+0x77c>
		while(__ticks)
		{
			// wait 1/10 ms
			_delay_loop_2(((F_CPU) / 4e3) / 10);
			__ticks --;
    202c:	61 50       	subi	r22, 0x01	; 1
    202e:	70 40       	sbci	r23, 0x00	; 0
		__ticks = 1;
	else if (__tmp > 65535)
	{
		//	__ticks = requested delay in 1/10 ms
		__ticks = (uint16_t) (__ms * 10.0);
		while(__ticks)
    2030:	61 15       	cp	r22, r1
    2032:	71 05       	cpc	r23, r1
    2034:	b9 f7       	brne	.-18     	; 0x2024 <STEPPER_voidOn+0x778>
    2036:	07 c0       	rjmp	.+14     	; 0x2046 <STEPPER_voidOn+0x79a>
			__ticks --;
		}
		return;
	}
	else
		__ticks = (uint16_t)__tmp;
    2038:	c8 01       	movw	r24, r16
    203a:	b7 01       	movw	r22, r14
    203c:	0e 94 49 00 	call	0x92	; 0x92 <__fixunssfsi>
    2040:	cb 01       	movw	r24, r22
    2042:	01 97       	sbiw	r24, 0x01	; 1
    2044:	f1 f7       	brne	.-4      	; 0x2042 <STEPPER_voidOn+0x796>
				_delay_ms( Copy_u8Speed );

				DIO_Set_Pin_Value( STEPPER_PORT , STEPPER_BLUE_PIN   , DIO_PIN_LOW  );
    2046:	81 e0       	ldi	r24, 0x01	; 1
    2048:	60 e0       	ldi	r22, 0x00	; 0
    204a:	40 e0       	ldi	r20, 0x00	; 0
    204c:	0e 94 8f 09 	call	0x131e	; 0x131e <DIO_Set_Pin_Value>
				DIO_Set_Pin_Value( STEPPER_PORT , STEPPER_PINK_PIN   , DIO_PIN_HIGH );
    2050:	81 e0       	ldi	r24, 0x01	; 1
    2052:	61 e0       	ldi	r22, 0x01	; 1
    2054:	41 e0       	ldi	r20, 0x01	; 1
    2056:	0e 94 8f 09 	call	0x131e	; 0x131e <DIO_Set_Pin_Value>
				DIO_Set_Pin_Value( STEPPER_PORT , STEPPER_YELLOW_PIN , DIO_PIN_HIGH );
    205a:	81 e0       	ldi	r24, 0x01	; 1
    205c:	62 e0       	ldi	r22, 0x02	; 2
    205e:	41 e0       	ldi	r20, 0x01	; 1
    2060:	0e 94 8f 09 	call	0x131e	; 0x131e <DIO_Set_Pin_Value>
				DIO_Set_Pin_Value( STEPPER_PORT , STEPPER_ORANGE_PIN , DIO_PIN_LOW  );
    2064:	81 e0       	ldi	r24, 0x01	; 1
    2066:	63 e0       	ldi	r22, 0x03	; 3
    2068:	40 e0       	ldi	r20, 0x00	; 0
    206a:	0e 94 8f 09 	call	0x131e	; 0x131e <DIO_Set_Pin_Value>
void
_delay_ms(double __ms)
{
	uint16_t __ticks;
	double __tmp = ((F_CPU) / 4e3) * __ms;
	if (__tmp < 1.0)
    206e:	c8 01       	movw	r24, r16
    2070:	b7 01       	movw	r22, r14
    2072:	20 e0       	ldi	r18, 0x00	; 0
    2074:	30 e0       	ldi	r19, 0x00	; 0
    2076:	40 e8       	ldi	r20, 0x80	; 128
    2078:	5f e3       	ldi	r21, 0x3F	; 63
    207a:	0e 94 79 03 	call	0x6f2	; 0x6f2 <__ltsf2>
    207e:	88 23       	and	r24, r24
    2080:	1c f4       	brge	.+6      	; 0x2088 <STEPPER_voidOn+0x7dc>
    2082:	61 e0       	ldi	r22, 0x01	; 1
    2084:	70 e0       	ldi	r23, 0x00	; 0
    2086:	23 c0       	rjmp	.+70     	; 0x20ce <STEPPER_voidOn+0x822>
		__ticks = 1;
	else if (__tmp > 65535)
    2088:	c8 01       	movw	r24, r16
    208a:	b7 01       	movw	r22, r14
    208c:	20 e0       	ldi	r18, 0x00	; 0
    208e:	3f ef       	ldi	r19, 0xFF	; 255
    2090:	4f e7       	ldi	r20, 0x7F	; 127
    2092:	57 e4       	ldi	r21, 0x47	; 71
    2094:	0e 94 19 03 	call	0x632	; 0x632 <__gtsf2>
    2098:	18 16       	cp	r1, r24
    209a:	ac f4       	brge	.+42     	; 0x20c6 <STEPPER_voidOn+0x81a>
	{
		//	__ticks = requested delay in 1/10 ms
		__ticks = (uint16_t) (__ms * 10.0);
    209c:	c6 01       	movw	r24, r12
    209e:	b5 01       	movw	r22, r10
    20a0:	20 e0       	ldi	r18, 0x00	; 0
    20a2:	30 e0       	ldi	r19, 0x00	; 0
    20a4:	40 e2       	ldi	r20, 0x20	; 32
    20a6:	51 e4       	ldi	r21, 0x41	; 65
    20a8:	0e 94 1f 02 	call	0x43e	; 0x43e <__mulsf3>
    20ac:	0e 94 49 00 	call	0x92	; 0x92 <__fixunssfsi>
    20b0:	06 c0       	rjmp	.+12     	; 0x20be <STEPPER_voidOn+0x812>
    20b2:	88 ec       	ldi	r24, 0xC8	; 200
    20b4:	90 e0       	ldi	r25, 0x00	; 0
    20b6:	01 97       	sbiw	r24, 0x01	; 1
    20b8:	f1 f7       	brne	.-4      	; 0x20b6 <STEPPER_voidOn+0x80a>
		while(__ticks)
		{
			// wait 1/10 ms
			_delay_loop_2(((F_CPU) / 4e3) / 10);
			__ticks --;
    20ba:	61 50       	subi	r22, 0x01	; 1
    20bc:	70 40       	sbci	r23, 0x00	; 0
		__ticks = 1;
	else if (__tmp > 65535)
	{
		//	__ticks = requested delay in 1/10 ms
		__ticks = (uint16_t) (__ms * 10.0);
		while(__ticks)
    20be:	61 15       	cp	r22, r1
    20c0:	71 05       	cpc	r23, r1
    20c2:	b9 f7       	brne	.-18     	; 0x20b2 <STEPPER_voidOn+0x806>
    20c4:	07 c0       	rjmp	.+14     	; 0x20d4 <STEPPER_voidOn+0x828>
			__ticks --;
		}
		return;
	}
	else
		__ticks = (uint16_t)__tmp;
    20c6:	c8 01       	movw	r24, r16
    20c8:	b7 01       	movw	r22, r14
    20ca:	0e 94 49 00 	call	0x92	; 0x92 <__fixunssfsi>
    20ce:	cb 01       	movw	r24, r22
    20d0:	01 97       	sbiw	r24, 0x01	; 1
    20d2:	f1 f7       	brne	.-4      	; 0x20d0 <STEPPER_voidOn+0x824>
				_delay_ms( Copy_u8Speed );

				DIO_Set_Pin_Value( STEPPER_PORT , STEPPER_BLUE_PIN   , DIO_PIN_LOW  );
    20d4:	81 e0       	ldi	r24, 0x01	; 1
    20d6:	60 e0       	ldi	r22, 0x00	; 0
    20d8:	40 e0       	ldi	r20, 0x00	; 0
    20da:	0e 94 8f 09 	call	0x131e	; 0x131e <DIO_Set_Pin_Value>
				DIO_Set_Pin_Value( STEPPER_PORT , STEPPER_PINK_PIN   , DIO_PIN_LOW  );
    20de:	81 e0       	ldi	r24, 0x01	; 1
    20e0:	61 e0       	ldi	r22, 0x01	; 1
    20e2:	40 e0       	ldi	r20, 0x00	; 0
    20e4:	0e 94 8f 09 	call	0x131e	; 0x131e <DIO_Set_Pin_Value>
				DIO_Set_Pin_Value( STEPPER_PORT , STEPPER_YELLOW_PIN , DIO_PIN_HIGH );
    20e8:	81 e0       	ldi	r24, 0x01	; 1
    20ea:	62 e0       	ldi	r22, 0x02	; 2
    20ec:	41 e0       	ldi	r20, 0x01	; 1
    20ee:	0e 94 8f 09 	call	0x131e	; 0x131e <DIO_Set_Pin_Value>
				DIO_Set_Pin_Value( STEPPER_PORT , STEPPER_ORANGE_PIN , DIO_PIN_LOW  );
    20f2:	81 e0       	ldi	r24, 0x01	; 1
    20f4:	63 e0       	ldi	r22, 0x03	; 3
    20f6:	40 e0       	ldi	r20, 0x00	; 0
    20f8:	0e 94 8f 09 	call	0x131e	; 0x131e <DIO_Set_Pin_Value>
void
_delay_ms(double __ms)
{
	uint16_t __ticks;
	double __tmp = ((F_CPU) / 4e3) * __ms;
	if (__tmp < 1.0)
    20fc:	c8 01       	movw	r24, r16
    20fe:	b7 01       	movw	r22, r14
    2100:	20 e0       	ldi	r18, 0x00	; 0
    2102:	30 e0       	ldi	r19, 0x00	; 0
    2104:	40 e8       	ldi	r20, 0x80	; 128
    2106:	5f e3       	ldi	r21, 0x3F	; 63
    2108:	0e 94 79 03 	call	0x6f2	; 0x6f2 <__ltsf2>
    210c:	88 23       	and	r24, r24
    210e:	1c f4       	brge	.+6      	; 0x2116 <STEPPER_voidOn+0x86a>
    2110:	61 e0       	ldi	r22, 0x01	; 1
    2112:	70 e0       	ldi	r23, 0x00	; 0
    2114:	23 c0       	rjmp	.+70     	; 0x215c <STEPPER_voidOn+0x8b0>
		__ticks = 1;
	else if (__tmp > 65535)
    2116:	c8 01       	movw	r24, r16
    2118:	b7 01       	movw	r22, r14
    211a:	20 e0       	ldi	r18, 0x00	; 0
    211c:	3f ef       	ldi	r19, 0xFF	; 255
    211e:	4f e7       	ldi	r20, 0x7F	; 127
    2120:	57 e4       	ldi	r21, 0x47	; 71
    2122:	0e 94 19 03 	call	0x632	; 0x632 <__gtsf2>
    2126:	18 16       	cp	r1, r24
    2128:	ac f4       	brge	.+42     	; 0x2154 <STEPPER_voidOn+0x8a8>
	{
		//	__ticks = requested delay in 1/10 ms
		__ticks = (uint16_t) (__ms * 10.0);
    212a:	c6 01       	movw	r24, r12
    212c:	b5 01       	movw	r22, r10
    212e:	20 e0       	ldi	r18, 0x00	; 0
    2130:	30 e0       	ldi	r19, 0x00	; 0
    2132:	40 e2       	ldi	r20, 0x20	; 32
    2134:	51 e4       	ldi	r21, 0x41	; 65
    2136:	0e 94 1f 02 	call	0x43e	; 0x43e <__mulsf3>
    213a:	0e 94 49 00 	call	0x92	; 0x92 <__fixunssfsi>
    213e:	06 c0       	rjmp	.+12     	; 0x214c <STEPPER_voidOn+0x8a0>
    2140:	88 ec       	ldi	r24, 0xC8	; 200
    2142:	90 e0       	ldi	r25, 0x00	; 0
    2144:	01 97       	sbiw	r24, 0x01	; 1
    2146:	f1 f7       	brne	.-4      	; 0x2144 <STEPPER_voidOn+0x898>
		while(__ticks)
		{
			// wait 1/10 ms
			_delay_loop_2(((F_CPU) / 4e3) / 10);
			__ticks --;
    2148:	61 50       	subi	r22, 0x01	; 1
    214a:	70 40       	sbci	r23, 0x00	; 0
		__ticks = 1;
	else if (__tmp > 65535)
	{
		//	__ticks = requested delay in 1/10 ms
		__ticks = (uint16_t) (__ms * 10.0);
		while(__ticks)
    214c:	61 15       	cp	r22, r1
    214e:	71 05       	cpc	r23, r1
    2150:	b9 f7       	brne	.-18     	; 0x2140 <STEPPER_voidOn+0x894>
    2152:	07 c0       	rjmp	.+14     	; 0x2162 <STEPPER_voidOn+0x8b6>
			__ticks --;
		}
		return;
	}
	else
		__ticks = (uint16_t)__tmp;
    2154:	c8 01       	movw	r24, r16
    2156:	b7 01       	movw	r22, r14
    2158:	0e 94 49 00 	call	0x92	; 0x92 <__fixunssfsi>
    215c:	cb 01       	movw	r24, r22
    215e:	01 97       	sbiw	r24, 0x01	; 1
    2160:	f1 f7       	brne	.-4      	; 0x215e <STEPPER_voidOn+0x8b2>
				_delay_ms( Copy_u8Speed );

				DIO_Set_Pin_Value( STEPPER_PORT , STEPPER_BLUE_PIN   , DIO_PIN_LOW  );
    2162:	81 e0       	ldi	r24, 0x01	; 1
    2164:	60 e0       	ldi	r22, 0x00	; 0
    2166:	40 e0       	ldi	r20, 0x00	; 0
    2168:	0e 94 8f 09 	call	0x131e	; 0x131e <DIO_Set_Pin_Value>
				DIO_Set_Pin_Value( STEPPER_PORT , STEPPER_PINK_PIN   , DIO_PIN_LOW  );
    216c:	81 e0       	ldi	r24, 0x01	; 1
    216e:	61 e0       	ldi	r22, 0x01	; 1
    2170:	40 e0       	ldi	r20, 0x00	; 0
    2172:	0e 94 8f 09 	call	0x131e	; 0x131e <DIO_Set_Pin_Value>
				DIO_Set_Pin_Value( STEPPER_PORT , STEPPER_YELLOW_PIN , DIO_PIN_HIGH );
    2176:	81 e0       	ldi	r24, 0x01	; 1
    2178:	62 e0       	ldi	r22, 0x02	; 2
    217a:	41 e0       	ldi	r20, 0x01	; 1
    217c:	0e 94 8f 09 	call	0x131e	; 0x131e <DIO_Set_Pin_Value>
				DIO_Set_Pin_Value( STEPPER_PORT , STEPPER_ORANGE_PIN , DIO_PIN_HIGH );
    2180:	81 e0       	ldi	r24, 0x01	; 1
    2182:	63 e0       	ldi	r22, 0x03	; 3
    2184:	41 e0       	ldi	r20, 0x01	; 1
    2186:	0e 94 8f 09 	call	0x131e	; 0x131e <DIO_Set_Pin_Value>
void
_delay_ms(double __ms)
{
	uint16_t __ticks;
	double __tmp = ((F_CPU) / 4e3) * __ms;
	if (__tmp < 1.0)
    218a:	c8 01       	movw	r24, r16
    218c:	b7 01       	movw	r22, r14
    218e:	20 e0       	ldi	r18, 0x00	; 0
    2190:	30 e0       	ldi	r19, 0x00	; 0
    2192:	40 e8       	ldi	r20, 0x80	; 128
    2194:	5f e3       	ldi	r21, 0x3F	; 63
    2196:	0e 94 79 03 	call	0x6f2	; 0x6f2 <__ltsf2>
    219a:	88 23       	and	r24, r24
    219c:	1c f4       	brge	.+6      	; 0x21a4 <STEPPER_voidOn+0x8f8>
    219e:	61 e0       	ldi	r22, 0x01	; 1
    21a0:	70 e0       	ldi	r23, 0x00	; 0
    21a2:	23 c0       	rjmp	.+70     	; 0x21ea <STEPPER_voidOn+0x93e>
		__ticks = 1;
	else if (__tmp > 65535)
    21a4:	c8 01       	movw	r24, r16
    21a6:	b7 01       	movw	r22, r14
    21a8:	20 e0       	ldi	r18, 0x00	; 0
    21aa:	3f ef       	ldi	r19, 0xFF	; 255
    21ac:	4f e7       	ldi	r20, 0x7F	; 127
    21ae:	57 e4       	ldi	r21, 0x47	; 71
    21b0:	0e 94 19 03 	call	0x632	; 0x632 <__gtsf2>
    21b4:	18 16       	cp	r1, r24
    21b6:	ac f4       	brge	.+42     	; 0x21e2 <STEPPER_voidOn+0x936>
	{
		//	__ticks = requested delay in 1/10 ms
		__ticks = (uint16_t) (__ms * 10.0);
    21b8:	c6 01       	movw	r24, r12
    21ba:	b5 01       	movw	r22, r10
    21bc:	20 e0       	ldi	r18, 0x00	; 0
    21be:	30 e0       	ldi	r19, 0x00	; 0
    21c0:	40 e2       	ldi	r20, 0x20	; 32
    21c2:	51 e4       	ldi	r21, 0x41	; 65
    21c4:	0e 94 1f 02 	call	0x43e	; 0x43e <__mulsf3>
    21c8:	0e 94 49 00 	call	0x92	; 0x92 <__fixunssfsi>
    21cc:	06 c0       	rjmp	.+12     	; 0x21da <STEPPER_voidOn+0x92e>
    21ce:	88 ec       	ldi	r24, 0xC8	; 200
    21d0:	90 e0       	ldi	r25, 0x00	; 0
    21d2:	01 97       	sbiw	r24, 0x01	; 1
    21d4:	f1 f7       	brne	.-4      	; 0x21d2 <STEPPER_voidOn+0x926>
		while(__ticks)
		{
			// wait 1/10 ms
			_delay_loop_2(((F_CPU) / 4e3) / 10);
			__ticks --;
    21d6:	61 50       	subi	r22, 0x01	; 1
    21d8:	70 40       	sbci	r23, 0x00	; 0
		__ticks = 1;
	else if (__tmp > 65535)
	{
		//	__ticks = requested delay in 1/10 ms
		__ticks = (uint16_t) (__ms * 10.0);
		while(__ticks)
    21da:	61 15       	cp	r22, r1
    21dc:	71 05       	cpc	r23, r1
    21de:	b9 f7       	brne	.-18     	; 0x21ce <STEPPER_voidOn+0x922>
    21e0:	07 c0       	rjmp	.+14     	; 0x21f0 <STEPPER_voidOn+0x944>
			__ticks --;
		}
		return;
	}
	else
		__ticks = (uint16_t)__tmp;
    21e2:	c8 01       	movw	r24, r16
    21e4:	b7 01       	movw	r22, r14
    21e6:	0e 94 49 00 	call	0x92	; 0x92 <__fixunssfsi>
    21ea:	cb 01       	movw	r24, r22
    21ec:	01 97       	sbiw	r24, 0x01	; 1
    21ee:	f1 f7       	brne	.-4      	; 0x21ec <STEPPER_voidOn+0x940>
				_delay_ms( Copy_u8Speed );

				DIO_Set_Pin_Value( STEPPER_PORT , STEPPER_BLUE_PIN   , DIO_PIN_LOW  );
    21f0:	81 e0       	ldi	r24, 0x01	; 1
    21f2:	60 e0       	ldi	r22, 0x00	; 0
    21f4:	40 e0       	ldi	r20, 0x00	; 0
    21f6:	0e 94 8f 09 	call	0x131e	; 0x131e <DIO_Set_Pin_Value>
				DIO_Set_Pin_Value( STEPPER_PORT , STEPPER_PINK_PIN   , DIO_PIN_LOW  );
    21fa:	81 e0       	ldi	r24, 0x01	; 1
    21fc:	61 e0       	ldi	r22, 0x01	; 1
    21fe:	40 e0       	ldi	r20, 0x00	; 0
    2200:	0e 94 8f 09 	call	0x131e	; 0x131e <DIO_Set_Pin_Value>
				DIO_Set_Pin_Value( STEPPER_PORT , STEPPER_YELLOW_PIN , DIO_PIN_LOW  );
    2204:	81 e0       	ldi	r24, 0x01	; 1
    2206:	62 e0       	ldi	r22, 0x02	; 2
    2208:	40 e0       	ldi	r20, 0x00	; 0
    220a:	0e 94 8f 09 	call	0x131e	; 0x131e <DIO_Set_Pin_Value>
				DIO_Set_Pin_Value( STEPPER_PORT , STEPPER_ORANGE_PIN , DIO_PIN_HIGH );
    220e:	81 e0       	ldi	r24, 0x01	; 1
    2210:	63 e0       	ldi	r22, 0x03	; 3
    2212:	41 e0       	ldi	r20, 0x01	; 1
    2214:	0e 94 8f 09 	call	0x131e	; 0x131e <DIO_Set_Pin_Value>
void
_delay_ms(double __ms)
{
	uint16_t __ticks;
	double __tmp = ((F_CPU) / 4e3) * __ms;
	if (__tmp < 1.0)
    2218:	c8 01       	movw	r24, r16
    221a:	b7 01       	movw	r22, r14
    221c:	20 e0       	ldi	r18, 0x00	; 0
    221e:	30 e0       	ldi	r19, 0x00	; 0
    2220:	40 e8       	ldi	r20, 0x80	; 128
    2222:	5f e3       	ldi	r21, 0x3F	; 63
    2224:	0e 94 79 03 	call	0x6f2	; 0x6f2 <__ltsf2>
    2228:	88 23       	and	r24, r24
    222a:	1c f4       	brge	.+6      	; 0x2232 <STEPPER_voidOn+0x986>
    222c:	61 e0       	ldi	r22, 0x01	; 1
    222e:	70 e0       	ldi	r23, 0x00	; 0
    2230:	23 c0       	rjmp	.+70     	; 0x2278 <STEPPER_voidOn+0x9cc>
		__ticks = 1;
	else if (__tmp > 65535)
    2232:	c8 01       	movw	r24, r16
    2234:	b7 01       	movw	r22, r14
    2236:	20 e0       	ldi	r18, 0x00	; 0
    2238:	3f ef       	ldi	r19, 0xFF	; 255
    223a:	4f e7       	ldi	r20, 0x7F	; 127
    223c:	57 e4       	ldi	r21, 0x47	; 71
    223e:	0e 94 19 03 	call	0x632	; 0x632 <__gtsf2>
    2242:	18 16       	cp	r1, r24
    2244:	ac f4       	brge	.+42     	; 0x2270 <STEPPER_voidOn+0x9c4>
	{
		//	__ticks = requested delay in 1/10 ms
		__ticks = (uint16_t) (__ms * 10.0);
    2246:	c6 01       	movw	r24, r12
    2248:	b5 01       	movw	r22, r10
    224a:	20 e0       	ldi	r18, 0x00	; 0
    224c:	30 e0       	ldi	r19, 0x00	; 0
    224e:	40 e2       	ldi	r20, 0x20	; 32
    2250:	51 e4       	ldi	r21, 0x41	; 65
    2252:	0e 94 1f 02 	call	0x43e	; 0x43e <__mulsf3>
    2256:	0e 94 49 00 	call	0x92	; 0x92 <__fixunssfsi>
    225a:	06 c0       	rjmp	.+12     	; 0x2268 <STEPPER_voidOn+0x9bc>
    225c:	88 ec       	ldi	r24, 0xC8	; 200
    225e:	90 e0       	ldi	r25, 0x00	; 0
    2260:	01 97       	sbiw	r24, 0x01	; 1
    2262:	f1 f7       	brne	.-4      	; 0x2260 <STEPPER_voidOn+0x9b4>
		while(__ticks)
		{
			// wait 1/10 ms
			_delay_loop_2(((F_CPU) / 4e3) / 10);
			__ticks --;
    2264:	61 50       	subi	r22, 0x01	; 1
    2266:	70 40       	sbci	r23, 0x00	; 0
		__ticks = 1;
	else if (__tmp > 65535)
	{
		//	__ticks = requested delay in 1/10 ms
		__ticks = (uint16_t) (__ms * 10.0);
		while(__ticks)
    2268:	61 15       	cp	r22, r1
    226a:	71 05       	cpc	r23, r1
    226c:	b9 f7       	brne	.-18     	; 0x225c <STEPPER_voidOn+0x9b0>
    226e:	07 c0       	rjmp	.+14     	; 0x227e <STEPPER_voidOn+0x9d2>
			__ticks --;
		}
		return;
	}
	else
		__ticks = (uint16_t)__tmp;
    2270:	c8 01       	movw	r24, r16
    2272:	b7 01       	movw	r22, r14
    2274:	0e 94 49 00 	call	0x92	; 0x92 <__fixunssfsi>
    2278:	cb 01       	movw	r24, r22
    227a:	01 97       	sbiw	r24, 0x01	; 1
    227c:	f1 f7       	brne	.-4      	; 0x227a <STEPPER_voidOn+0x9ce>
				_delay_ms( Copy_u8Speed );

				DIO_Set_Pin_Value( STEPPER_PORT , STEPPER_BLUE_PIN   , DIO_PIN_HIGH );
    227e:	81 e0       	ldi	r24, 0x01	; 1
    2280:	60 e0       	ldi	r22, 0x00	; 0
    2282:	41 e0       	ldi	r20, 0x01	; 1
    2284:	0e 94 8f 09 	call	0x131e	; 0x131e <DIO_Set_Pin_Value>
				DIO_Set_Pin_Value( STEPPER_PORT , STEPPER_PINK_PIN   , DIO_PIN_LOW  );
    2288:	81 e0       	ldi	r24, 0x01	; 1
    228a:	61 e0       	ldi	r22, 0x01	; 1
    228c:	40 e0       	ldi	r20, 0x00	; 0
    228e:	0e 94 8f 09 	call	0x131e	; 0x131e <DIO_Set_Pin_Value>
				DIO_Set_Pin_Value( STEPPER_PORT , STEPPER_YELLOW_PIN , DIO_PIN_LOW  );
    2292:	81 e0       	ldi	r24, 0x01	; 1
    2294:	62 e0       	ldi	r22, 0x02	; 2
    2296:	40 e0       	ldi	r20, 0x00	; 0
    2298:	0e 94 8f 09 	call	0x131e	; 0x131e <DIO_Set_Pin_Value>
				DIO_Set_Pin_Value( STEPPER_PORT , STEPPER_ORANGE_PIN , DIO_PIN_HIGH );
    229c:	81 e0       	ldi	r24, 0x01	; 1
    229e:	63 e0       	ldi	r22, 0x03	; 3
    22a0:	41 e0       	ldi	r20, 0x01	; 1
    22a2:	0e 94 8f 09 	call	0x131e	; 0x131e <DIO_Set_Pin_Value>
void
_delay_ms(double __ms)
{
	uint16_t __ticks;
	double __tmp = ((F_CPU) / 4e3) * __ms;
	if (__tmp < 1.0)
    22a6:	c8 01       	movw	r24, r16
    22a8:	b7 01       	movw	r22, r14
    22aa:	20 e0       	ldi	r18, 0x00	; 0
    22ac:	30 e0       	ldi	r19, 0x00	; 0
    22ae:	40 e8       	ldi	r20, 0x80	; 128
    22b0:	5f e3       	ldi	r21, 0x3F	; 63
    22b2:	0e 94 79 03 	call	0x6f2	; 0x6f2 <__ltsf2>
    22b6:	88 23       	and	r24, r24
    22b8:	1c f4       	brge	.+6      	; 0x22c0 <STEPPER_voidOn+0xa14>
    22ba:	61 e0       	ldi	r22, 0x01	; 1
    22bc:	70 e0       	ldi	r23, 0x00	; 0
    22be:	23 c0       	rjmp	.+70     	; 0x2306 <STEPPER_voidOn+0xa5a>
		__ticks = 1;
	else if (__tmp > 65535)
    22c0:	c8 01       	movw	r24, r16
    22c2:	b7 01       	movw	r22, r14
    22c4:	20 e0       	ldi	r18, 0x00	; 0
    22c6:	3f ef       	ldi	r19, 0xFF	; 255
    22c8:	4f e7       	ldi	r20, 0x7F	; 127
    22ca:	57 e4       	ldi	r21, 0x47	; 71
    22cc:	0e 94 19 03 	call	0x632	; 0x632 <__gtsf2>
    22d0:	18 16       	cp	r1, r24
    22d2:	ac f4       	brge	.+42     	; 0x22fe <STEPPER_voidOn+0xa52>
	{
		//	__ticks = requested delay in 1/10 ms
		__ticks = (uint16_t) (__ms * 10.0);
    22d4:	c6 01       	movw	r24, r12
    22d6:	b5 01       	movw	r22, r10
    22d8:	20 e0       	ldi	r18, 0x00	; 0
    22da:	30 e0       	ldi	r19, 0x00	; 0
    22dc:	40 e2       	ldi	r20, 0x20	; 32
    22de:	51 e4       	ldi	r21, 0x41	; 65
    22e0:	0e 94 1f 02 	call	0x43e	; 0x43e <__mulsf3>
    22e4:	0e 94 49 00 	call	0x92	; 0x92 <__fixunssfsi>
    22e8:	06 c0       	rjmp	.+12     	; 0x22f6 <STEPPER_voidOn+0xa4a>
    22ea:	88 ec       	ldi	r24, 0xC8	; 200
    22ec:	90 e0       	ldi	r25, 0x00	; 0
    22ee:	01 97       	sbiw	r24, 0x01	; 1
    22f0:	f1 f7       	brne	.-4      	; 0x22ee <STEPPER_voidOn+0xa42>
		while(__ticks)
		{
			// wait 1/10 ms
			_delay_loop_2(((F_CPU) / 4e3) / 10);
			__ticks --;
    22f2:	61 50       	subi	r22, 0x01	; 1
    22f4:	70 40       	sbci	r23, 0x00	; 0
		__ticks = 1;
	else if (__tmp > 65535)
	{
		//	__ticks = requested delay in 1/10 ms
		__ticks = (uint16_t) (__ms * 10.0);
		while(__ticks)
    22f6:	61 15       	cp	r22, r1
    22f8:	71 05       	cpc	r23, r1
    22fa:	b9 f7       	brne	.-18     	; 0x22ea <STEPPER_voidOn+0xa3e>
    22fc:	07 c0       	rjmp	.+14     	; 0x230c <STEPPER_voidOn+0xa60>
			__ticks --;
		}
		return;
	}
	else
		__ticks = (uint16_t)__tmp;
    22fe:	c8 01       	movw	r24, r16
    2300:	b7 01       	movw	r22, r14
    2302:	0e 94 49 00 	call	0x92	; 0x92 <__fixunssfsi>
    2306:	cb 01       	movw	r24, r22
    2308:	01 97       	sbiw	r24, 0x01	; 1
    230a:	f1 f7       	brne	.-4      	; 0x2308 <STEPPER_voidOn+0xa5c>
	else if( Copy_u8StepType == STEPPER_HALF_STEP ){

		if( Copy_u8Direction == STEPPER_CLOCK_WISE )
		{

			for( LOC_u16Iterator = 0 ; LOC_u16Iterator < ( ( (u32)Copy_u16Degree * 512 ) / 45 ) / 8 ; LOC_u16Iterator++  ){
    230c:	08 94       	sec
    230e:	21 1c       	adc	r2, r1
    2310:	31 1c       	adc	r3, r1
    2312:	41 1c       	adc	r4, r1
    2314:	51 1c       	adc	r5, r1
    2316:	26 14       	cp	r2, r6
    2318:	37 04       	cpc	r3, r7
    231a:	48 04       	cpc	r4, r8
    231c:	59 04       	cpc	r5, r9
    231e:	08 f4       	brcc	.+2      	; 0x2322 <STEPPER_voidOn+0xa76>
    2320:	af cd       	rjmp	.-1186   	; 0x1e80 <STEPPER_voidOn+0x5d4>
    2322:	72 c2       	rjmp	.+1252   	; 0x2808 <STEPPER_voidOn+0xf5c>


			}

		}
		else if( Copy_u8Direction == STEPPER_ANTI_CLOCK_WISE ){
    2324:	66 23       	and	r22, r22
    2326:	09 f0       	breq	.+2      	; 0x232a <STEPPER_voidOn+0xa7e>
    2328:	6f c2       	rjmp	.+1246   	; 0x2808 <STEPPER_voidOn+0xf5c>


			for( LOC_u16Iterator = 0 ; LOC_u16Iterator < ( ( (u32)Copy_u16Degree * 512 ) / 45 ) / 8 ; LOC_u16Iterator++  ){
    232a:	b9 01       	movw	r22, r18
    232c:	80 e0       	ldi	r24, 0x00	; 0
    232e:	90 e0       	ldi	r25, 0x00	; 0
    2330:	29 e0       	ldi	r18, 0x09	; 9
    2332:	66 0f       	add	r22, r22
    2334:	77 1f       	adc	r23, r23
    2336:	88 1f       	adc	r24, r24
    2338:	99 1f       	adc	r25, r25
    233a:	2a 95       	dec	r18
    233c:	d1 f7       	brne	.-12     	; 0x2332 <STEPPER_voidOn+0xa86>
    233e:	28 e6       	ldi	r18, 0x68	; 104
    2340:	31 e0       	ldi	r19, 0x01	; 1
    2342:	40 e0       	ldi	r20, 0x00	; 0
    2344:	50 e0       	ldi	r21, 0x00	; 0
    2346:	0e 94 1e 1a 	call	0x343c	; 0x343c <__udivmodsi4>
    234a:	39 01       	movw	r6, r18
    234c:	4a 01       	movw	r8, r20
    234e:	22 24       	eor	r2, r2
    2350:	33 24       	eor	r3, r3
    2352:	21 01       	movw	r4, r2
				DIO_Set_Pin_Value( STEPPER_PORT , STEPPER_BLUE_PIN   , DIO_PIN_HIGH );
				DIO_Set_Pin_Value( STEPPER_PORT , STEPPER_PINK_PIN   , DIO_PIN_LOW  );
				DIO_Set_Pin_Value( STEPPER_PORT , STEPPER_YELLOW_PIN , DIO_PIN_LOW  );
				DIO_Set_Pin_Value( STEPPER_PORT , STEPPER_ORANGE_PIN , DIO_PIN_HIGH );
				_delay_ms( Copy_u8Speed );
    2354:	81 2f       	mov	r24, r17
    2356:	90 e0       	ldi	r25, 0x00	; 0
    2358:	a0 e0       	ldi	r26, 0x00	; 0
    235a:	b0 e0       	ldi	r27, 0x00	; 0
    235c:	8d 87       	std	Y+13, r24	; 0x0d
    235e:	9e 87       	std	Y+14, r25	; 0x0e
    2360:	af 87       	std	Y+15, r26	; 0x0f
    2362:	b8 8b       	std	Y+16, r27	; 0x10
    2364:	4b c2       	rjmp	.+1174   	; 0x27fc <STEPPER_voidOn+0xf50>
		}
		else if( Copy_u8Direction == STEPPER_ANTI_CLOCK_WISE ){


			for( LOC_u16Iterator = 0 ; LOC_u16Iterator < ( ( (u32)Copy_u16Degree * 512 ) / 45 ) / 8 ; LOC_u16Iterator++  ){
				DIO_Set_Pin_Value( STEPPER_PORT , STEPPER_BLUE_PIN   , DIO_PIN_HIGH );
    2366:	81 e0       	ldi	r24, 0x01	; 1
    2368:	60 e0       	ldi	r22, 0x00	; 0
    236a:	41 e0       	ldi	r20, 0x01	; 1
    236c:	0e 94 8f 09 	call	0x131e	; 0x131e <DIO_Set_Pin_Value>
				DIO_Set_Pin_Value( STEPPER_PORT , STEPPER_PINK_PIN   , DIO_PIN_LOW  );
    2370:	81 e0       	ldi	r24, 0x01	; 1
    2372:	61 e0       	ldi	r22, 0x01	; 1
    2374:	40 e0       	ldi	r20, 0x00	; 0
    2376:	0e 94 8f 09 	call	0x131e	; 0x131e <DIO_Set_Pin_Value>
				DIO_Set_Pin_Value( STEPPER_PORT , STEPPER_YELLOW_PIN , DIO_PIN_LOW  );
    237a:	81 e0       	ldi	r24, 0x01	; 1
    237c:	62 e0       	ldi	r22, 0x02	; 2
    237e:	40 e0       	ldi	r20, 0x00	; 0
    2380:	0e 94 8f 09 	call	0x131e	; 0x131e <DIO_Set_Pin_Value>
				DIO_Set_Pin_Value( STEPPER_PORT , STEPPER_ORANGE_PIN , DIO_PIN_HIGH );
    2384:	81 e0       	ldi	r24, 0x01	; 1
    2386:	63 e0       	ldi	r22, 0x03	; 3
    2388:	41 e0       	ldi	r20, 0x01	; 1
    238a:	0e 94 8f 09 	call	0x131e	; 0x131e <DIO_Set_Pin_Value>
				_delay_ms( Copy_u8Speed );
    238e:	6d 85       	ldd	r22, Y+13	; 0x0d
    2390:	7e 85       	ldd	r23, Y+14	; 0x0e
    2392:	8f 85       	ldd	r24, Y+15	; 0x0f
    2394:	98 89       	ldd	r25, Y+16	; 0x10
    2396:	0e 94 fd 03 	call	0x7fa	; 0x7fa <__floatunsisf>
    239a:	5b 01       	movw	r10, r22
    239c:	6c 01       	movw	r12, r24
 */
void
_delay_ms(double __ms)
{
	uint16_t __ticks;
	double __tmp = ((F_CPU) / 4e3) * __ms;
    239e:	20 e0       	ldi	r18, 0x00	; 0
    23a0:	30 e0       	ldi	r19, 0x00	; 0
    23a2:	4a ef       	ldi	r20, 0xFA	; 250
    23a4:	54 e4       	ldi	r21, 0x44	; 68
    23a6:	0e 94 1f 02 	call	0x43e	; 0x43e <__mulsf3>
    23aa:	7b 01       	movw	r14, r22
    23ac:	8c 01       	movw	r16, r24
	if (__tmp < 1.0)
    23ae:	20 e0       	ldi	r18, 0x00	; 0
    23b0:	30 e0       	ldi	r19, 0x00	; 0
    23b2:	40 e8       	ldi	r20, 0x80	; 128
    23b4:	5f e3       	ldi	r21, 0x3F	; 63
    23b6:	0e 94 79 03 	call	0x6f2	; 0x6f2 <__ltsf2>
    23ba:	88 23       	and	r24, r24
    23bc:	1c f4       	brge	.+6      	; 0x23c4 <STEPPER_voidOn+0xb18>
    23be:	61 e0       	ldi	r22, 0x01	; 1
    23c0:	70 e0       	ldi	r23, 0x00	; 0
    23c2:	23 c0       	rjmp	.+70     	; 0x240a <STEPPER_voidOn+0xb5e>
		__ticks = 1;
	else if (__tmp > 65535)
    23c4:	c8 01       	movw	r24, r16
    23c6:	b7 01       	movw	r22, r14
    23c8:	20 e0       	ldi	r18, 0x00	; 0
    23ca:	3f ef       	ldi	r19, 0xFF	; 255
    23cc:	4f e7       	ldi	r20, 0x7F	; 127
    23ce:	57 e4       	ldi	r21, 0x47	; 71
    23d0:	0e 94 19 03 	call	0x632	; 0x632 <__gtsf2>
    23d4:	18 16       	cp	r1, r24
    23d6:	ac f4       	brge	.+42     	; 0x2402 <STEPPER_voidOn+0xb56>
	{
		//	__ticks = requested delay in 1/10 ms
		__ticks = (uint16_t) (__ms * 10.0);
    23d8:	c6 01       	movw	r24, r12
    23da:	b5 01       	movw	r22, r10
    23dc:	20 e0       	ldi	r18, 0x00	; 0
    23de:	30 e0       	ldi	r19, 0x00	; 0
    23e0:	40 e2       	ldi	r20, 0x20	; 32
    23e2:	51 e4       	ldi	r21, 0x41	; 65
    23e4:	0e 94 1f 02 	call	0x43e	; 0x43e <__mulsf3>
    23e8:	0e 94 49 00 	call	0x92	; 0x92 <__fixunssfsi>
    23ec:	06 c0       	rjmp	.+12     	; 0x23fa <STEPPER_voidOn+0xb4e>
    23ee:	88 ec       	ldi	r24, 0xC8	; 200
    23f0:	90 e0       	ldi	r25, 0x00	; 0
    23f2:	01 97       	sbiw	r24, 0x01	; 1
    23f4:	f1 f7       	brne	.-4      	; 0x23f2 <STEPPER_voidOn+0xb46>
		while(__ticks)
		{
			// wait 1/10 ms
			_delay_loop_2(((F_CPU) / 4e3) / 10);
			__ticks --;
    23f6:	61 50       	subi	r22, 0x01	; 1
    23f8:	70 40       	sbci	r23, 0x00	; 0
		__ticks = 1;
	else if (__tmp > 65535)
	{
		//	__ticks = requested delay in 1/10 ms
		__ticks = (uint16_t) (__ms * 10.0);
		while(__ticks)
    23fa:	61 15       	cp	r22, r1
    23fc:	71 05       	cpc	r23, r1
    23fe:	b9 f7       	brne	.-18     	; 0x23ee <STEPPER_voidOn+0xb42>
    2400:	07 c0       	rjmp	.+14     	; 0x2410 <STEPPER_voidOn+0xb64>
			__ticks --;
		}
		return;
	}
	else
		__ticks = (uint16_t)__tmp;
    2402:	c8 01       	movw	r24, r16
    2404:	b7 01       	movw	r22, r14
    2406:	0e 94 49 00 	call	0x92	; 0x92 <__fixunssfsi>
    240a:	cb 01       	movw	r24, r22
    240c:	01 97       	sbiw	r24, 0x01	; 1
    240e:	f1 f7       	brne	.-4      	; 0x240c <STEPPER_voidOn+0xb60>

				DIO_Set_Pin_Value( STEPPER_PORT , STEPPER_BLUE_PIN   , DIO_PIN_LOW  );
    2410:	81 e0       	ldi	r24, 0x01	; 1
    2412:	60 e0       	ldi	r22, 0x00	; 0
    2414:	40 e0       	ldi	r20, 0x00	; 0
    2416:	0e 94 8f 09 	call	0x131e	; 0x131e <DIO_Set_Pin_Value>
				DIO_Set_Pin_Value( STEPPER_PORT , STEPPER_PINK_PIN   , DIO_PIN_LOW  );
    241a:	81 e0       	ldi	r24, 0x01	; 1
    241c:	61 e0       	ldi	r22, 0x01	; 1
    241e:	40 e0       	ldi	r20, 0x00	; 0
    2420:	0e 94 8f 09 	call	0x131e	; 0x131e <DIO_Set_Pin_Value>
				DIO_Set_Pin_Value( STEPPER_PORT , STEPPER_YELLOW_PIN , DIO_PIN_LOW  );
    2424:	81 e0       	ldi	r24, 0x01	; 1
    2426:	62 e0       	ldi	r22, 0x02	; 2
    2428:	40 e0       	ldi	r20, 0x00	; 0
    242a:	0e 94 8f 09 	call	0x131e	; 0x131e <DIO_Set_Pin_Value>
				DIO_Set_Pin_Value( STEPPER_PORT , STEPPER_ORANGE_PIN , DIO_PIN_HIGH );
    242e:	81 e0       	ldi	r24, 0x01	; 1
    2430:	63 e0       	ldi	r22, 0x03	; 3
    2432:	41 e0       	ldi	r20, 0x01	; 1
    2434:	0e 94 8f 09 	call	0x131e	; 0x131e <DIO_Set_Pin_Value>
void
_delay_ms(double __ms)
{
	uint16_t __ticks;
	double __tmp = ((F_CPU) / 4e3) * __ms;
	if (__tmp < 1.0)
    2438:	c8 01       	movw	r24, r16
    243a:	b7 01       	movw	r22, r14
    243c:	20 e0       	ldi	r18, 0x00	; 0
    243e:	30 e0       	ldi	r19, 0x00	; 0
    2440:	40 e8       	ldi	r20, 0x80	; 128
    2442:	5f e3       	ldi	r21, 0x3F	; 63
    2444:	0e 94 79 03 	call	0x6f2	; 0x6f2 <__ltsf2>
    2448:	88 23       	and	r24, r24
    244a:	1c f4       	brge	.+6      	; 0x2452 <STEPPER_voidOn+0xba6>
    244c:	61 e0       	ldi	r22, 0x01	; 1
    244e:	70 e0       	ldi	r23, 0x00	; 0
    2450:	23 c0       	rjmp	.+70     	; 0x2498 <STEPPER_voidOn+0xbec>
		__ticks = 1;
	else if (__tmp > 65535)
    2452:	c8 01       	movw	r24, r16
    2454:	b7 01       	movw	r22, r14
    2456:	20 e0       	ldi	r18, 0x00	; 0
    2458:	3f ef       	ldi	r19, 0xFF	; 255
    245a:	4f e7       	ldi	r20, 0x7F	; 127
    245c:	57 e4       	ldi	r21, 0x47	; 71
    245e:	0e 94 19 03 	call	0x632	; 0x632 <__gtsf2>
    2462:	18 16       	cp	r1, r24
    2464:	ac f4       	brge	.+42     	; 0x2490 <STEPPER_voidOn+0xbe4>
	{
		//	__ticks = requested delay in 1/10 ms
		__ticks = (uint16_t) (__ms * 10.0);
    2466:	c6 01       	movw	r24, r12
    2468:	b5 01       	movw	r22, r10
    246a:	20 e0       	ldi	r18, 0x00	; 0
    246c:	30 e0       	ldi	r19, 0x00	; 0
    246e:	40 e2       	ldi	r20, 0x20	; 32
    2470:	51 e4       	ldi	r21, 0x41	; 65
    2472:	0e 94 1f 02 	call	0x43e	; 0x43e <__mulsf3>
    2476:	0e 94 49 00 	call	0x92	; 0x92 <__fixunssfsi>
    247a:	06 c0       	rjmp	.+12     	; 0x2488 <STEPPER_voidOn+0xbdc>
    247c:	88 ec       	ldi	r24, 0xC8	; 200
    247e:	90 e0       	ldi	r25, 0x00	; 0
    2480:	01 97       	sbiw	r24, 0x01	; 1
    2482:	f1 f7       	brne	.-4      	; 0x2480 <STEPPER_voidOn+0xbd4>
		while(__ticks)
		{
			// wait 1/10 ms
			_delay_loop_2(((F_CPU) / 4e3) / 10);
			__ticks --;
    2484:	61 50       	subi	r22, 0x01	; 1
    2486:	70 40       	sbci	r23, 0x00	; 0
		__ticks = 1;
	else if (__tmp > 65535)
	{
		//	__ticks = requested delay in 1/10 ms
		__ticks = (uint16_t) (__ms * 10.0);
		while(__ticks)
    2488:	61 15       	cp	r22, r1
    248a:	71 05       	cpc	r23, r1
    248c:	b9 f7       	brne	.-18     	; 0x247c <STEPPER_voidOn+0xbd0>
    248e:	07 c0       	rjmp	.+14     	; 0x249e <STEPPER_voidOn+0xbf2>
			__ticks --;
		}
		return;
	}
	else
		__ticks = (uint16_t)__tmp;
    2490:	c8 01       	movw	r24, r16
    2492:	b7 01       	movw	r22, r14
    2494:	0e 94 49 00 	call	0x92	; 0x92 <__fixunssfsi>
    2498:	cb 01       	movw	r24, r22
    249a:	01 97       	sbiw	r24, 0x01	; 1
    249c:	f1 f7       	brne	.-4      	; 0x249a <STEPPER_voidOn+0xbee>
				_delay_ms( Copy_u8Speed );

				DIO_Set_Pin_Value( STEPPER_PORT , STEPPER_BLUE_PIN   , DIO_PIN_LOW  );
    249e:	81 e0       	ldi	r24, 0x01	; 1
    24a0:	60 e0       	ldi	r22, 0x00	; 0
    24a2:	40 e0       	ldi	r20, 0x00	; 0
    24a4:	0e 94 8f 09 	call	0x131e	; 0x131e <DIO_Set_Pin_Value>
				DIO_Set_Pin_Value( STEPPER_PORT , STEPPER_PINK_PIN   , DIO_PIN_LOW  );
    24a8:	81 e0       	ldi	r24, 0x01	; 1
    24aa:	61 e0       	ldi	r22, 0x01	; 1
    24ac:	40 e0       	ldi	r20, 0x00	; 0
    24ae:	0e 94 8f 09 	call	0x131e	; 0x131e <DIO_Set_Pin_Value>
				DIO_Set_Pin_Value( STEPPER_PORT , STEPPER_YELLOW_PIN , DIO_PIN_HIGH );
    24b2:	81 e0       	ldi	r24, 0x01	; 1
    24b4:	62 e0       	ldi	r22, 0x02	; 2
    24b6:	41 e0       	ldi	r20, 0x01	; 1
    24b8:	0e 94 8f 09 	call	0x131e	; 0x131e <DIO_Set_Pin_Value>
				DIO_Set_Pin_Value( STEPPER_PORT , STEPPER_ORANGE_PIN , DIO_PIN_HIGH );
    24bc:	81 e0       	ldi	r24, 0x01	; 1
    24be:	63 e0       	ldi	r22, 0x03	; 3
    24c0:	41 e0       	ldi	r20, 0x01	; 1
    24c2:	0e 94 8f 09 	call	0x131e	; 0x131e <DIO_Set_Pin_Value>
void
_delay_ms(double __ms)
{
	uint16_t __ticks;
	double __tmp = ((F_CPU) / 4e3) * __ms;
	if (__tmp < 1.0)
    24c6:	c8 01       	movw	r24, r16
    24c8:	b7 01       	movw	r22, r14
    24ca:	20 e0       	ldi	r18, 0x00	; 0
    24cc:	30 e0       	ldi	r19, 0x00	; 0
    24ce:	40 e8       	ldi	r20, 0x80	; 128
    24d0:	5f e3       	ldi	r21, 0x3F	; 63
    24d2:	0e 94 79 03 	call	0x6f2	; 0x6f2 <__ltsf2>
    24d6:	88 23       	and	r24, r24
    24d8:	1c f4       	brge	.+6      	; 0x24e0 <STEPPER_voidOn+0xc34>
    24da:	61 e0       	ldi	r22, 0x01	; 1
    24dc:	70 e0       	ldi	r23, 0x00	; 0
    24de:	23 c0       	rjmp	.+70     	; 0x2526 <STEPPER_voidOn+0xc7a>
		__ticks = 1;
	else if (__tmp > 65535)
    24e0:	c8 01       	movw	r24, r16
    24e2:	b7 01       	movw	r22, r14
    24e4:	20 e0       	ldi	r18, 0x00	; 0
    24e6:	3f ef       	ldi	r19, 0xFF	; 255
    24e8:	4f e7       	ldi	r20, 0x7F	; 127
    24ea:	57 e4       	ldi	r21, 0x47	; 71
    24ec:	0e 94 19 03 	call	0x632	; 0x632 <__gtsf2>
    24f0:	18 16       	cp	r1, r24
    24f2:	ac f4       	brge	.+42     	; 0x251e <STEPPER_voidOn+0xc72>
	{
		//	__ticks = requested delay in 1/10 ms
		__ticks = (uint16_t) (__ms * 10.0);
    24f4:	c6 01       	movw	r24, r12
    24f6:	b5 01       	movw	r22, r10
    24f8:	20 e0       	ldi	r18, 0x00	; 0
    24fa:	30 e0       	ldi	r19, 0x00	; 0
    24fc:	40 e2       	ldi	r20, 0x20	; 32
    24fe:	51 e4       	ldi	r21, 0x41	; 65
    2500:	0e 94 1f 02 	call	0x43e	; 0x43e <__mulsf3>
    2504:	0e 94 49 00 	call	0x92	; 0x92 <__fixunssfsi>
    2508:	06 c0       	rjmp	.+12     	; 0x2516 <STEPPER_voidOn+0xc6a>
    250a:	88 ec       	ldi	r24, 0xC8	; 200
    250c:	90 e0       	ldi	r25, 0x00	; 0
    250e:	01 97       	sbiw	r24, 0x01	; 1
    2510:	f1 f7       	brne	.-4      	; 0x250e <STEPPER_voidOn+0xc62>
		while(__ticks)
		{
			// wait 1/10 ms
			_delay_loop_2(((F_CPU) / 4e3) / 10);
			__ticks --;
    2512:	61 50       	subi	r22, 0x01	; 1
    2514:	70 40       	sbci	r23, 0x00	; 0
		__ticks = 1;
	else if (__tmp > 65535)
	{
		//	__ticks = requested delay in 1/10 ms
		__ticks = (uint16_t) (__ms * 10.0);
		while(__ticks)
    2516:	61 15       	cp	r22, r1
    2518:	71 05       	cpc	r23, r1
    251a:	b9 f7       	brne	.-18     	; 0x250a <STEPPER_voidOn+0xc5e>
    251c:	07 c0       	rjmp	.+14     	; 0x252c <STEPPER_voidOn+0xc80>
			__ticks --;
		}
		return;
	}
	else
		__ticks = (uint16_t)__tmp;
    251e:	c8 01       	movw	r24, r16
    2520:	b7 01       	movw	r22, r14
    2522:	0e 94 49 00 	call	0x92	; 0x92 <__fixunssfsi>
    2526:	cb 01       	movw	r24, r22
    2528:	01 97       	sbiw	r24, 0x01	; 1
    252a:	f1 f7       	brne	.-4      	; 0x2528 <STEPPER_voidOn+0xc7c>
				_delay_ms( Copy_u8Speed );

				DIO_Set_Pin_Value( STEPPER_PORT , STEPPER_BLUE_PIN   , DIO_PIN_LOW  );
    252c:	81 e0       	ldi	r24, 0x01	; 1
    252e:	60 e0       	ldi	r22, 0x00	; 0
    2530:	40 e0       	ldi	r20, 0x00	; 0
    2532:	0e 94 8f 09 	call	0x131e	; 0x131e <DIO_Set_Pin_Value>
				DIO_Set_Pin_Value( STEPPER_PORT , STEPPER_PINK_PIN   , DIO_PIN_LOW  );
    2536:	81 e0       	ldi	r24, 0x01	; 1
    2538:	61 e0       	ldi	r22, 0x01	; 1
    253a:	40 e0       	ldi	r20, 0x00	; 0
    253c:	0e 94 8f 09 	call	0x131e	; 0x131e <DIO_Set_Pin_Value>
				DIO_Set_Pin_Value( STEPPER_PORT , STEPPER_YELLOW_PIN , DIO_PIN_HIGH );
    2540:	81 e0       	ldi	r24, 0x01	; 1
    2542:	62 e0       	ldi	r22, 0x02	; 2
    2544:	41 e0       	ldi	r20, 0x01	; 1
    2546:	0e 94 8f 09 	call	0x131e	; 0x131e <DIO_Set_Pin_Value>
				DIO_Set_Pin_Value( STEPPER_PORT , STEPPER_ORANGE_PIN , DIO_PIN_LOW  );
    254a:	81 e0       	ldi	r24, 0x01	; 1
    254c:	63 e0       	ldi	r22, 0x03	; 3
    254e:	40 e0       	ldi	r20, 0x00	; 0
    2550:	0e 94 8f 09 	call	0x131e	; 0x131e <DIO_Set_Pin_Value>
void
_delay_ms(double __ms)
{
	uint16_t __ticks;
	double __tmp = ((F_CPU) / 4e3) * __ms;
	if (__tmp < 1.0)
    2554:	c8 01       	movw	r24, r16
    2556:	b7 01       	movw	r22, r14
    2558:	20 e0       	ldi	r18, 0x00	; 0
    255a:	30 e0       	ldi	r19, 0x00	; 0
    255c:	40 e8       	ldi	r20, 0x80	; 128
    255e:	5f e3       	ldi	r21, 0x3F	; 63
    2560:	0e 94 79 03 	call	0x6f2	; 0x6f2 <__ltsf2>
    2564:	88 23       	and	r24, r24
    2566:	1c f4       	brge	.+6      	; 0x256e <STEPPER_voidOn+0xcc2>
    2568:	61 e0       	ldi	r22, 0x01	; 1
    256a:	70 e0       	ldi	r23, 0x00	; 0
    256c:	23 c0       	rjmp	.+70     	; 0x25b4 <STEPPER_voidOn+0xd08>
		__ticks = 1;
	else if (__tmp > 65535)
    256e:	c8 01       	movw	r24, r16
    2570:	b7 01       	movw	r22, r14
    2572:	20 e0       	ldi	r18, 0x00	; 0
    2574:	3f ef       	ldi	r19, 0xFF	; 255
    2576:	4f e7       	ldi	r20, 0x7F	; 127
    2578:	57 e4       	ldi	r21, 0x47	; 71
    257a:	0e 94 19 03 	call	0x632	; 0x632 <__gtsf2>
    257e:	18 16       	cp	r1, r24
    2580:	ac f4       	brge	.+42     	; 0x25ac <STEPPER_voidOn+0xd00>
	{
		//	__ticks = requested delay in 1/10 ms
		__ticks = (uint16_t) (__ms * 10.0);
    2582:	c6 01       	movw	r24, r12
    2584:	b5 01       	movw	r22, r10
    2586:	20 e0       	ldi	r18, 0x00	; 0
    2588:	30 e0       	ldi	r19, 0x00	; 0
    258a:	40 e2       	ldi	r20, 0x20	; 32
    258c:	51 e4       	ldi	r21, 0x41	; 65
    258e:	0e 94 1f 02 	call	0x43e	; 0x43e <__mulsf3>
    2592:	0e 94 49 00 	call	0x92	; 0x92 <__fixunssfsi>
    2596:	06 c0       	rjmp	.+12     	; 0x25a4 <STEPPER_voidOn+0xcf8>
    2598:	88 ec       	ldi	r24, 0xC8	; 200
    259a:	90 e0       	ldi	r25, 0x00	; 0
    259c:	01 97       	sbiw	r24, 0x01	; 1
    259e:	f1 f7       	brne	.-4      	; 0x259c <STEPPER_voidOn+0xcf0>
		while(__ticks)
		{
			// wait 1/10 ms
			_delay_loop_2(((F_CPU) / 4e3) / 10);
			__ticks --;
    25a0:	61 50       	subi	r22, 0x01	; 1
    25a2:	70 40       	sbci	r23, 0x00	; 0
		__ticks = 1;
	else if (__tmp > 65535)
	{
		//	__ticks = requested delay in 1/10 ms
		__ticks = (uint16_t) (__ms * 10.0);
		while(__ticks)
    25a4:	61 15       	cp	r22, r1
    25a6:	71 05       	cpc	r23, r1
    25a8:	b9 f7       	brne	.-18     	; 0x2598 <STEPPER_voidOn+0xcec>
    25aa:	07 c0       	rjmp	.+14     	; 0x25ba <STEPPER_voidOn+0xd0e>
			__ticks --;
		}
		return;
	}
	else
		__ticks = (uint16_t)__tmp;
    25ac:	c8 01       	movw	r24, r16
    25ae:	b7 01       	movw	r22, r14
    25b0:	0e 94 49 00 	call	0x92	; 0x92 <__fixunssfsi>
    25b4:	cb 01       	movw	r24, r22
    25b6:	01 97       	sbiw	r24, 0x01	; 1
    25b8:	f1 f7       	brne	.-4      	; 0x25b6 <STEPPER_voidOn+0xd0a>
				_delay_ms( Copy_u8Speed );

				DIO_Set_Pin_Value( STEPPER_PORT , STEPPER_BLUE_PIN   , DIO_PIN_LOW  );
    25ba:	81 e0       	ldi	r24, 0x01	; 1
    25bc:	60 e0       	ldi	r22, 0x00	; 0
    25be:	40 e0       	ldi	r20, 0x00	; 0
    25c0:	0e 94 8f 09 	call	0x131e	; 0x131e <DIO_Set_Pin_Value>
				DIO_Set_Pin_Value( STEPPER_PORT , STEPPER_PINK_PIN   , DIO_PIN_HIGH );
    25c4:	81 e0       	ldi	r24, 0x01	; 1
    25c6:	61 e0       	ldi	r22, 0x01	; 1
    25c8:	41 e0       	ldi	r20, 0x01	; 1
    25ca:	0e 94 8f 09 	call	0x131e	; 0x131e <DIO_Set_Pin_Value>
				DIO_Set_Pin_Value( STEPPER_PORT , STEPPER_YELLOW_PIN , DIO_PIN_HIGH );
    25ce:	81 e0       	ldi	r24, 0x01	; 1
    25d0:	62 e0       	ldi	r22, 0x02	; 2
    25d2:	41 e0       	ldi	r20, 0x01	; 1
    25d4:	0e 94 8f 09 	call	0x131e	; 0x131e <DIO_Set_Pin_Value>
				DIO_Set_Pin_Value( STEPPER_PORT , STEPPER_ORANGE_PIN , DIO_PIN_LOW  );
    25d8:	81 e0       	ldi	r24, 0x01	; 1
    25da:	63 e0       	ldi	r22, 0x03	; 3
    25dc:	40 e0       	ldi	r20, 0x00	; 0
    25de:	0e 94 8f 09 	call	0x131e	; 0x131e <DIO_Set_Pin_Value>
void
_delay_ms(double __ms)
{
	uint16_t __ticks;
	double __tmp = ((F_CPU) / 4e3) * __ms;
	if (__tmp < 1.0)
    25e2:	c8 01       	movw	r24, r16
    25e4:	b7 01       	movw	r22, r14
    25e6:	20 e0       	ldi	r18, 0x00	; 0
    25e8:	30 e0       	ldi	r19, 0x00	; 0
    25ea:	40 e8       	ldi	r20, 0x80	; 128
    25ec:	5f e3       	ldi	r21, 0x3F	; 63
    25ee:	0e 94 79 03 	call	0x6f2	; 0x6f2 <__ltsf2>
    25f2:	88 23       	and	r24, r24
    25f4:	1c f4       	brge	.+6      	; 0x25fc <STEPPER_voidOn+0xd50>
    25f6:	61 e0       	ldi	r22, 0x01	; 1
    25f8:	70 e0       	ldi	r23, 0x00	; 0
    25fa:	23 c0       	rjmp	.+70     	; 0x2642 <STEPPER_voidOn+0xd96>
		__ticks = 1;
	else if (__tmp > 65535)
    25fc:	c8 01       	movw	r24, r16
    25fe:	b7 01       	movw	r22, r14
    2600:	20 e0       	ldi	r18, 0x00	; 0
    2602:	3f ef       	ldi	r19, 0xFF	; 255
    2604:	4f e7       	ldi	r20, 0x7F	; 127
    2606:	57 e4       	ldi	r21, 0x47	; 71
    2608:	0e 94 19 03 	call	0x632	; 0x632 <__gtsf2>
    260c:	18 16       	cp	r1, r24
    260e:	ac f4       	brge	.+42     	; 0x263a <STEPPER_voidOn+0xd8e>
	{
		//	__ticks = requested delay in 1/10 ms
		__ticks = (uint16_t) (__ms * 10.0);
    2610:	c6 01       	movw	r24, r12
    2612:	b5 01       	movw	r22, r10
    2614:	20 e0       	ldi	r18, 0x00	; 0
    2616:	30 e0       	ldi	r19, 0x00	; 0
    2618:	40 e2       	ldi	r20, 0x20	; 32
    261a:	51 e4       	ldi	r21, 0x41	; 65
    261c:	0e 94 1f 02 	call	0x43e	; 0x43e <__mulsf3>
    2620:	0e 94 49 00 	call	0x92	; 0x92 <__fixunssfsi>
    2624:	06 c0       	rjmp	.+12     	; 0x2632 <STEPPER_voidOn+0xd86>
    2626:	88 ec       	ldi	r24, 0xC8	; 200
    2628:	90 e0       	ldi	r25, 0x00	; 0
    262a:	01 97       	sbiw	r24, 0x01	; 1
    262c:	f1 f7       	brne	.-4      	; 0x262a <STEPPER_voidOn+0xd7e>
		while(__ticks)
		{
			// wait 1/10 ms
			_delay_loop_2(((F_CPU) / 4e3) / 10);
			__ticks --;
    262e:	61 50       	subi	r22, 0x01	; 1
    2630:	70 40       	sbci	r23, 0x00	; 0
		__ticks = 1;
	else if (__tmp > 65535)
	{
		//	__ticks = requested delay in 1/10 ms
		__ticks = (uint16_t) (__ms * 10.0);
		while(__ticks)
    2632:	61 15       	cp	r22, r1
    2634:	71 05       	cpc	r23, r1
    2636:	b9 f7       	brne	.-18     	; 0x2626 <STEPPER_voidOn+0xd7a>
    2638:	07 c0       	rjmp	.+14     	; 0x2648 <STEPPER_voidOn+0xd9c>
			__ticks --;
		}
		return;
	}
	else
		__ticks = (uint16_t)__tmp;
    263a:	c8 01       	movw	r24, r16
    263c:	b7 01       	movw	r22, r14
    263e:	0e 94 49 00 	call	0x92	; 0x92 <__fixunssfsi>
    2642:	cb 01       	movw	r24, r22
    2644:	01 97       	sbiw	r24, 0x01	; 1
    2646:	f1 f7       	brne	.-4      	; 0x2644 <STEPPER_voidOn+0xd98>
				_delay_ms( Copy_u8Speed );

				DIO_Set_Pin_Value( STEPPER_PORT , STEPPER_BLUE_PIN   , DIO_PIN_LOW  );
    2648:	81 e0       	ldi	r24, 0x01	; 1
    264a:	60 e0       	ldi	r22, 0x00	; 0
    264c:	40 e0       	ldi	r20, 0x00	; 0
    264e:	0e 94 8f 09 	call	0x131e	; 0x131e <DIO_Set_Pin_Value>
				DIO_Set_Pin_Value( STEPPER_PORT , STEPPER_PINK_PIN   , DIO_PIN_HIGH );
    2652:	81 e0       	ldi	r24, 0x01	; 1
    2654:	61 e0       	ldi	r22, 0x01	; 1
    2656:	41 e0       	ldi	r20, 0x01	; 1
    2658:	0e 94 8f 09 	call	0x131e	; 0x131e <DIO_Set_Pin_Value>
				DIO_Set_Pin_Value( STEPPER_PORT , STEPPER_YELLOW_PIN , DIO_PIN_LOW  );
    265c:	81 e0       	ldi	r24, 0x01	; 1
    265e:	62 e0       	ldi	r22, 0x02	; 2
    2660:	40 e0       	ldi	r20, 0x00	; 0
    2662:	0e 94 8f 09 	call	0x131e	; 0x131e <DIO_Set_Pin_Value>
				DIO_Set_Pin_Value( STEPPER_PORT , STEPPER_ORANGE_PIN , DIO_PIN_LOW  );
    2666:	81 e0       	ldi	r24, 0x01	; 1
    2668:	63 e0       	ldi	r22, 0x03	; 3
    266a:	40 e0       	ldi	r20, 0x00	; 0
    266c:	0e 94 8f 09 	call	0x131e	; 0x131e <DIO_Set_Pin_Value>
void
_delay_ms(double __ms)
{
	uint16_t __ticks;
	double __tmp = ((F_CPU) / 4e3) * __ms;
	if (__tmp < 1.0)
    2670:	c8 01       	movw	r24, r16
    2672:	b7 01       	movw	r22, r14
    2674:	20 e0       	ldi	r18, 0x00	; 0
    2676:	30 e0       	ldi	r19, 0x00	; 0
    2678:	40 e8       	ldi	r20, 0x80	; 128
    267a:	5f e3       	ldi	r21, 0x3F	; 63
    267c:	0e 94 79 03 	call	0x6f2	; 0x6f2 <__ltsf2>
    2680:	88 23       	and	r24, r24
    2682:	1c f4       	brge	.+6      	; 0x268a <STEPPER_voidOn+0xdde>
    2684:	61 e0       	ldi	r22, 0x01	; 1
    2686:	70 e0       	ldi	r23, 0x00	; 0
    2688:	23 c0       	rjmp	.+70     	; 0x26d0 <STEPPER_voidOn+0xe24>
		__ticks = 1;
	else if (__tmp > 65535)
    268a:	c8 01       	movw	r24, r16
    268c:	b7 01       	movw	r22, r14
    268e:	20 e0       	ldi	r18, 0x00	; 0
    2690:	3f ef       	ldi	r19, 0xFF	; 255
    2692:	4f e7       	ldi	r20, 0x7F	; 127
    2694:	57 e4       	ldi	r21, 0x47	; 71
    2696:	0e 94 19 03 	call	0x632	; 0x632 <__gtsf2>
    269a:	18 16       	cp	r1, r24
    269c:	ac f4       	brge	.+42     	; 0x26c8 <STEPPER_voidOn+0xe1c>
	{
		//	__ticks = requested delay in 1/10 ms
		__ticks = (uint16_t) (__ms * 10.0);
    269e:	c6 01       	movw	r24, r12
    26a0:	b5 01       	movw	r22, r10
    26a2:	20 e0       	ldi	r18, 0x00	; 0
    26a4:	30 e0       	ldi	r19, 0x00	; 0
    26a6:	40 e2       	ldi	r20, 0x20	; 32
    26a8:	51 e4       	ldi	r21, 0x41	; 65
    26aa:	0e 94 1f 02 	call	0x43e	; 0x43e <__mulsf3>
    26ae:	0e 94 49 00 	call	0x92	; 0x92 <__fixunssfsi>
    26b2:	06 c0       	rjmp	.+12     	; 0x26c0 <STEPPER_voidOn+0xe14>
    26b4:	88 ec       	ldi	r24, 0xC8	; 200
    26b6:	90 e0       	ldi	r25, 0x00	; 0
    26b8:	01 97       	sbiw	r24, 0x01	; 1
    26ba:	f1 f7       	brne	.-4      	; 0x26b8 <STEPPER_voidOn+0xe0c>
		while(__ticks)
		{
			// wait 1/10 ms
			_delay_loop_2(((F_CPU) / 4e3) / 10);
			__ticks --;
    26bc:	61 50       	subi	r22, 0x01	; 1
    26be:	70 40       	sbci	r23, 0x00	; 0
		__ticks = 1;
	else if (__tmp > 65535)
	{
		//	__ticks = requested delay in 1/10 ms
		__ticks = (uint16_t) (__ms * 10.0);
		while(__ticks)
    26c0:	61 15       	cp	r22, r1
    26c2:	71 05       	cpc	r23, r1
    26c4:	b9 f7       	brne	.-18     	; 0x26b4 <STEPPER_voidOn+0xe08>
    26c6:	07 c0       	rjmp	.+14     	; 0x26d6 <STEPPER_voidOn+0xe2a>
			__ticks --;
		}
		return;
	}
	else
		__ticks = (uint16_t)__tmp;
    26c8:	c8 01       	movw	r24, r16
    26ca:	b7 01       	movw	r22, r14
    26cc:	0e 94 49 00 	call	0x92	; 0x92 <__fixunssfsi>
    26d0:	cb 01       	movw	r24, r22
    26d2:	01 97       	sbiw	r24, 0x01	; 1
    26d4:	f1 f7       	brne	.-4      	; 0x26d2 <STEPPER_voidOn+0xe26>
				_delay_ms( Copy_u8Speed );

				DIO_Set_Pin_Value( STEPPER_PORT , STEPPER_BLUE_PIN   , DIO_PIN_HIGH );
    26d6:	81 e0       	ldi	r24, 0x01	; 1
    26d8:	60 e0       	ldi	r22, 0x00	; 0
    26da:	41 e0       	ldi	r20, 0x01	; 1
    26dc:	0e 94 8f 09 	call	0x131e	; 0x131e <DIO_Set_Pin_Value>
				DIO_Set_Pin_Value( STEPPER_PORT , STEPPER_PINK_PIN   , DIO_PIN_HIGH );
    26e0:	81 e0       	ldi	r24, 0x01	; 1
    26e2:	61 e0       	ldi	r22, 0x01	; 1
    26e4:	41 e0       	ldi	r20, 0x01	; 1
    26e6:	0e 94 8f 09 	call	0x131e	; 0x131e <DIO_Set_Pin_Value>
				DIO_Set_Pin_Value( STEPPER_PORT , STEPPER_YELLOW_PIN , DIO_PIN_LOW  );
    26ea:	81 e0       	ldi	r24, 0x01	; 1
    26ec:	62 e0       	ldi	r22, 0x02	; 2
    26ee:	40 e0       	ldi	r20, 0x00	; 0
    26f0:	0e 94 8f 09 	call	0x131e	; 0x131e <DIO_Set_Pin_Value>
				DIO_Set_Pin_Value( STEPPER_PORT , STEPPER_ORANGE_PIN , DIO_PIN_LOW  );
    26f4:	81 e0       	ldi	r24, 0x01	; 1
    26f6:	63 e0       	ldi	r22, 0x03	; 3
    26f8:	40 e0       	ldi	r20, 0x00	; 0
    26fa:	0e 94 8f 09 	call	0x131e	; 0x131e <DIO_Set_Pin_Value>
void
_delay_ms(double __ms)
{
	uint16_t __ticks;
	double __tmp = ((F_CPU) / 4e3) * __ms;
	if (__tmp < 1.0)
    26fe:	c8 01       	movw	r24, r16
    2700:	b7 01       	movw	r22, r14
    2702:	20 e0       	ldi	r18, 0x00	; 0
    2704:	30 e0       	ldi	r19, 0x00	; 0
    2706:	40 e8       	ldi	r20, 0x80	; 128
    2708:	5f e3       	ldi	r21, 0x3F	; 63
    270a:	0e 94 79 03 	call	0x6f2	; 0x6f2 <__ltsf2>
    270e:	88 23       	and	r24, r24
    2710:	1c f4       	brge	.+6      	; 0x2718 <STEPPER_voidOn+0xe6c>
    2712:	61 e0       	ldi	r22, 0x01	; 1
    2714:	70 e0       	ldi	r23, 0x00	; 0
    2716:	23 c0       	rjmp	.+70     	; 0x275e <STEPPER_voidOn+0xeb2>
		__ticks = 1;
	else if (__tmp > 65535)
    2718:	c8 01       	movw	r24, r16
    271a:	b7 01       	movw	r22, r14
    271c:	20 e0       	ldi	r18, 0x00	; 0
    271e:	3f ef       	ldi	r19, 0xFF	; 255
    2720:	4f e7       	ldi	r20, 0x7F	; 127
    2722:	57 e4       	ldi	r21, 0x47	; 71
    2724:	0e 94 19 03 	call	0x632	; 0x632 <__gtsf2>
    2728:	18 16       	cp	r1, r24
    272a:	ac f4       	brge	.+42     	; 0x2756 <STEPPER_voidOn+0xeaa>
	{
		//	__ticks = requested delay in 1/10 ms
		__ticks = (uint16_t) (__ms * 10.0);
    272c:	c6 01       	movw	r24, r12
    272e:	b5 01       	movw	r22, r10
    2730:	20 e0       	ldi	r18, 0x00	; 0
    2732:	30 e0       	ldi	r19, 0x00	; 0
    2734:	40 e2       	ldi	r20, 0x20	; 32
    2736:	51 e4       	ldi	r21, 0x41	; 65
    2738:	0e 94 1f 02 	call	0x43e	; 0x43e <__mulsf3>
    273c:	0e 94 49 00 	call	0x92	; 0x92 <__fixunssfsi>
    2740:	06 c0       	rjmp	.+12     	; 0x274e <STEPPER_voidOn+0xea2>
    2742:	88 ec       	ldi	r24, 0xC8	; 200
    2744:	90 e0       	ldi	r25, 0x00	; 0
    2746:	01 97       	sbiw	r24, 0x01	; 1
    2748:	f1 f7       	brne	.-4      	; 0x2746 <STEPPER_voidOn+0xe9a>
		while(__ticks)
		{
			// wait 1/10 ms
			_delay_loop_2(((F_CPU) / 4e3) / 10);
			__ticks --;
    274a:	61 50       	subi	r22, 0x01	; 1
    274c:	70 40       	sbci	r23, 0x00	; 0
		__ticks = 1;
	else if (__tmp > 65535)
	{
		//	__ticks = requested delay in 1/10 ms
		__ticks = (uint16_t) (__ms * 10.0);
		while(__ticks)
    274e:	61 15       	cp	r22, r1
    2750:	71 05       	cpc	r23, r1
    2752:	b9 f7       	brne	.-18     	; 0x2742 <STEPPER_voidOn+0xe96>
    2754:	07 c0       	rjmp	.+14     	; 0x2764 <STEPPER_voidOn+0xeb8>
			__ticks --;
		}
		return;
	}
	else
		__ticks = (uint16_t)__tmp;
    2756:	c8 01       	movw	r24, r16
    2758:	b7 01       	movw	r22, r14
    275a:	0e 94 49 00 	call	0x92	; 0x92 <__fixunssfsi>
    275e:	cb 01       	movw	r24, r22
    2760:	01 97       	sbiw	r24, 0x01	; 1
    2762:	f1 f7       	brne	.-4      	; 0x2760 <STEPPER_voidOn+0xeb4>
				_delay_ms( Copy_u8Speed );

				DIO_Set_Pin_Value( STEPPER_PORT , STEPPER_BLUE_PIN   , DIO_PIN_HIGH );
    2764:	81 e0       	ldi	r24, 0x01	; 1
    2766:	60 e0       	ldi	r22, 0x00	; 0
    2768:	41 e0       	ldi	r20, 0x01	; 1
    276a:	0e 94 8f 09 	call	0x131e	; 0x131e <DIO_Set_Pin_Value>
				DIO_Set_Pin_Value( STEPPER_PORT , STEPPER_PINK_PIN   , DIO_PIN_LOW  );
    276e:	81 e0       	ldi	r24, 0x01	; 1
    2770:	61 e0       	ldi	r22, 0x01	; 1
    2772:	40 e0       	ldi	r20, 0x00	; 0
    2774:	0e 94 8f 09 	call	0x131e	; 0x131e <DIO_Set_Pin_Value>
				DIO_Set_Pin_Value( STEPPER_PORT , STEPPER_YELLOW_PIN , DIO_PIN_LOW  );
    2778:	81 e0       	ldi	r24, 0x01	; 1
    277a:	62 e0       	ldi	r22, 0x02	; 2
    277c:	40 e0       	ldi	r20, 0x00	; 0
    277e:	0e 94 8f 09 	call	0x131e	; 0x131e <DIO_Set_Pin_Value>
				DIO_Set_Pin_Value( STEPPER_PORT , STEPPER_ORANGE_PIN , DIO_PIN_LOW  );
    2782:	81 e0       	ldi	r24, 0x01	; 1
    2784:	63 e0       	ldi	r22, 0x03	; 3
    2786:	40 e0       	ldi	r20, 0x00	; 0
    2788:	0e 94 8f 09 	call	0x131e	; 0x131e <DIO_Set_Pin_Value>
void
_delay_ms(double __ms)
{
	uint16_t __ticks;
	double __tmp = ((F_CPU) / 4e3) * __ms;
	if (__tmp < 1.0)
    278c:	c8 01       	movw	r24, r16
    278e:	b7 01       	movw	r22, r14
    2790:	20 e0       	ldi	r18, 0x00	; 0
    2792:	30 e0       	ldi	r19, 0x00	; 0
    2794:	40 e8       	ldi	r20, 0x80	; 128
    2796:	5f e3       	ldi	r21, 0x3F	; 63
    2798:	0e 94 79 03 	call	0x6f2	; 0x6f2 <__ltsf2>
    279c:	88 23       	and	r24, r24
    279e:	1c f4       	brge	.+6      	; 0x27a6 <STEPPER_voidOn+0xefa>
    27a0:	61 e0       	ldi	r22, 0x01	; 1
    27a2:	70 e0       	ldi	r23, 0x00	; 0
    27a4:	23 c0       	rjmp	.+70     	; 0x27ec <STEPPER_voidOn+0xf40>
		__ticks = 1;
	else if (__tmp > 65535)
    27a6:	c8 01       	movw	r24, r16
    27a8:	b7 01       	movw	r22, r14
    27aa:	20 e0       	ldi	r18, 0x00	; 0
    27ac:	3f ef       	ldi	r19, 0xFF	; 255
    27ae:	4f e7       	ldi	r20, 0x7F	; 127
    27b0:	57 e4       	ldi	r21, 0x47	; 71
    27b2:	0e 94 19 03 	call	0x632	; 0x632 <__gtsf2>
    27b6:	18 16       	cp	r1, r24
    27b8:	ac f4       	brge	.+42     	; 0x27e4 <STEPPER_voidOn+0xf38>
	{
		//	__ticks = requested delay in 1/10 ms
		__ticks = (uint16_t) (__ms * 10.0);
    27ba:	c6 01       	movw	r24, r12
    27bc:	b5 01       	movw	r22, r10
    27be:	20 e0       	ldi	r18, 0x00	; 0
    27c0:	30 e0       	ldi	r19, 0x00	; 0
    27c2:	40 e2       	ldi	r20, 0x20	; 32
    27c4:	51 e4       	ldi	r21, 0x41	; 65
    27c6:	0e 94 1f 02 	call	0x43e	; 0x43e <__mulsf3>
    27ca:	0e 94 49 00 	call	0x92	; 0x92 <__fixunssfsi>
    27ce:	06 c0       	rjmp	.+12     	; 0x27dc <STEPPER_voidOn+0xf30>
    27d0:	88 ec       	ldi	r24, 0xC8	; 200
    27d2:	90 e0       	ldi	r25, 0x00	; 0
    27d4:	01 97       	sbiw	r24, 0x01	; 1
    27d6:	f1 f7       	brne	.-4      	; 0x27d4 <STEPPER_voidOn+0xf28>
		while(__ticks)
		{
			// wait 1/10 ms
			_delay_loop_2(((F_CPU) / 4e3) / 10);
			__ticks --;
    27d8:	61 50       	subi	r22, 0x01	; 1
    27da:	70 40       	sbci	r23, 0x00	; 0
		__ticks = 1;
	else if (__tmp > 65535)
	{
		//	__ticks = requested delay in 1/10 ms
		__ticks = (uint16_t) (__ms * 10.0);
		while(__ticks)
    27dc:	61 15       	cp	r22, r1
    27de:	71 05       	cpc	r23, r1
    27e0:	b9 f7       	brne	.-18     	; 0x27d0 <STEPPER_voidOn+0xf24>
    27e2:	07 c0       	rjmp	.+14     	; 0x27f2 <STEPPER_voidOn+0xf46>
			__ticks --;
		}
		return;
	}
	else
		__ticks = (uint16_t)__tmp;
    27e4:	c8 01       	movw	r24, r16
    27e6:	b7 01       	movw	r22, r14
    27e8:	0e 94 49 00 	call	0x92	; 0x92 <__fixunssfsi>
    27ec:	cb 01       	movw	r24, r22
    27ee:	01 97       	sbiw	r24, 0x01	; 1
    27f0:	f1 f7       	brne	.-4      	; 0x27ee <STEPPER_voidOn+0xf42>

		}
		else if( Copy_u8Direction == STEPPER_ANTI_CLOCK_WISE ){


			for( LOC_u16Iterator = 0 ; LOC_u16Iterator < ( ( (u32)Copy_u16Degree * 512 ) / 45 ) / 8 ; LOC_u16Iterator++  ){
    27f2:	08 94       	sec
    27f4:	21 1c       	adc	r2, r1
    27f6:	31 1c       	adc	r3, r1
    27f8:	41 1c       	adc	r4, r1
    27fa:	51 1c       	adc	r5, r1
    27fc:	26 14       	cp	r2, r6
    27fe:	37 04       	cpc	r3, r7
    2800:	48 04       	cpc	r4, r8
    2802:	59 04       	cpc	r5, r9
    2804:	08 f4       	brcc	.+2      	; 0x2808 <STEPPER_voidOn+0xf5c>
    2806:	af cd       	rjmp	.-1186   	; 0x2366 <STEPPER_voidOn+0xaba>

		}

	}

}
    2808:	60 96       	adiw	r28, 0x10	; 16
    280a:	0f b6       	in	r0, 0x3f	; 63
    280c:	f8 94       	cli
    280e:	de bf       	out	0x3e, r29	; 62
    2810:	0f be       	out	0x3f, r0	; 63
    2812:	cd bf       	out	0x3d, r28	; 61
    2814:	cf 91       	pop	r28
    2816:	df 91       	pop	r29
    2818:	1f 91       	pop	r17
    281a:	0f 91       	pop	r16
    281c:	ff 90       	pop	r15
    281e:	ef 90       	pop	r14
    2820:	df 90       	pop	r13
    2822:	cf 90       	pop	r12
    2824:	bf 90       	pop	r11
    2826:	af 90       	pop	r10
    2828:	9f 90       	pop	r9
    282a:	8f 90       	pop	r8
    282c:	7f 90       	pop	r7
    282e:	6f 90       	pop	r6
    2830:	5f 90       	pop	r5
    2832:	4f 90       	pop	r4
    2834:	3f 90       	pop	r3
    2836:	2f 90       	pop	r2
    2838:	08 95       	ret

0000283a <Stepper_Protues_Init>:
 * Stepper proteus with ULN2003A
 */

void Stepper_Protues_Init(void)
{
	DIO_Set_Pin_Direction( STEPPER_Proteus_PORT , STEPPER_Proteus_Left_Top_PIN , DIO_PIN_OUTPUT );
    283a:	83 e0       	ldi	r24, 0x03	; 3
    283c:	60 e0       	ldi	r22, 0x00	; 0
    283e:	41 e0       	ldi	r20, 0x01	; 1
    2840:	0e 94 fa 08 	call	0x11f4	; 0x11f4 <DIO_Set_Pin_Direction>
	DIO_Set_Pin_Direction( STEPPER_Proteus_PORT , STEPPER_Proteus_Left_Bot_PIN , DIO_PIN_OUTPUT );
    2844:	83 e0       	ldi	r24, 0x03	; 3
    2846:	61 e0       	ldi	r22, 0x01	; 1
    2848:	41 e0       	ldi	r20, 0x01	; 1
    284a:	0e 94 fa 08 	call	0x11f4	; 0x11f4 <DIO_Set_Pin_Direction>
	DIO_Set_Pin_Direction( STEPPER_Proteus_PORT , STEPPER_Proteus_Right_Bot_PIN, DIO_PIN_OUTPUT );
    284e:	83 e0       	ldi	r24, 0x03	; 3
    2850:	62 e0       	ldi	r22, 0x02	; 2
    2852:	41 e0       	ldi	r20, 0x01	; 1
    2854:	0e 94 fa 08 	call	0x11f4	; 0x11f4 <DIO_Set_Pin_Direction>
	DIO_Set_Pin_Direction( STEPPER_Proteus_PORT , STEPPER_Proteus_Right_Top_PIN, DIO_PIN_OUTPUT );
    2858:	83 e0       	ldi	r24, 0x03	; 3
    285a:	63 e0       	ldi	r22, 0x03	; 3
    285c:	41 e0       	ldi	r20, 0x01	; 1
    285e:	0e 94 fa 08 	call	0x11f4	; 0x11f4 <DIO_Set_Pin_Direction>

	DIO_Set_Pin_Value( STEPPER_Proteus_PORT , STEPPER_Proteus_Left_Top_PIN   , DIO_PIN_LOW );
    2862:	83 e0       	ldi	r24, 0x03	; 3
    2864:	60 e0       	ldi	r22, 0x00	; 0
    2866:	40 e0       	ldi	r20, 0x00	; 0
    2868:	0e 94 8f 09 	call	0x131e	; 0x131e <DIO_Set_Pin_Value>
	DIO_Set_Pin_Value( STEPPER_Proteus_PORT , STEPPER_Proteus_Left_Bot_PIN   , DIO_PIN_LOW );
    286c:	83 e0       	ldi	r24, 0x03	; 3
    286e:	61 e0       	ldi	r22, 0x01	; 1
    2870:	40 e0       	ldi	r20, 0x00	; 0
    2872:	0e 94 8f 09 	call	0x131e	; 0x131e <DIO_Set_Pin_Value>
	DIO_Set_Pin_Value( STEPPER_Proteus_PORT , STEPPER_Proteus_Right_Bot_PIN , DIO_PIN_LOW );
    2876:	83 e0       	ldi	r24, 0x03	; 3
    2878:	62 e0       	ldi	r22, 0x02	; 2
    287a:	40 e0       	ldi	r20, 0x00	; 0
    287c:	0e 94 8f 09 	call	0x131e	; 0x131e <DIO_Set_Pin_Value>
	DIO_Set_Pin_Value( STEPPER_Proteus_PORT , STEPPER_Proteus_Right_Top_PIN , DIO_PIN_LOW );
    2880:	83 e0       	ldi	r24, 0x03	; 3
    2882:	63 e0       	ldi	r22, 0x03	; 3
    2884:	40 e0       	ldi	r20, 0x00	; 0
    2886:	0e 94 8f 09 	call	0x131e	; 0x131e <DIO_Set_Pin_Value>
}
    288a:	08 95       	ret

0000288c <STEPPER_voidInit>:
* return : Nothing
*/
void STEPPER_voidInit( void )
{

	DIO_Set_Pin_Direction( STEPPER_PORT , STEPPER_ORANGE_PIN , DIO_PORT_OUTPUT );
    288c:	81 e0       	ldi	r24, 0x01	; 1
    288e:	63 e0       	ldi	r22, 0x03	; 3
    2890:	4f ef       	ldi	r20, 0xFF	; 255
    2892:	0e 94 fa 08 	call	0x11f4	; 0x11f4 <DIO_Set_Pin_Direction>
	DIO_Set_Pin_Direction( STEPPER_PORT , STEPPER_YELLOW_PIN , DIO_PORT_OUTPUT );
    2896:	81 e0       	ldi	r24, 0x01	; 1
    2898:	62 e0       	ldi	r22, 0x02	; 2
    289a:	4f ef       	ldi	r20, 0xFF	; 255
    289c:	0e 94 fa 08 	call	0x11f4	; 0x11f4 <DIO_Set_Pin_Direction>
	DIO_Set_Pin_Direction( STEPPER_PORT , STEPPER_BLUE_PIN   , DIO_PORT_OUTPUT );
    28a0:	81 e0       	ldi	r24, 0x01	; 1
    28a2:	60 e0       	ldi	r22, 0x00	; 0
    28a4:	4f ef       	ldi	r20, 0xFF	; 255
    28a6:	0e 94 fa 08 	call	0x11f4	; 0x11f4 <DIO_Set_Pin_Direction>
	DIO_Set_Pin_Direction( STEPPER_PORT , STEPPER_PINK_PIN   , DIO_PORT_OUTPUT );
    28aa:	81 e0       	ldi	r24, 0x01	; 1
    28ac:	61 e0       	ldi	r22, 0x01	; 1
    28ae:	4f ef       	ldi	r20, 0xFF	; 255
    28b0:	0e 94 fa 08 	call	0x11f4	; 0x11f4 <DIO_Set_Pin_Direction>

	DIO_Set_Pin_Value( STEPPER_PORT , STEPPER_BLUE_PIN   , DIO_PIN_LOW );
    28b4:	81 e0       	ldi	r24, 0x01	; 1
    28b6:	60 e0       	ldi	r22, 0x00	; 0
    28b8:	40 e0       	ldi	r20, 0x00	; 0
    28ba:	0e 94 8f 09 	call	0x131e	; 0x131e <DIO_Set_Pin_Value>
	DIO_Set_Pin_Value( STEPPER_PORT , STEPPER_PINK_PIN   , DIO_PIN_LOW );
    28be:	81 e0       	ldi	r24, 0x01	; 1
    28c0:	61 e0       	ldi	r22, 0x01	; 1
    28c2:	40 e0       	ldi	r20, 0x00	; 0
    28c4:	0e 94 8f 09 	call	0x131e	; 0x131e <DIO_Set_Pin_Value>
	DIO_Set_Pin_Value( STEPPER_PORT , STEPPER_YELLOW_PIN , DIO_PIN_LOW );
    28c8:	81 e0       	ldi	r24, 0x01	; 1
    28ca:	62 e0       	ldi	r22, 0x02	; 2
    28cc:	40 e0       	ldi	r20, 0x00	; 0
    28ce:	0e 94 8f 09 	call	0x131e	; 0x131e <DIO_Set_Pin_Value>
	DIO_Set_Pin_Value( STEPPER_PORT , STEPPER_ORANGE_PIN , DIO_PIN_LOW );
    28d2:	81 e0       	ldi	r24, 0x01	; 1
    28d4:	63 e0       	ldi	r22, 0x03	; 3
    28d6:	40 e0       	ldi	r20, 0x00	; 0
    28d8:	0e 94 8f 09 	call	0x131e	; 0x131e <DIO_Set_Pin_Value>

}
    28dc:	08 95       	ret

000028de <ssd_display>:
{
	SR_init(SR);
}

void ssd_display(SR_t SR, u8 type, u8 value)
{
    28de:	0f 93       	push	r16
    28e0:	df 93       	push	r29
    28e2:	cf 93       	push	r28
    28e4:	00 d0       	rcall	.+0      	; 0x28e6 <ssd_display+0x8>
    28e6:	00 d0       	rcall	.+0      	; 0x28e8 <ssd_display+0xa>
    28e8:	00 d0       	rcall	.+0      	; 0x28ea <ssd_display+0xc>
    28ea:	cd b7       	in	r28, 0x3d	; 61
    28ec:	de b7       	in	r29, 0x3e	; 62
    28ee:	49 83       	std	Y+1, r20	; 0x01
    28f0:	5a 83       	std	Y+2, r21	; 0x02
    28f2:	6b 83       	std	Y+3, r22	; 0x03
    28f4:	7c 83       	std	Y+4, r23	; 0x04
    28f6:	8d 83       	std	Y+5, r24	; 0x05
    28f8:	9e 83       	std	Y+6, r25	; 0x06
	if(type == common_cathode)
    28fa:	22 23       	and	r18, r18
    28fc:	31 f4       	brne	.+12     	; 0x290a <ssd_display+0x2c>
	{
		SR_send_byte(SR, numbers[value]);
    28fe:	e0 2f       	mov	r30, r16
    2900:	f0 e0       	ldi	r31, 0x00	; 0
    2902:	e7 5a       	subi	r30, 0xA7	; 167
    2904:	fd 4f       	sbci	r31, 0xFD	; 253
    2906:	20 81       	ld	r18, Z
    2908:	0e c0       	rjmp	.+28     	; 0x2926 <ssd_display+0x48>
	}

	else if (type == common_anode)
    290a:	21 30       	cpi	r18, 0x01	; 1
    290c:	71 f4       	brne	.+28     	; 0x292a <ssd_display+0x4c>
	{
		SR_send_byte(SR, ~(numbers[value]));
    290e:	e0 2f       	mov	r30, r16
    2910:	f0 e0       	ldi	r31, 0x00	; 0
    2912:	e7 5a       	subi	r30, 0xA7	; 167
    2914:	fd 4f       	sbci	r31, 0xFD	; 253
    2916:	20 81       	ld	r18, Z
    2918:	20 95       	com	r18
    291a:	49 81       	ldd	r20, Y+1	; 0x01
    291c:	5a 81       	ldd	r21, Y+2	; 0x02
    291e:	6b 81       	ldd	r22, Y+3	; 0x03
    2920:	7c 81       	ldd	r23, Y+4	; 0x04
    2922:	8d 81       	ldd	r24, Y+5	; 0x05
    2924:	9e 81       	ldd	r25, Y+6	; 0x06
    2926:	0e 94 d5 14 	call	0x29aa	; 0x29aa <SR_send_byte>
	}
}
    292a:	26 96       	adiw	r28, 0x06	; 6
    292c:	0f b6       	in	r0, 0x3f	; 63
    292e:	f8 94       	cli
    2930:	de bf       	out	0x3e, r29	; 62
    2932:	0f be       	out	0x3f, r0	; 63
    2934:	cd bf       	out	0x3d, r28	; 61
    2936:	cf 91       	pop	r28
    2938:	df 91       	pop	r29
    293a:	0f 91       	pop	r16
    293c:	08 95       	ret

0000293e <ssd_init>:
#include "SSD_Interface.h"
#include "../SR/SR_Interface.h"
#include "../../MCAL/DIO/DIO_Interface.h"

void ssd_init(SR_t SR)
{
    293e:	df 93       	push	r29
    2940:	cf 93       	push	r28
    2942:	00 d0       	rcall	.+0      	; 0x2944 <ssd_init+0x6>
    2944:	00 d0       	rcall	.+0      	; 0x2946 <ssd_init+0x8>
    2946:	00 d0       	rcall	.+0      	; 0x2948 <ssd_init+0xa>
    2948:	cd b7       	in	r28, 0x3d	; 61
    294a:	de b7       	in	r29, 0x3e	; 62
    294c:	49 83       	std	Y+1, r20	; 0x01
    294e:	5a 83       	std	Y+2, r21	; 0x02
    2950:	6b 83       	std	Y+3, r22	; 0x03
    2952:	7c 83       	std	Y+4, r23	; 0x04
    2954:	8d 83       	std	Y+5, r24	; 0x05
    2956:	9e 83       	std	Y+6, r25	; 0x06
	SR_init(SR);
    2958:	0e 94 48 15 	call	0x2a90	; 0x2a90 <SR_init>
}
    295c:	26 96       	adiw	r28, 0x06	; 6
    295e:	0f b6       	in	r0, 0x3f	; 63
    2960:	f8 94       	cli
    2962:	de bf       	out	0x3e, r29	; 62
    2964:	0f be       	out	0x3f, r0	; 63
    2966:	cd bf       	out	0x3d, r28	; 61
    2968:	cf 91       	pop	r28
    296a:	df 91       	pop	r29
    296c:	08 95       	ret

0000296e <SRVO_set_angle>:
     * Value = 1000 + (Angle * 1000 / 180)
     */
    u16 Local_u16CompareValue = 1000 + ((u32)angle * 1000 / 180);

    /* «” Œœ«„ «·œ«·… «·Ã«Â“… „‰ œ—«Ì›— «· «Ì„— » «⁄ﬂ */
    Timer_voidSetPWM(Local_u16CompareValue);
    296e:	90 e0       	ldi	r25, 0x00	; 0
    2970:	a0 e0       	ldi	r26, 0x00	; 0
    2972:	b0 e0       	ldi	r27, 0x00	; 0
    2974:	bc 01       	movw	r22, r24
    2976:	cd 01       	movw	r24, r26
    2978:	28 ee       	ldi	r18, 0xE8	; 232
    297a:	33 e0       	ldi	r19, 0x03	; 3
    297c:	40 e0       	ldi	r20, 0x00	; 0
    297e:	50 e0       	ldi	r21, 0x00	; 0
    2980:	0e 94 f3 19 	call	0x33e6	; 0x33e6 <__mulsi3>
    2984:	24 eb       	ldi	r18, 0xB4	; 180
    2986:	30 e0       	ldi	r19, 0x00	; 0
    2988:	40 e0       	ldi	r20, 0x00	; 0
    298a:	50 e0       	ldi	r21, 0x00	; 0
    298c:	0e 94 1e 1a 	call	0x343c	; 0x343c <__udivmodsi4>
    2990:	da 01       	movw	r26, r20
    2992:	c9 01       	movw	r24, r18
    2994:	88 51       	subi	r24, 0x18	; 24
    2996:	9c 4f       	sbci	r25, 0xFC	; 252
    2998:	0e 94 df 06 	call	0xdbe	; 0xdbe <Timer_voidSetPWM>
}
    299c:	08 95       	ret

0000299e <SRVO_init>:
#include "SRV_Interface.h"

void SRVO_init(void)
{
    /* »‰… OC1A ›Ì ATmega32 ÂÌ PD5° ·«“„  ﬂÊ‰ Output */
	DIO_Set_Pin_Direction(DIO_PORTD, DIO_PIN5, DIO_PIN_OUTPUT);
    299e:	83 e0       	ldi	r24, 0x03	; 3
    29a0:	65 e0       	ldi	r22, 0x05	; 5
    29a2:	41 e0       	ldi	r20, 0x01	; 1
    29a4:	0e 94 fa 08 	call	0x11f4	; 0x11f4 <DIO_Set_Pin_Direction>
}
    29a8:	08 95       	ret

000029aa <SR_send_byte>:
    DIO_Set_Pin_Direction(SR.CLOCK_PORT, SR.CLOCK_PIN, DIO_PIN_OUTPUT);
    DIO_Set_Pin_Direction(SR.STROBE_PORT, SR.STROBE_PIN, DIO_PIN_OUTPUT);
}

void SR_send_byte(SR_t SR, u8 data)
{
    29aa:	5f 92       	push	r5
    29ac:	6f 92       	push	r6
    29ae:	7f 92       	push	r7
    29b0:	8f 92       	push	r8
    29b2:	9f 92       	push	r9
    29b4:	af 92       	push	r10
    29b6:	bf 92       	push	r11
    29b8:	cf 92       	push	r12
    29ba:	df 92       	push	r13
    29bc:	ef 92       	push	r14
    29be:	ff 92       	push	r15
    29c0:	0f 93       	push	r16
    29c2:	1f 93       	push	r17
    29c4:	df 93       	push	r29
    29c6:	cf 93       	push	r28
    29c8:	00 d0       	rcall	.+0      	; 0x29ca <SR_send_byte+0x20>
    29ca:	00 d0       	rcall	.+0      	; 0x29cc <SR_send_byte+0x22>
    29cc:	00 d0       	rcall	.+0      	; 0x29ce <SR_send_byte+0x24>
    29ce:	cd b7       	in	r28, 0x3d	; 61
    29d0:	de b7       	in	r29, 0x3e	; 62
    29d2:	f4 2f       	mov	r31, r20
    29d4:	49 83       	std	Y+1, r20	; 0x01
    29d6:	5a 83       	std	Y+2, r21	; 0x02
    29d8:	6b 83       	std	Y+3, r22	; 0x03
    29da:	7c 83       	std	Y+4, r23	; 0x04
    29dc:	8d 83       	std	Y+5, r24	; 0x05
    29de:	9e 83       	std	Y+6, r25	; 0x06
    29e0:	12 2f       	mov	r17, r18
    29e2:	d8 2e       	mov	r13, r24
    29e4:	09 2f       	mov	r16, r25
    29e6:	5f 2e       	mov	r5, r31
    29e8:	85 2e       	mov	r8, r21
    29ea:	96 2e       	mov	r9, r22
    29ec:	c7 2e       	mov	r12, r23
    s8 counter;

    DIO_Set_Pin_Value(SR.STROBE_PORT, SR.STROBE_PIN, DIO_PIN_LOW);
    29ee:	69 2f       	mov	r22, r25
    29f0:	40 e0       	ldi	r20, 0x00	; 0
    29f2:	0e 94 8f 09 	call	0x131e	; 0x131e <DIO_Set_Pin_Value>
    29f6:	97 e0       	ldi	r25, 0x07	; 7
    29f8:	e9 2e       	mov	r14, r25
    29fa:	f1 2c       	mov	r15, r1

    for(counter = 7; counter >= 0; counter--)
    {
        u8 Bit = GET_BIT(data, counter);
        DIO_Set_Pin_Value(SR.DATA_PORT, SR.DATA_PIN, Bit);
    29fc:	81 e0       	ldi	r24, 0x01	; 1
    29fe:	68 2e       	mov	r6, r24
    2a00:	71 2c       	mov	r7, r1
    2a02:	a1 2e       	mov	r10, r17
    2a04:	bb 24       	eor	r11, r11
    2a06:	a3 01       	movw	r20, r6
    2a08:	0e 2c       	mov	r0, r14
    2a0a:	02 c0       	rjmp	.+4      	; 0x2a10 <SR_send_byte+0x66>
    2a0c:	44 0f       	add	r20, r20
    2a0e:	55 1f       	adc	r21, r21
    2a10:	0a 94       	dec	r0
    2a12:	e2 f7       	brpl	.-8      	; 0x2a0c <SR_send_byte+0x62>
    2a14:	4a 21       	and	r20, r10
    2a16:	5b 21       	and	r21, r11
    2a18:	0e 2c       	mov	r0, r14
    2a1a:	02 c0       	rjmp	.+4      	; 0x2a20 <SR_send_byte+0x76>
    2a1c:	55 95       	asr	r21
    2a1e:	47 95       	ror	r20
    2a20:	0a 94       	dec	r0
    2a22:	e2 f7       	brpl	.-8      	; 0x2a1c <SR_send_byte+0x72>
    2a24:	85 2d       	mov	r24, r5
    2a26:	68 2d       	mov	r22, r8
    2a28:	0e 94 8f 09 	call	0x131e	; 0x131e <DIO_Set_Pin_Value>

        DIO_Set_Pin_Value(SR.CLOCK_PORT, SR.CLOCK_PIN, DIO_PIN_HIGH);
    2a2c:	89 2d       	mov	r24, r9
    2a2e:	6c 2d       	mov	r22, r12
    2a30:	41 e0       	ldi	r20, 0x01	; 1
    2a32:	0e 94 8f 09 	call	0x131e	; 0x131e <DIO_Set_Pin_Value>
        DIO_Set_Pin_Value(SR.CLOCK_PORT, SR.CLOCK_PIN, DIO_PIN_LOW);
    2a36:	89 2d       	mov	r24, r9
    2a38:	6c 2d       	mov	r22, r12
    2a3a:	40 e0       	ldi	r20, 0x00	; 0
    2a3c:	0e 94 8f 09 	call	0x131e	; 0x131e <DIO_Set_Pin_Value>
    2a40:	08 94       	sec
    2a42:	e1 08       	sbc	r14, r1
    2a44:	f1 08       	sbc	r15, r1
{
    s8 counter;

    DIO_Set_Pin_Value(SR.STROBE_PORT, SR.STROBE_PIN, DIO_PIN_LOW);

    for(counter = 7; counter >= 0; counter--)
    2a46:	8f ef       	ldi	r24, 0xFF	; 255
    2a48:	e8 16       	cp	r14, r24
    2a4a:	8f ef       	ldi	r24, 0xFF	; 255
    2a4c:	f8 06       	cpc	r15, r24
    2a4e:	d9 f6       	brne	.-74     	; 0x2a06 <SR_send_byte+0x5c>

        DIO_Set_Pin_Value(SR.CLOCK_PORT, SR.CLOCK_PIN, DIO_PIN_HIGH);
        DIO_Set_Pin_Value(SR.CLOCK_PORT, SR.CLOCK_PIN, DIO_PIN_LOW);
    }

    DIO_Set_Pin_Value(SR.STROBE_PORT, SR.STROBE_PIN, DIO_PIN_HIGH);
    2a50:	8d 2d       	mov	r24, r13
    2a52:	60 2f       	mov	r22, r16
    2a54:	41 e0       	ldi	r20, 0x01	; 1
    2a56:	0e 94 8f 09 	call	0x131e	; 0x131e <DIO_Set_Pin_Value>
    DIO_Set_Pin_Value(SR.STROBE_PORT, SR.STROBE_PIN, DIO_PIN_LOW);
    2a5a:	8d 2d       	mov	r24, r13
    2a5c:	60 2f       	mov	r22, r16
    2a5e:	40 e0       	ldi	r20, 0x00	; 0
    2a60:	0e 94 8f 09 	call	0x131e	; 0x131e <DIO_Set_Pin_Value>
}
    2a64:	26 96       	adiw	r28, 0x06	; 6
    2a66:	0f b6       	in	r0, 0x3f	; 63
    2a68:	f8 94       	cli
    2a6a:	de bf       	out	0x3e, r29	; 62
    2a6c:	0f be       	out	0x3f, r0	; 63
    2a6e:	cd bf       	out	0x3d, r28	; 61
    2a70:	cf 91       	pop	r28
    2a72:	df 91       	pop	r29
    2a74:	1f 91       	pop	r17
    2a76:	0f 91       	pop	r16
    2a78:	ff 90       	pop	r15
    2a7a:	ef 90       	pop	r14
    2a7c:	df 90       	pop	r13
    2a7e:	cf 90       	pop	r12
    2a80:	bf 90       	pop	r11
    2a82:	af 90       	pop	r10
    2a84:	9f 90       	pop	r9
    2a86:	8f 90       	pop	r8
    2a88:	7f 90       	pop	r7
    2a8a:	6f 90       	pop	r6
    2a8c:	5f 90       	pop	r5
    2a8e:	08 95       	ret

00002a90 <SR_init>:

#include "SR_Config.h"
#include "SR_Interface.h"

void SR_init(SR_t SR)
{
    2a90:	df 93       	push	r29
    2a92:	cf 93       	push	r28
    2a94:	00 d0       	rcall	.+0      	; 0x2a96 <SR_init+0x6>
    2a96:	00 d0       	rcall	.+0      	; 0x2a98 <SR_init+0x8>
    2a98:	00 d0       	rcall	.+0      	; 0x2a9a <SR_init+0xa>
    2a9a:	cd b7       	in	r28, 0x3d	; 61
    2a9c:	de b7       	in	r29, 0x3e	; 62
    2a9e:	49 83       	std	Y+1, r20	; 0x01
    2aa0:	5a 83       	std	Y+2, r21	; 0x02
    2aa2:	6b 83       	std	Y+3, r22	; 0x03
    2aa4:	7c 83       	std	Y+4, r23	; 0x04
    2aa6:	8d 83       	std	Y+5, r24	; 0x05
    2aa8:	9e 83       	std	Y+6, r25	; 0x06
    DIO_Set_Pin_Direction(SR.DATA_PORT, SR.DATA_PIN, DIO_PIN_OUTPUT);
    2aaa:	84 2f       	mov	r24, r20
    2aac:	65 2f       	mov	r22, r21
    2aae:	41 e0       	ldi	r20, 0x01	; 1
    2ab0:	0e 94 fa 08 	call	0x11f4	; 0x11f4 <DIO_Set_Pin_Direction>
    DIO_Set_Pin_Direction(SR.CLOCK_PORT, SR.CLOCK_PIN, DIO_PIN_OUTPUT);
    2ab4:	8b 81       	ldd	r24, Y+3	; 0x03
    2ab6:	6c 81       	ldd	r22, Y+4	; 0x04
    2ab8:	41 e0       	ldi	r20, 0x01	; 1
    2aba:	0e 94 fa 08 	call	0x11f4	; 0x11f4 <DIO_Set_Pin_Direction>
    DIO_Set_Pin_Direction(SR.STROBE_PORT, SR.STROBE_PIN, DIO_PIN_OUTPUT);
    2abe:	8d 81       	ldd	r24, Y+5	; 0x05
    2ac0:	6e 81       	ldd	r22, Y+6	; 0x06
    2ac2:	41 e0       	ldi	r20, 0x01	; 1
    2ac4:	0e 94 fa 08 	call	0x11f4	; 0x11f4 <DIO_Set_Pin_Direction>
}
    2ac8:	26 96       	adiw	r28, 0x06	; 6
    2aca:	0f b6       	in	r0, 0x3f	; 63
    2acc:	f8 94       	cli
    2ace:	de bf       	out	0x3e, r29	; 62
    2ad0:	0f be       	out	0x3f, r0	; 63
    2ad2:	cd bf       	out	0x3d, r28	; 61
    2ad4:	cf 91       	pop	r28
    2ad6:	df 91       	pop	r29
    2ad8:	08 95       	ret

00002ada <led_toggle>:
{
	DIO_Set_Port_Value(led.port,value);
}

void led_toggle(led_t led)
{
    2ada:	0f 93       	push	r16
    2adc:	1f 93       	push	r17
    2ade:	18 2f       	mov	r17, r24
    2ae0:	09 2f       	mov	r16, r25
    u8 pin_value = DIO_Get_Pin_Value(led.port, led.pin);
    2ae2:	69 2f       	mov	r22, r25
    2ae4:	0e 94 02 0a 	call	0x1404	; 0x1404 <DIO_Get_Pin_Value>
    if(pin_value == DIO_PIN_HIGH)
    2ae8:	81 30       	cpi	r24, 0x01	; 1
    2aea:	21 f4       	brne	.+8      	; 0x2af4 <led_toggle+0x1a>
    {
    	DIO_Set_Pin_Value(led.port, led.pin, DIO_PIN_LOW);
    2aec:	81 2f       	mov	r24, r17
    2aee:	60 2f       	mov	r22, r16
    2af0:	40 e0       	ldi	r20, 0x00	; 0
    2af2:	03 c0       	rjmp	.+6      	; 0x2afa <led_toggle+0x20>
    }
    else
    {
    	DIO_Set_Pin_Value(led.port, led.pin, DIO_PIN_HIGH);
    2af4:	81 2f       	mov	r24, r17
    2af6:	60 2f       	mov	r22, r16
    2af8:	41 e0       	ldi	r20, 0x01	; 1
    2afa:	0e 94 8f 09 	call	0x131e	; 0x131e <DIO_Set_Pin_Value>
    }
}
    2afe:	1f 91       	pop	r17
    2b00:	0f 91       	pop	r16
    2b02:	08 95       	ret

00002b04 <led_off>:
	DIO_Set_Pin_Value(led.port,led.pin, DIO_PIN_HIGH);
}

void led_off(led_t led)
{
	DIO_Set_Pin_Value(led.port,led.pin,DIO_PIN_LOW);
    2b04:	69 2f       	mov	r22, r25
    2b06:	40 e0       	ldi	r20, 0x00	; 0
    2b08:	0e 94 8f 09 	call	0x131e	; 0x131e <DIO_Set_Pin_Value>
}
    2b0c:	08 95       	ret

00002b0e <led_on>:

}

void led_on(led_t led)
{
	DIO_Set_Pin_Value(led.port,led.pin, DIO_PIN_HIGH);
    2b0e:	69 2f       	mov	r22, r25
    2b10:	41 e0       	ldi	r20, 0x01	; 1
    2b12:	0e 94 8f 09 	call	0x131e	; 0x131e <DIO_Set_Pin_Value>
}
    2b16:	08 95       	ret

00002b18 <leds_off>:
	DIO_Set_Port_Value(led.port,value);
}

void leds_off(led_t led,u8 value)
{
	DIO_Set_Port_Value(led.port,value);
    2b18:	0e 94 7e 09 	call	0x12fc	; 0x12fc <DIO_Set_Port_Value>
}
    2b1c:	08 95       	ret

00002b1e <leds_on>:
	DIO_Set_Pin_Value(led.port,led.pin,DIO_PIN_LOW);
}

void leds_on(led_t led,u8 value)
{
	DIO_Set_Port_Value(led.port,value);
    2b1e:	0e 94 7e 09 	call	0x12fc	; 0x12fc <DIO_Set_Port_Value>
}
    2b22:	08 95       	ret

00002b24 <leds_init>:

}

void leds_init(led_t led)
{
	DIO_Set_Port_Direction(led.port, DIO_PORT_OUTPUT);
    2b24:	6f ef       	ldi	r22, 0xFF	; 255
    2b26:	0e 94 6d 09 	call	0x12da	; 0x12da <DIO_Set_Port_Direction>

}
    2b2a:	08 95       	ret

00002b2c <led_init>:



void led_init(led_t led)
{
	DIO_Set_Pin_Direction(led.port,led.pin, DIO_PIN_OUTPUT);
    2b2c:	69 2f       	mov	r22, r25
    2b2e:	41 e0       	ldi	r20, 0x01	; 1
    2b30:	0e 94 fa 08 	call	0x11f4	; 0x11f4 <DIO_Set_Pin_Direction>

}
    2b34:	08 95       	ret

00002b36 <LCD_voidSend4Bits>:
#include "LCD_Interface.h"
#include "LCD_Config.h"
#include "LCD_Private.h"

static void LCD_voidSend4Bits(u8 Copy_u8Value)
{
    2b36:	ff 92       	push	r15
    2b38:	0f 93       	push	r16
    2b3a:	1f 93       	push	r17
    2b3c:	f8 2e       	mov	r15, r24
    DIO_Set_Pin_Value(LCD_D4_PORT, LCD_D4_PIN, GET_BIT(Copy_u8Value, 4));
    2b3e:	08 2f       	mov	r16, r24
    2b40:	10 e0       	ldi	r17, 0x00	; 0
    2b42:	a8 01       	movw	r20, r16
    2b44:	40 71       	andi	r20, 0x10	; 16
    2b46:	50 70       	andi	r21, 0x00	; 0
    2b48:	24 e0       	ldi	r18, 0x04	; 4
    2b4a:	55 95       	asr	r21
    2b4c:	47 95       	ror	r20
    2b4e:	2a 95       	dec	r18
    2b50:	e1 f7       	brne	.-8      	; 0x2b4a <LCD_voidSend4Bits+0x14>
    2b52:	81 e0       	ldi	r24, 0x01	; 1
    2b54:	62 e0       	ldi	r22, 0x02	; 2
    2b56:	0e 94 8f 09 	call	0x131e	; 0x131e <DIO_Set_Pin_Value>
    DIO_Set_Pin_Value(LCD_D5_PORT, LCD_D5_PIN, GET_BIT(Copy_u8Value, 5));
    2b5a:	a8 01       	movw	r20, r16
    2b5c:	40 72       	andi	r20, 0x20	; 32
    2b5e:	50 70       	andi	r21, 0x00	; 0
    2b60:	95 e0       	ldi	r25, 0x05	; 5
    2b62:	55 95       	asr	r21
    2b64:	47 95       	ror	r20
    2b66:	9a 95       	dec	r25
    2b68:	e1 f7       	brne	.-8      	; 0x2b62 <LCD_voidSend4Bits+0x2c>
    2b6a:	81 e0       	ldi	r24, 0x01	; 1
    2b6c:	63 e0       	ldi	r22, 0x03	; 3
    2b6e:	0e 94 8f 09 	call	0x131e	; 0x131e <DIO_Set_Pin_Value>
    DIO_Set_Pin_Value(LCD_D6_PORT, LCD_D6_PIN, GET_BIT(Copy_u8Value, 6));
    2b72:	00 74       	andi	r16, 0x40	; 64
    2b74:	10 70       	andi	r17, 0x00	; 0
    2b76:	86 e0       	ldi	r24, 0x06	; 6
    2b78:	15 95       	asr	r17
    2b7a:	07 95       	ror	r16
    2b7c:	8a 95       	dec	r24
    2b7e:	e1 f7       	brne	.-8      	; 0x2b78 <LCD_voidSend4Bits+0x42>
    2b80:	81 e0       	ldi	r24, 0x01	; 1
    2b82:	64 e0       	ldi	r22, 0x04	; 4
    2b84:	40 2f       	mov	r20, r16
    2b86:	0e 94 8f 09 	call	0x131e	; 0x131e <DIO_Set_Pin_Value>
    DIO_Set_Pin_Value(LCD_D7_PORT, LCD_D7_PIN, GET_BIT(Copy_u8Value, 7));
    2b8a:	ff 1c       	adc	r15, r15
    2b8c:	ff 24       	eor	r15, r15
    2b8e:	ff 1c       	adc	r15, r15
    2b90:	81 e0       	ldi	r24, 0x01	; 1
    2b92:	65 e0       	ldi	r22, 0x05	; 5
    2b94:	4f 2d       	mov	r20, r15
    2b96:	0e 94 8f 09 	call	0x131e	; 0x131e <DIO_Set_Pin_Value>
}
    2b9a:	1f 91       	pop	r17
    2b9c:	0f 91       	pop	r16
    2b9e:	ff 90       	pop	r15
    2ba0:	08 95       	ret

00002ba2 <LCD_voidSendEnablePulse>:

/* œ«·… „”«⁄œ… ·⁄„· ‰»÷… «·‹ Enable */
static void LCD_voidSendEnablePulse(void)
{
	DIO_Set_Pin_Value(LCD_EN_PORT, LCD_EN_PIN, DIO_PIN_HIGH);
    2ba2:	81 e0       	ldi	r24, 0x01	; 1
    2ba4:	61 e0       	ldi	r22, 0x01	; 1
    2ba6:	41 e0       	ldi	r20, 0x01	; 1
    2ba8:	0e 94 8f 09 	call	0x131e	; 0x131e <DIO_Set_Pin_Value>
    2bac:	80 ea       	ldi	r24, 0xA0	; 160
    2bae:	9f e0       	ldi	r25, 0x0F	; 15
    2bb0:	01 97       	sbiw	r24, 0x01	; 1
    2bb2:	f1 f7       	brne	.-4      	; 0x2bb0 <LCD_voidSendEnablePulse+0xe>
    _delay_ms(2);
    DIO_Set_Pin_Value(LCD_EN_PORT, LCD_EN_PIN, DIO_PIN_LOW);
    2bb4:	81 e0       	ldi	r24, 0x01	; 1
    2bb6:	61 e0       	ldi	r22, 0x01	; 1
    2bb8:	40 e0       	ldi	r20, 0x00	; 0
    2bba:	0e 94 8f 09 	call	0x131e	; 0x131e <DIO_Set_Pin_Value>
}
    2bbe:	08 95       	ret

00002bc0 <LCD_send_data>:
    LCD_voidSend4Bits(Copy_u8Command << 4);
    LCD_voidSendEnablePulse();
}

void LCD_send_data(u8 Copy_u8Data)
{
    2bc0:	1f 93       	push	r17
    2bc2:	18 2f       	mov	r17, r24
    /* RS = 1 ·≈—”«· œ« « */
	DIO_Set_Pin_Value(LCD_RS_PORT, LCD_RS_PIN, DIO_PIN_HIGH);
    2bc4:	81 e0       	ldi	r24, 0x01	; 1
    2bc6:	60 e0       	ldi	r22, 0x00	; 0
    2bc8:	41 e0       	ldi	r20, 0x01	; 1
    2bca:	0e 94 8f 09 	call	0x131e	; 0x131e <DIO_Set_Pin_Value>

    LCD_voidSend4Bits(Copy_u8Data);
    2bce:	81 2f       	mov	r24, r17
    2bd0:	0e 94 9b 15 	call	0x2b36	; 0x2b36 <LCD_voidSend4Bits>
    LCD_voidSendEnablePulse();
    2bd4:	0e 94 d1 15 	call	0x2ba2	; 0x2ba2 <LCD_voidSendEnablePulse>

    LCD_voidSend4Bits(Copy_u8Data << 4);
    2bd8:	81 2f       	mov	r24, r17
    2bda:	82 95       	swap	r24
    2bdc:	80 7f       	andi	r24, 0xF0	; 240
    2bde:	0e 94 9b 15 	call	0x2b36	; 0x2b36 <LCD_voidSend4Bits>
    LCD_voidSendEnablePulse();
    2be2:	0e 94 d1 15 	call	0x2ba2	; 0x2ba2 <LCD_voidSendEnablePulse>
}
    2be6:	1f 91       	pop	r17
    2be8:	08 95       	ret

00002bea <LCD_send_number>:
    }
    LCD_send_command(Local_u8Address + 128);
}

void LCD_send_number(u32 Copy_u32Number)
{
    2bea:	af 92       	push	r10
    2bec:	bf 92       	push	r11
    2bee:	cf 92       	push	r12
    2bf0:	df 92       	push	r13
    2bf2:	ef 92       	push	r14
    2bf4:	ff 92       	push	r15
    2bf6:	0f 93       	push	r16
    2bf8:	1f 93       	push	r17
    2bfa:	df 93       	push	r29
    2bfc:	cf 93       	push	r28
    2bfe:	cd b7       	in	r28, 0x3d	; 61
    2c00:	de b7       	in	r29, 0x3e	; 62
    2c02:	2c 97       	sbiw	r28, 0x0c	; 12
    2c04:	0f b6       	in	r0, 0x3f	; 63
    2c06:	f8 94       	cli
    2c08:	de bf       	out	0x3e, r29	; 62
    2c0a:	0f be       	out	0x3f, r0	; 63
    2c0c:	cd bf       	out	0x3d, r28	; 61
    2c0e:	6b 01       	movw	r12, r22
    2c10:	7c 01       	movw	r14, r24
    char Local_chNumber[10];
    u8 Local_u8Index = 0;
    s8 Local_s8Counter;

    if (Copy_u32Number == 0)
    2c12:	61 15       	cp	r22, r1
    2c14:	71 05       	cpc	r23, r1
    2c16:	81 05       	cpc	r24, r1
    2c18:	91 05       	cpc	r25, r1
    2c1a:	21 f4       	brne	.+8      	; 0x2c24 <LCD_send_number+0x3a>
    {
    	LCD_send_data('0');
    2c1c:	80 e3       	ldi	r24, 0x30	; 48
    2c1e:	0e 94 e0 15 	call	0x2bc0	; 0x2bc0 <LCD_send_data>
    2c22:	3b c0       	rjmp	.+118    	; 0x2c9a <LCD_send_number+0xb0>
        return;
    2c24:	10 e0       	ldi	r17, 0x00	; 0
    }

    /*  ›ﬂÌﬂ «·—ﬁ„ Ê Œ“Ì‰Â ›Ì «·„’›Ê›… »«·⁄ﬂ” */
    while (Copy_u32Number != 0)
    {
        Local_chNumber[Local_u8Index] = (Copy_u32Number % 10) + '0';
    2c26:	5e 01       	movw	r10, r28
    2c28:	08 94       	sec
    2c2a:	a1 1c       	adc	r10, r1
    2c2c:	b1 1c       	adc	r11, r1
    2c2e:	c5 01       	movw	r24, r10
    2c30:	81 0f       	add	r24, r17
    2c32:	91 1d       	adc	r25, r1
    2c34:	9c 87       	std	Y+12, r25	; 0x0c
    2c36:	8b 87       	std	Y+11, r24	; 0x0b
    2c38:	c7 01       	movw	r24, r14
    2c3a:	b6 01       	movw	r22, r12
    2c3c:	2a e0       	ldi	r18, 0x0A	; 10
    2c3e:	30 e0       	ldi	r19, 0x00	; 0
    2c40:	40 e0       	ldi	r20, 0x00	; 0
    2c42:	50 e0       	ldi	r21, 0x00	; 0
    2c44:	0e 94 1e 1a 	call	0x343c	; 0x343c <__udivmodsi4>
    2c48:	60 5d       	subi	r22, 0xD0	; 208
    2c4a:	eb 85       	ldd	r30, Y+11	; 0x0b
    2c4c:	fc 85       	ldd	r31, Y+12	; 0x0c
    2c4e:	60 83       	st	Z, r22
        Copy_u32Number /= 10;
    2c50:	c7 01       	movw	r24, r14
    2c52:	b6 01       	movw	r22, r12
    2c54:	2a e0       	ldi	r18, 0x0A	; 10
    2c56:	30 e0       	ldi	r19, 0x00	; 0
    2c58:	40 e0       	ldi	r20, 0x00	; 0
    2c5a:	50 e0       	ldi	r21, 0x00	; 0
    2c5c:	0e 94 1e 1a 	call	0x343c	; 0x343c <__udivmodsi4>
    2c60:	c9 01       	movw	r24, r18
    2c62:	da 01       	movw	r26, r20
    2c64:	6c 01       	movw	r12, r24
    2c66:	7d 01       	movw	r14, r26
        Local_u8Index++;
    2c68:	1f 5f       	subi	r17, 0xFF	; 255
    	LCD_send_data('0');
        return;
    }

    /*  ›ﬂÌﬂ «·—ﬁ„ Ê Œ“Ì‰Â ›Ì «·„’›Ê›… »«·⁄ﬂ” */
    while (Copy_u32Number != 0)
    2c6a:	c1 14       	cp	r12, r1
    2c6c:	d1 04       	cpc	r13, r1
    2c6e:	e1 04       	cpc	r14, r1
    2c70:	f1 04       	cpc	r15, r1
    2c72:	e9 f6       	brne	.-70     	; 0x2c2e <LCD_send_number+0x44>
        Copy_u32Number /= 10;
        Local_u8Index++;
    }

    /* ÿ»«⁄… «·—ﬁ„ »«· — Ì» «·’ÕÌÕ */
    for (Local_s8Counter = Local_u8Index - 1; Local_s8Counter >= 0; Local_s8Counter--)
    2c74:	01 2f       	mov	r16, r17
    2c76:	01 50       	subi	r16, 0x01	; 1
    2c78:	e0 2e       	mov	r14, r16
    2c7a:	ff 24       	eor	r15, r15
    2c7c:	e7 fc       	sbrc	r14, 7
    2c7e:	f0 94       	com	r15
    2c80:	ea 0c       	add	r14, r10
    2c82:	fb 1c       	adc	r15, r11
    2c84:	08 c0       	rjmp	.+16     	; 0x2c96 <LCD_send_number+0xac>
    {
    	LCD_send_data(Local_chNumber[Local_s8Counter]);
    2c86:	f7 01       	movw	r30, r14
    2c88:	80 81       	ld	r24, Z
    2c8a:	0e 94 e0 15 	call	0x2bc0	; 0x2bc0 <LCD_send_data>
        Copy_u32Number /= 10;
        Local_u8Index++;
    }

    /* ÿ»«⁄… «·—ﬁ„ »«· — Ì» «·’ÕÌÕ */
    for (Local_s8Counter = Local_u8Index - 1; Local_s8Counter >= 0; Local_s8Counter--)
    2c8e:	01 50       	subi	r16, 0x01	; 1
    2c90:	08 94       	sec
    2c92:	e1 08       	sbc	r14, r1
    2c94:	f1 08       	sbc	r15, r1
    2c96:	07 ff       	sbrs	r16, 7
    2c98:	f6 cf       	rjmp	.-20     	; 0x2c86 <LCD_send_number+0x9c>
    {
    	LCD_send_data(Local_chNumber[Local_s8Counter]);
    }
}
    2c9a:	2c 96       	adiw	r28, 0x0c	; 12
    2c9c:	0f b6       	in	r0, 0x3f	; 63
    2c9e:	f8 94       	cli
    2ca0:	de bf       	out	0x3e, r29	; 62
    2ca2:	0f be       	out	0x3f, r0	; 63
    2ca4:	cd bf       	out	0x3d, r28	; 61
    2ca6:	cf 91       	pop	r28
    2ca8:	df 91       	pop	r29
    2caa:	1f 91       	pop	r17
    2cac:	0f 91       	pop	r16
    2cae:	ff 90       	pop	r15
    2cb0:	ef 90       	pop	r14
    2cb2:	df 90       	pop	r13
    2cb4:	cf 90       	pop	r12
    2cb6:	bf 90       	pop	r11
    2cb8:	af 90       	pop	r10
    2cba:	08 95       	ret

00002cbc <LCD_send_string>:
    LCD_send_command(LCD_DISPLAY_ON_CURSOR_OFF);
    LCD_send_command(LCD_CLEAR_COMMAND);
}

void LCD_send_string(const char *Copy_pcString)
{
    2cbc:	1f 93       	push	r17
    2cbe:	cf 93       	push	r28
    2cc0:	df 93       	push	r29
    2cc2:	ec 01       	movw	r28, r24
    2cc4:	10 e0       	ldi	r17, 0x00	; 0
    2cc6:	03 c0       	rjmp	.+6      	; 0x2cce <LCD_send_string+0x12>
    u8 Local_u8Counter = 0;
    while (Copy_pcString[Local_u8Counter] != '\0')
    {
    	LCD_send_data(Copy_pcString[Local_u8Counter]);
    2cc8:	0e 94 e0 15 	call	0x2bc0	; 0x2bc0 <LCD_send_data>
        Local_u8Counter++;
    2ccc:	1f 5f       	subi	r17, 0xFF	; 255
}

void LCD_send_string(const char *Copy_pcString)
{
    u8 Local_u8Counter = 0;
    while (Copy_pcString[Local_u8Counter] != '\0')
    2cce:	fe 01       	movw	r30, r28
    2cd0:	e1 0f       	add	r30, r17
    2cd2:	f1 1d       	adc	r31, r1
    2cd4:	80 81       	ld	r24, Z
    2cd6:	88 23       	and	r24, r24
    2cd8:	b9 f7       	brne	.-18     	; 0x2cc8 <LCD_send_string+0xc>
    {
    	LCD_send_data(Copy_pcString[Local_u8Counter]);
        Local_u8Counter++;
    }
}
    2cda:	df 91       	pop	r29
    2cdc:	cf 91       	pop	r28
    2cde:	1f 91       	pop	r17
    2ce0:	08 95       	ret

00002ce2 <LCD_send_command>:
    _delay_ms(2);
    DIO_Set_Pin_Value(LCD_EN_PORT, LCD_EN_PIN, DIO_PIN_LOW);
}

void LCD_send_command(u8 Copy_u8Command)
{
    2ce2:	1f 93       	push	r17
    2ce4:	18 2f       	mov	r17, r24
    /* RS = 0 ·≈—”«· √„— */
	DIO_Set_Pin_Value(LCD_RS_PORT, LCD_RS_PIN, DIO_PIN_LOW);
    2ce6:	81 e0       	ldi	r24, 0x01	; 1
    2ce8:	60 e0       	ldi	r22, 0x00	; 0
    2cea:	40 e0       	ldi	r20, 0x00	; 0
    2cec:	0e 94 8f 09 	call	0x131e	; 0x131e <DIO_Set_Pin_Value>

    /* ≈—”«· «·‹ 4 »  «··Ì ›Êﬁ √Ê·« (High Nibble) */
    LCD_voidSend4Bits(Copy_u8Command);
    2cf0:	81 2f       	mov	r24, r17
    2cf2:	0e 94 9b 15 	call	0x2b36	; 0x2b36 <LCD_voidSend4Bits>
    LCD_voidSendEnablePulse();
    2cf6:	0e 94 d1 15 	call	0x2ba2	; 0x2ba2 <LCD_voidSendEnablePulse>

    /* ≈—”«· «·‹ 4 »  «··Ì  Õ  (Low Nibble) */
    LCD_voidSend4Bits(Copy_u8Command << 4);
    2cfa:	81 2f       	mov	r24, r17
    2cfc:	82 95       	swap	r24
    2cfe:	80 7f       	andi	r24, 0xF0	; 240
    2d00:	0e 94 9b 15 	call	0x2b36	; 0x2b36 <LCD_voidSend4Bits>
    LCD_voidSendEnablePulse();
    2d04:	0e 94 d1 15 	call	0x2ba2	; 0x2ba2 <LCD_voidSendEnablePulse>
}
    2d08:	1f 91       	pop	r17
    2d0a:	08 95       	ret

00002d0c <LCD_go_to_XY>:
}

void LCD_go_to_XY(u8 Copy_u8X, u8 Copy_u8Y)
{
    u8 Local_u8Address;
    if (Copy_u8Y == 0)
    2d0c:	66 23       	and	r22, r22
    2d0e:	19 f0       	breq	.+6      	; 0x2d16 <LCD_go_to_XY+0xa>
    {
        Local_u8Address = Copy_u8X;
    }
    else if (Copy_u8Y == 1)
    2d10:	61 30       	cpi	r22, 0x01	; 1
    2d12:	09 f4       	brne	.+2      	; 0x2d16 <LCD_go_to_XY+0xa>
    {
        Local_u8Address = Copy_u8X + 0x40;
    2d14:	80 5c       	subi	r24, 0xC0	; 192
    }
    LCD_send_command(Local_u8Address + 128);
    2d16:	80 58       	subi	r24, 0x80	; 128
    2d18:	0e 94 71 16 	call	0x2ce2	; 0x2ce2 <LCD_send_command>
}
    2d1c:	08 95       	ret

00002d1e <LCD_init>:
}

void LCD_init(void)
{
    /*  ÂÌ∆… «·»‰«  ﬂ‹ Output */
    DIO_Set_Pin_Direction(LCD_RS_PORT, LCD_RS_PIN, DIO_PIN_OUTPUT);
    2d1e:	81 e0       	ldi	r24, 0x01	; 1
    2d20:	60 e0       	ldi	r22, 0x00	; 0
    2d22:	41 e0       	ldi	r20, 0x01	; 1
    2d24:	0e 94 fa 08 	call	0x11f4	; 0x11f4 <DIO_Set_Pin_Direction>
    DIO_Set_Pin_Direction(LCD_EN_PORT, LCD_EN_PIN, DIO_PIN_OUTPUT);
    2d28:	81 e0       	ldi	r24, 0x01	; 1
    2d2a:	61 e0       	ldi	r22, 0x01	; 1
    2d2c:	41 e0       	ldi	r20, 0x01	; 1
    2d2e:	0e 94 fa 08 	call	0x11f4	; 0x11f4 <DIO_Set_Pin_Direction>
    DIO_Set_Pin_Direction(LCD_D4_PORT, LCD_D4_PIN, DIO_PIN_OUTPUT);
    2d32:	81 e0       	ldi	r24, 0x01	; 1
    2d34:	62 e0       	ldi	r22, 0x02	; 2
    2d36:	41 e0       	ldi	r20, 0x01	; 1
    2d38:	0e 94 fa 08 	call	0x11f4	; 0x11f4 <DIO_Set_Pin_Direction>
    DIO_Set_Pin_Direction(LCD_D5_PORT, LCD_D5_PIN, DIO_PIN_OUTPUT);
    2d3c:	81 e0       	ldi	r24, 0x01	; 1
    2d3e:	63 e0       	ldi	r22, 0x03	; 3
    2d40:	41 e0       	ldi	r20, 0x01	; 1
    2d42:	0e 94 fa 08 	call	0x11f4	; 0x11f4 <DIO_Set_Pin_Direction>
    DIO_Set_Pin_Direction(LCD_D6_PORT, LCD_D6_PIN, DIO_PIN_OUTPUT);
    2d46:	81 e0       	ldi	r24, 0x01	; 1
    2d48:	64 e0       	ldi	r22, 0x04	; 4
    2d4a:	41 e0       	ldi	r20, 0x01	; 1
    2d4c:	0e 94 fa 08 	call	0x11f4	; 0x11f4 <DIO_Set_Pin_Direction>
    DIO_Set_Pin_Direction(LCD_D7_PORT, LCD_D7_PIN, DIO_PIN_OUTPUT);
    2d50:	81 e0       	ldi	r24, 0x01	; 1
    2d52:	65 e0       	ldi	r22, 0x05	; 5
    2d54:	41 e0       	ldi	r20, 0x01	; 1
    2d56:	0e 94 fa 08 	call	0x11f4	; 0x11f4 <DIO_Set_Pin_Direction>
    2d5a:	80 e9       	ldi	r24, 0x90	; 144
    2d5c:	91 e0       	ldi	r25, 0x01	; 1
    2d5e:	28 ec       	ldi	r18, 0xC8	; 200
    2d60:	30 e0       	ldi	r19, 0x00	; 0
    2d62:	f9 01       	movw	r30, r18
    2d64:	31 97       	sbiw	r30, 0x01	; 1
    2d66:	f1 f7       	brne	.-4      	; 0x2d64 <LCD_init+0x46>
		__ticks = (uint16_t) (__ms * 10.0);
		while(__ticks)
		{
			// wait 1/10 ms
			_delay_loop_2(((F_CPU) / 4e3) / 10);
			__ticks --;
    2d68:	01 97       	sbiw	r24, 0x01	; 1
		__ticks = 1;
	else if (__tmp > 65535)
	{
		//	__ticks = requested delay in 1/10 ms
		__ticks = (uint16_t) (__ms * 10.0);
		while(__ticks)
    2d6a:	d9 f7       	brne	.-10     	; 0x2d62 <LCD_init+0x44>

    _delay_ms(40);

    /* ŒÿÊ«   ›⁄Ì· «·‹ 4-bit Mode „‰ «·œ« « ‘Ì  */
    LCD_send_command(0x33);
    2d6c:	83 e3       	ldi	r24, 0x33	; 51
    2d6e:	0e 94 71 16 	call	0x2ce2	; 0x2ce2 <LCD_send_command>
    LCD_send_command(0x32);
    2d72:	82 e3       	ldi	r24, 0x32	; 50
    2d74:	0e 94 71 16 	call	0x2ce2	; 0x2ce2 <LCD_send_command>
    LCD_send_command(LCD_4BIT_MODE_2_LINES_5X8);
    2d78:	88 e2       	ldi	r24, 0x28	; 40
    2d7a:	0e 94 71 16 	call	0x2ce2	; 0x2ce2 <LCD_send_command>

    LCD_send_command(LCD_DISPLAY_ON_CURSOR_OFF);
    2d7e:	8c e0       	ldi	r24, 0x0C	; 12
    2d80:	0e 94 71 16 	call	0x2ce2	; 0x2ce2 <LCD_send_command>
    LCD_send_command(LCD_CLEAR_COMMAND);
    2d84:	81 e0       	ldi	r24, 0x01	; 1
    2d86:	0e 94 71 16 	call	0x2ce2	; 0x2ce2 <LCD_send_command>
}
    2d8a:	08 95       	ret

00002d8c <KPD_u8GetPressedKey>:
    DIO_Set_Pin_Value(KPD_COL2_PORT, KPD_COL2_PIN, DIO_PIN_HIGH);
    DIO_Set_Pin_Value(KPD_COL3_PORT, KPD_COL3_PIN, DIO_PIN_HIGH);
}

u8 KPD_u8GetPressedKey(void)
{
    2d8c:	ef 92       	push	r14
    2d8e:	ff 92       	push	r15
    2d90:	0f 93       	push	r16
    2d92:	1f 93       	push	r17
    2d94:	cf 93       	push	r28
    2d96:	df 93       	push	r29
    2d98:	c0 e0       	ldi	r28, 0x00	; 0
    2d9a:	d0 e0       	ldi	r29, 0x00	; 0
    static const u8 Local_u8ColPins[4]   = {KPD_COL0_PIN, KPD_COL1_PIN, KPD_COL2_PIN, KPD_COL3_PIN};

    for (Local_u8RowCounter = 0; Local_u8RowCounter < 4; Local_u8RowCounter++)
    {
        /*  ›⁄Ì· «·’› «·Õ«·Ì (‰Õÿ ⁄·ÌÂ LOW) */
    	DIO_Set_Pin_Value(Local_u8RowPorts[Local_u8RowCounter], Local_u8RowPins[Local_u8RowCounter], DIO_PIN_LOW);
    2d9c:	fe 01       	movw	r30, r28
    2d9e:	e9 59       	subi	r30, 0x99	; 153
    2da0:	fd 4f       	sbci	r31, 0xFD	; 253
    2da2:	e0 80       	ld	r14, Z
    2da4:	fe 01       	movw	r30, r28
    2da6:	ed 59       	subi	r30, 0x9D	; 157
    2da8:	fd 4f       	sbci	r31, 0xFD	; 253
    2daa:	10 81       	ld	r17, Z
    2dac:	8e 2d       	mov	r24, r14
    2dae:	61 2f       	mov	r22, r17
    2db0:	40 e0       	ldi	r20, 0x00	; 0
    2db2:	0e 94 8f 09 	call	0x131e	; 0x131e <DIO_Set_Pin_Value>

        /* ﬁ—«¡… «·√⁄„œ… */
        for (Local_u8ColCounter = 0; Local_u8ColCounter < 4; Local_u8ColCounter++)
        {
            Local_u8PinState = DIO_Get_Pin_Value(Local_u8ColPorts[Local_u8ColCounter], Local_u8ColPins[Local_u8ColCounter]);
    2db6:	43 e0       	ldi	r20, 0x03	; 3
    2db8:	f4 2e       	mov	r15, r20
    2dba:	04 e0       	ldi	r16, 0x04	; 4
    2dbc:	83 e0       	ldi	r24, 0x03	; 3
    2dbe:	64 e0       	ldi	r22, 0x04	; 4
    2dc0:	0e 94 02 0a 	call	0x1404	; 0x1404 <DIO_Get_Pin_Value>

            /* ·Ê «·“—«— «‰œ«” («·⁄„Êœ ÂÌﬁ—« LOW) */
            if (Local_u8PinState == DIO_PIN_LOW)
    2dc4:	88 23       	and	r24, r24
    2dc6:	19 f4       	brne	.+6      	; 0x2dce <KPD_u8GetPressedKey+0x42>
    2dc8:	80 e0       	ldi	r24, 0x00	; 0
    2dca:	90 e0       	ldi	r25, 0x00	; 0
    2dcc:	20 c0       	rjmp	.+64     	; 0x2e0e <KPD_u8GetPressedKey+0x82>
    	DIO_Set_Pin_Value(Local_u8RowPorts[Local_u8RowCounter], Local_u8RowPins[Local_u8RowCounter], DIO_PIN_LOW);

        /* ﬁ—«¡… «·√⁄„œ… */
        for (Local_u8ColCounter = 0; Local_u8ColCounter < 4; Local_u8ColCounter++)
        {
            Local_u8PinState = DIO_Get_Pin_Value(Local_u8ColPorts[Local_u8ColCounter], Local_u8ColPins[Local_u8ColCounter]);
    2dce:	ff 24       	eor	r15, r15
    2dd0:	f3 94       	inc	r15
    2dd2:	06 e0       	ldi	r16, 0x06	; 6
    2dd4:	81 e0       	ldi	r24, 0x01	; 1
    2dd6:	66 e0       	ldi	r22, 0x06	; 6
    2dd8:	0e 94 02 0a 	call	0x1404	; 0x1404 <DIO_Get_Pin_Value>

            /* ·Ê «·“—«— «‰œ«” («·⁄„Êœ ÂÌﬁ—« LOW) */
            if (Local_u8PinState == DIO_PIN_LOW)
    2ddc:	88 23       	and	r24, r24
    2dde:	19 f4       	brne	.+6      	; 0x2de6 <KPD_u8GetPressedKey+0x5a>
    2de0:	81 e0       	ldi	r24, 0x01	; 1
    2de2:	90 e0       	ldi	r25, 0x00	; 0
    2de4:	14 c0       	rjmp	.+40     	; 0x2e0e <KPD_u8GetPressedKey+0x82>
    	DIO_Set_Pin_Value(Local_u8RowPorts[Local_u8RowCounter], Local_u8RowPins[Local_u8RowCounter], DIO_PIN_LOW);

        /* ﬁ—«¡… «·√⁄„œ… */
        for (Local_u8ColCounter = 0; Local_u8ColCounter < 4; Local_u8ColCounter++)
        {
            Local_u8PinState = DIO_Get_Pin_Value(Local_u8ColPorts[Local_u8ColCounter], Local_u8ColPins[Local_u8ColCounter]);
    2de6:	33 e0       	ldi	r19, 0x03	; 3
    2de8:	f3 2e       	mov	r15, r19
    2dea:	83 e0       	ldi	r24, 0x03	; 3
    2dec:	66 e0       	ldi	r22, 0x06	; 6
    2dee:	0e 94 02 0a 	call	0x1404	; 0x1404 <DIO_Get_Pin_Value>

            /* ·Ê «·“—«— «‰œ«” («·⁄„Êœ ÂÌﬁ—« LOW) */
            if (Local_u8PinState == DIO_PIN_LOW)
    2df2:	88 23       	and	r24, r24
    2df4:	19 f4       	brne	.+6      	; 0x2dfc <KPD_u8GetPressedKey+0x70>
    2df6:	82 e0       	ldi	r24, 0x02	; 2
    2df8:	90 e0       	ldi	r25, 0x00	; 0
    2dfa:	09 c0       	rjmp	.+18     	; 0x2e0e <KPD_u8GetPressedKey+0x82>
    	DIO_Set_Pin_Value(Local_u8RowPorts[Local_u8RowCounter], Local_u8RowPins[Local_u8RowCounter], DIO_PIN_LOW);

        /* ﬁ—«¡… «·√⁄„œ… */
        for (Local_u8ColCounter = 0; Local_u8ColCounter < 4; Local_u8ColCounter++)
        {
            Local_u8PinState = DIO_Get_Pin_Value(Local_u8ColPorts[Local_u8ColCounter], Local_u8ColPins[Local_u8ColCounter]);
    2dfc:	07 e0       	ldi	r16, 0x07	; 7
    2dfe:	83 e0       	ldi	r24, 0x03	; 3
    2e00:	67 e0       	ldi	r22, 0x07	; 7
    2e02:	0e 94 02 0a 	call	0x1404	; 0x1404 <DIO_Get_Pin_Value>

            /* ·Ê «·“—«— «‰œ«” («·⁄„Êœ ÂÌﬁ—« LOW) */
            if (Local_u8PinState == DIO_PIN_LOW)
    2e06:	88 23       	and	r24, r24
    2e08:	b1 f4       	brne	.+44     	; 0x2e36 <KPD_u8GetPressedKey+0xaa>
    2e0a:	83 e0       	ldi	r24, 0x03	; 3
    2e0c:	90 e0       	ldi	r25, 0x00	; 0
            {
                Local_u8PressedKey = Local_u8KPDArr[Local_u8RowCounter][Local_u8ColCounter];
    2e0e:	cc 0f       	add	r28, r28
    2e10:	dd 1f       	adc	r29, r29
    2e12:	cc 0f       	add	r28, r28
    2e14:	dd 1f       	adc	r29, r29
    2e16:	c8 0f       	add	r28, r24
    2e18:	d9 1f       	adc	r29, r25
    2e1a:	c5 59       	subi	r28, 0x95	; 149
    2e1c:	dd 4f       	sbci	r29, 0xFD	; 253
    2e1e:	18 81       	ld	r17, Y

                /* Polling ·Õœ „« «·Œ»Ì— Ì‘Ì· ’»«⁄Â „‰ ⁄·Ï «·“—«— (⁄‘«‰ «·“—«— „Ì Õ”»‘ „— Ì‰) */
                while (Local_u8PinState == DIO_PIN_LOW)
                {
                    Local_u8PinState = DIO_Get_Pin_Value(Local_u8ColPorts[Local_u8ColCounter], Local_u8ColPins[Local_u8ColCounter]);
    2e20:	8f 2d       	mov	r24, r15
    2e22:	60 2f       	mov	r22, r16
    2e24:	0e 94 02 0a 	call	0x1404	; 0x1404 <DIO_Get_Pin_Value>
            if (Local_u8PinState == DIO_PIN_LOW)
            {
                Local_u8PressedKey = Local_u8KPDArr[Local_u8RowCounter][Local_u8ColCounter];

                /* Polling ·Õœ „« «·Œ»Ì— Ì‘Ì· ’»«⁄Â „‰ ⁄·Ï «·“—«— (⁄‘«‰ «·“—«— „Ì Õ”»‘ „— Ì‰) */
                while (Local_u8PinState == DIO_PIN_LOW)
    2e28:	88 23       	and	r24, r24
    2e2a:	d1 f3       	breq	.-12     	; 0x2e20 <KPD_u8GetPressedKey+0x94>
    2e2c:	80 e4       	ldi	r24, 0x40	; 64
    2e2e:	9c e9       	ldi	r25, 0x9C	; 156
    2e30:	01 97       	sbiw	r24, 0x01	; 1
    2e32:	f1 f7       	brne	.-4      	; 0x2e30 <KPD_u8GetPressedKey+0xa4>
    2e34:	0b c0       	rjmp	.+22     	; 0x2e4c <KPD_u8GetPressedKey+0xc0>
                return Local_u8PressedKey;
            }
        }

        /* ≈—Ã«⁄ «·’› ·Õ«· Â «·ÿ»Ì⁄Ì… (HIGH) ﬁ»· „« ‰‰ﬁ· ··’› «··Ì »⁄œÂ */
        DIO_Set_Pin_Value(Local_u8RowPorts[Local_u8RowCounter], Local_u8RowPins[Local_u8RowCounter], DIO_PIN_HIGH);
    2e36:	8e 2d       	mov	r24, r14
    2e38:	61 2f       	mov	r22, r17
    2e3a:	41 e0       	ldi	r20, 0x01	; 1
    2e3c:	0e 94 8f 09 	call	0x131e	; 0x131e <DIO_Set_Pin_Value>
    2e40:	21 96       	adiw	r28, 0x01	; 1
    static const u8 Local_u8RowPorts[4]  = {KPD_ROW0_PORT, KPD_ROW1_PORT, KPD_ROW2_PORT, KPD_ROW3_PORT};
    static const u8 Local_u8RowPins[4]   = {KPD_ROW0_PIN, KPD_ROW1_PIN, KPD_ROW2_PIN, KPD_ROW3_PIN};
    static const u8 Local_u8ColPorts[4]  = {KPD_COL0_PORT, KPD_COL1_PORT, KPD_COL2_PORT, KPD_COL3_PORT};
    static const u8 Local_u8ColPins[4]   = {KPD_COL0_PIN, KPD_COL1_PIN, KPD_COL2_PIN, KPD_COL3_PIN};

    for (Local_u8RowCounter = 0; Local_u8RowCounter < 4; Local_u8RowCounter++)
    2e42:	c4 30       	cpi	r28, 0x04	; 4
    2e44:	d1 05       	cpc	r29, r1
    2e46:	09 f0       	breq	.+2      	; 0x2e4a <KPD_u8GetPressedKey+0xbe>
    2e48:	a9 cf       	rjmp	.-174    	; 0x2d9c <KPD_u8GetPressedKey+0x10>
    2e4a:	1f ef       	ldi	r17, 0xFF	; 255
        /* ≈—Ã«⁄ «·’› ·Õ«· Â «·ÿ»Ì⁄Ì… (HIGH) ﬁ»· „« ‰‰ﬁ· ··’› «··Ì »⁄œÂ */
        DIO_Set_Pin_Value(Local_u8RowPorts[Local_u8RowCounter], Local_u8RowPins[Local_u8RowCounter], DIO_PIN_HIGH);
    }

    return Local_u8PressedKey;
}
    2e4c:	81 2f       	mov	r24, r17
    2e4e:	df 91       	pop	r29
    2e50:	cf 91       	pop	r28
    2e52:	1f 91       	pop	r17
    2e54:	0f 91       	pop	r16
    2e56:	ff 90       	pop	r15
    2e58:	ef 90       	pop	r14
    2e5a:	08 95       	ret

00002e5c <KPD_voidInit>:
#include "KPD_Interface.h"

void KPD_voidInit(void)
{
    /*  ÂÌ∆… «·’›Ê› ﬂ‹ Output */
	DIO_Set_Pin_Direction(KPD_ROW0_PORT, KPD_ROW0_PIN, DIO_PIN_OUTPUT);
    2e5c:	80 e0       	ldi	r24, 0x00	; 0
    2e5e:	64 e0       	ldi	r22, 0x04	; 4
    2e60:	41 e0       	ldi	r20, 0x01	; 1
    2e62:	0e 94 fa 08 	call	0x11f4	; 0x11f4 <DIO_Set_Pin_Direction>
	DIO_Set_Pin_Direction(KPD_ROW1_PORT, KPD_ROW1_PIN, DIO_PIN_OUTPUT);
    2e66:	80 e0       	ldi	r24, 0x00	; 0
    2e68:	65 e0       	ldi	r22, 0x05	; 5
    2e6a:	41 e0       	ldi	r20, 0x01	; 1
    2e6c:	0e 94 fa 08 	call	0x11f4	; 0x11f4 <DIO_Set_Pin_Direction>
	DIO_Set_Pin_Direction(KPD_ROW2_PORT, KPD_ROW2_PIN, DIO_PIN_OUTPUT);
    2e70:	80 e0       	ldi	r24, 0x00	; 0
    2e72:	66 e0       	ldi	r22, 0x06	; 6
    2e74:	41 e0       	ldi	r20, 0x01	; 1
    2e76:	0e 94 fa 08 	call	0x11f4	; 0x11f4 <DIO_Set_Pin_Direction>
	DIO_Set_Pin_Direction(KPD_ROW3_PORT, KPD_ROW3_PIN, DIO_PIN_OUTPUT);
    2e7a:	80 e0       	ldi	r24, 0x00	; 0
    2e7c:	67 e0       	ldi	r22, 0x07	; 7
    2e7e:	41 e0       	ldi	r20, 0x01	; 1
    2e80:	0e 94 fa 08 	call	0x11f4	; 0x11f4 <DIO_Set_Pin_Direction>

    /* Ê÷⁄ 5V „»œ∆Ì ⁄·Ï «·’›Ê› ⁄‘«‰ „Ì‘ €·Ê‘ ﬂ·Â„ „—… Ê«Õœ… */
	DIO_Set_Pin_Value(KPD_ROW0_PORT, KPD_ROW0_PIN, DIO_PIN_HIGH);
    2e84:	80 e0       	ldi	r24, 0x00	; 0
    2e86:	64 e0       	ldi	r22, 0x04	; 4
    2e88:	41 e0       	ldi	r20, 0x01	; 1
    2e8a:	0e 94 8f 09 	call	0x131e	; 0x131e <DIO_Set_Pin_Value>
	DIO_Set_Pin_Value(KPD_ROW1_PORT, KPD_ROW1_PIN, DIO_PIN_HIGH);
    2e8e:	80 e0       	ldi	r24, 0x00	; 0
    2e90:	65 e0       	ldi	r22, 0x05	; 5
    2e92:	41 e0       	ldi	r20, 0x01	; 1
    2e94:	0e 94 8f 09 	call	0x131e	; 0x131e <DIO_Set_Pin_Value>
	DIO_Set_Pin_Value(KPD_ROW2_PORT, KPD_ROW2_PIN, DIO_PIN_HIGH);
    2e98:	80 e0       	ldi	r24, 0x00	; 0
    2e9a:	66 e0       	ldi	r22, 0x06	; 6
    2e9c:	41 e0       	ldi	r20, 0x01	; 1
    2e9e:	0e 94 8f 09 	call	0x131e	; 0x131e <DIO_Set_Pin_Value>
	DIO_Set_Pin_Value(KPD_ROW3_PORT, KPD_ROW3_PIN, DIO_PIN_HIGH);
    2ea2:	80 e0       	ldi	r24, 0x00	; 0
    2ea4:	67 e0       	ldi	r22, 0x07	; 7
    2ea6:	41 e0       	ldi	r20, 0x01	; 1
    2ea8:	0e 94 8f 09 	call	0x131e	; 0x131e <DIO_Set_Pin_Value>

    /*  ÂÌ∆… «·√⁄„œ… ﬂ‹ Input */
    DIO_Set_Pin_Direction(KPD_COL0_PORT, KPD_COL0_PIN, DIO_PIN_INPUT);
    2eac:	83 e0       	ldi	r24, 0x03	; 3
    2eae:	64 e0       	ldi	r22, 0x04	; 4
    2eb0:	40 e0       	ldi	r20, 0x00	; 0
    2eb2:	0e 94 fa 08 	call	0x11f4	; 0x11f4 <DIO_Set_Pin_Direction>
    DIO_Set_Pin_Direction(KPD_COL1_PORT, KPD_COL1_PIN, DIO_PIN_INPUT);
    2eb6:	81 e0       	ldi	r24, 0x01	; 1
    2eb8:	66 e0       	ldi	r22, 0x06	; 6
    2eba:	40 e0       	ldi	r20, 0x00	; 0
    2ebc:	0e 94 fa 08 	call	0x11f4	; 0x11f4 <DIO_Set_Pin_Direction>
    DIO_Set_Pin_Direction(KPD_COL2_PORT, KPD_COL2_PIN, DIO_PIN_INPUT);
    2ec0:	83 e0       	ldi	r24, 0x03	; 3
    2ec2:	66 e0       	ldi	r22, 0x06	; 6
    2ec4:	40 e0       	ldi	r20, 0x00	; 0
    2ec6:	0e 94 fa 08 	call	0x11f4	; 0x11f4 <DIO_Set_Pin_Direction>
    DIO_Set_Pin_Direction(KPD_COL3_PORT, KPD_COL3_PIN, DIO_PIN_INPUT);
    2eca:	83 e0       	ldi	r24, 0x03	; 3
    2ecc:	67 e0       	ldi	r22, 0x07	; 7
    2ece:	40 e0       	ldi	r20, 0x00	; 0
    2ed0:	0e 94 fa 08 	call	0x11f4	; 0x11f4 <DIO_Set_Pin_Direction>

    /*  ›⁄Ì· «·‹ Pull-up Resistor «·œ«Œ·Ì ··√⁄„œ… */
    DIO_Set_Pin_Value(KPD_COL0_PORT, KPD_COL0_PIN, DIO_PIN_HIGH);
    2ed4:	83 e0       	ldi	r24, 0x03	; 3
    2ed6:	64 e0       	ldi	r22, 0x04	; 4
    2ed8:	41 e0       	ldi	r20, 0x01	; 1
    2eda:	0e 94 8f 09 	call	0x131e	; 0x131e <DIO_Set_Pin_Value>
    DIO_Set_Pin_Value(KPD_COL1_PORT, KPD_COL1_PIN, DIO_PIN_HIGH);
    2ede:	81 e0       	ldi	r24, 0x01	; 1
    2ee0:	66 e0       	ldi	r22, 0x06	; 6
    2ee2:	41 e0       	ldi	r20, 0x01	; 1
    2ee4:	0e 94 8f 09 	call	0x131e	; 0x131e <DIO_Set_Pin_Value>
    DIO_Set_Pin_Value(KPD_COL2_PORT, KPD_COL2_PIN, DIO_PIN_HIGH);
    2ee8:	83 e0       	ldi	r24, 0x03	; 3
    2eea:	66 e0       	ldi	r22, 0x06	; 6
    2eec:	41 e0       	ldi	r20, 0x01	; 1
    2eee:	0e 94 8f 09 	call	0x131e	; 0x131e <DIO_Set_Pin_Value>
    DIO_Set_Pin_Value(KPD_COL3_PORT, KPD_COL3_PIN, DIO_PIN_HIGH);
    2ef2:	83 e0       	ldi	r24, 0x03	; 3
    2ef4:	67 e0       	ldi	r22, 0x07	; 7
    2ef6:	41 e0       	ldi	r20, 0x01	; 1
    2ef8:	0e 94 8f 09 	call	0x131e	; 0x131e <DIO_Set_Pin_Value>
}
    2efc:	08 95       	ret

00002efe <motor_off>:
	{
		DIO_Set_Pin_Value(moter.port , moter.pin, DIO_PIN_HIGH);
	}
}
void motor_off(DCM_t moter)
{
    2efe:	68 2f       	mov	r22, r24
	//if((moter.port >= DIO_PORTA) && (moter.port <= DIO_PORTD) && ( moter.pin >= DIO_PIN0) && ( moter.pin >= DIO_PIN7) )
	{
		DIO_Set_Pin_Value(moter.port , moter.pin , DIO_PIN_LOW);
    2f00:	89 2f       	mov	r24, r25
    2f02:	40 e0       	ldi	r20, 0x00	; 0
    2f04:	0e 94 8f 09 	call	0x131e	; 0x131e <DIO_Set_Pin_Value>
	}
}
    2f08:	08 95       	ret

00002f0a <motor_on>:
		DIO_Set_Pin_Direction(moter.port , moter.pin , DIO_PIN_OUTPUT);
		DIO_Set_Pin_Value(moter.port , moter.pin , DIO_PIN_LOW);
	}
}
void motor_on(DCM_t moter)
{
    2f0a:	68 2f       	mov	r22, r24

	//if((moter.port >= DIO_PORTA) && (moter.port <= DIO_PORTD) && ( moter.pin >= DIO_PIN0) && ( moter.pin >= DIO_PIN7) )
	{
		DIO_Set_Pin_Value(moter.port , moter.pin, DIO_PIN_HIGH);
    2f0c:	89 2f       	mov	r24, r25
    2f0e:	41 e0       	ldi	r20, 0x01	; 1
    2f10:	0e 94 8f 09 	call	0x131e	; 0x131e <DIO_Set_Pin_Value>
	}
}
    2f14:	08 95       	ret

00002f16 <motor_init>:
#include "DCM_Interface.h"
#include "../../MCAL/DIO/DIO_Interface.h"


void motor_init (DCM_t moter)
{
    2f16:	0f 93       	push	r16
    2f18:	1f 93       	push	r17
    2f1a:	8c 01       	movw	r16, r24
	//if((moter.port >= DIO_PORTA) && (moter.port <= DIO_PORTD) && ( moter.pin >= DIO_PIN0) && ( moter.pin >= DIO_PIN7) )
	{
		DIO_Set_Pin_Direction(moter.port , moter.pin , DIO_PIN_OUTPUT);
    2f1c:	81 2f       	mov	r24, r17
    2f1e:	60 2f       	mov	r22, r16
    2f20:	41 e0       	ldi	r20, 0x01	; 1
    2f22:	0e 94 fa 08 	call	0x11f4	; 0x11f4 <DIO_Set_Pin_Direction>
		DIO_Set_Pin_Value(moter.port , moter.pin , DIO_PIN_LOW);
    2f26:	81 2f       	mov	r24, r17
    2f28:	60 2f       	mov	r22, r16
    2f2a:	40 e0       	ldi	r20, 0x00	; 0
    2f2c:	0e 94 8f 09 	call	0x131e	; 0x131e <DIO_Set_Pin_Value>
	}
}
    2f30:	1f 91       	pop	r17
    2f32:	0f 91       	pop	r16
    2f34:	08 95       	ret

00002f36 <buzzer_off>:
}


void buzzer_off(buzzer_t buzzer)
{
	DIO_Set_Pin_Value(buzzer.port, buzzer.pin, DIO_PIN_LOW);
    2f36:	69 2f       	mov	r22, r25
    2f38:	40 e0       	ldi	r20, 0x00	; 0
    2f3a:	0e 94 8f 09 	call	0x131e	; 0x131e <DIO_Set_Pin_Value>
}
    2f3e:	08 95       	ret

00002f40 <buzzer_on>:
}


void buzzer_on(buzzer_t buzzer)
{
	DIO_Set_Pin_Value(buzzer.port, buzzer.pin, DIO_PIN_HIGH);
    2f40:	69 2f       	mov	r22, r25
    2f42:	41 e0       	ldi	r20, 0x01	; 1
    2f44:	0e 94 8f 09 	call	0x131e	; 0x131e <DIO_Set_Pin_Value>
}
    2f48:	08 95       	ret

00002f4a <buzzer_init>:

#include "BZR_Interface.h"
#include "../../MCAL/DIO/DIO_Interface.h"

void buzzer_init(buzzer_t buzzer)
{
    2f4a:	0f 93       	push	r16
    2f4c:	1f 93       	push	r17
    2f4e:	18 2f       	mov	r17, r24
    2f50:	09 2f       	mov	r16, r25
	DIO_Set_Pin_Direction(buzzer.port, buzzer.pin, DIO_PIN_OUTPUT);
    2f52:	69 2f       	mov	r22, r25
    2f54:	41 e0       	ldi	r20, 0x01	; 1
    2f56:	0e 94 fa 08 	call	0x11f4	; 0x11f4 <DIO_Set_Pin_Direction>
	DIO_Set_Pin_Value(buzzer.port, buzzer.pin, DIO_PIN_LOW);
    2f5a:	81 2f       	mov	r24, r17
    2f5c:	60 2f       	mov	r22, r16
    2f5e:	40 e0       	ldi	r20, 0x00	; 0
    2f60:	0e 94 8f 09 	call	0x131e	; 0x131e <DIO_Set_Pin_Value>
}
    2f64:	1f 91       	pop	r17
    2f66:	0f 91       	pop	r16
    2f68:	08 95       	ret

00002f6a <main>:
    }
}


int main(void)
{
    2f6a:	6f 92       	push	r6
    2f6c:	7f 92       	push	r7
    2f6e:	8f 92       	push	r8
    2f70:	9f 92       	push	r9
    2f72:	af 92       	push	r10
    2f74:	bf 92       	push	r11
    2f76:	cf 92       	push	r12
    2f78:	df 92       	push	r13
    2f7a:	ef 92       	push	r14
    2f7c:	ff 92       	push	r15
    2f7e:	0f 93       	push	r16
    2f80:	1f 93       	push	r17
    2f82:	df 93       	push	r29
    2f84:	cf 93       	push	r28
    2f86:	cd b7       	in	r28, 0x3d	; 61
    2f88:	de b7       	in	r29, 0x3e	; 62
    2f8a:	29 97       	sbiw	r28, 0x09	; 9
    2f8c:	0f b6       	in	r0, 0x3f	; 63
    2f8e:	f8 94       	cli
    2f90:	de bf       	out	0x3e, r29	; 62
    2f92:	0f be       	out	0x3f, r0	; 63
    2f94:	cd bf       	out	0x3d, r28	; 61
	u8 Local_u8EnteredPass[4] = {0};
    2f96:	1a 82       	std	Y+2, r1	; 0x02
    2f98:	1b 82       	std	Y+3, r1	; 0x03
    2f9a:	1c 82       	std	Y+4, r1	; 0x04
    2f9c:	1d 82       	std	Y+5, r1	; 0x05
	u8 Local_u8IsPassCorrect = 1;
	SET_BIT(MCUCSR_REG, 7);
    2f9e:	84 b7       	in	r24, 0x34	; 52
    2fa0:	80 68       	ori	r24, 0x80	; 128
    2fa2:	84 bf       	out	0x34, r24	; 52
	SET_BIT(MCUCSR_REG, 7);
    2fa4:	84 b7       	in	r24, 0x34	; 52
    2fa6:	80 68       	ori	r24, 0x80	; 128
    2fa8:	84 bf       	out	0x34, r24	; 52
	/* Initialize all components */
	    LCD_init();
    2faa:	0e 94 8f 16 	call	0x2d1e	; 0x2d1e <LCD_init>
	    KPD_voidInit();
    2fae:	0e 94 2e 17 	call	0x2e5c	; 0x2e5c <KPD_voidInit>
	    ADC_init();
    2fb2:	0e 94 bd 0a 	call	0x157a	; 0x157a <ADC_init>
	    ssd_init(sr1);
    2fb6:	40 91 7b 02 	lds	r20, 0x027B
    2fba:	50 91 7c 02 	lds	r21, 0x027C
    2fbe:	60 91 7d 02 	lds	r22, 0x027D
    2fc2:	70 91 7e 02 	lds	r23, 0x027E
    2fc6:	80 91 7f 02 	lds	r24, 0x027F
    2fca:	90 91 80 02 	lds	r25, 0x0280
    2fce:	0e 94 9f 14 	call	0x293e	; 0x293e <ssd_init>
	    UART_init();
    2fd2:	0e 94 7d 06 	call	0xcfa	; 0xcfa <UART_init>
	    SRVO_init();
    2fd6:	0e 94 cf 14 	call	0x299e	; 0x299e <SRVO_init>

	    DCM_t motor1 = { .port = DIO_PORTB, .pin = DIO_PIN7 };
	    motor_init(motor1);
    2fda:	87 e0       	ldi	r24, 0x07	; 7
    2fdc:	91 e0       	ldi	r25, 0x01	; 1
    2fde:	0e 94 8b 17 	call	0x2f16	; 0x2f16 <motor_init>

	    /* Initialize Buzzer pins and wires */
	    DIO_Set_Pin_Direction(DIO_PORTC, DIO_PIN5, DIO_PIN_OUTPUT); /* Buzzer */
    2fe2:	82 e0       	ldi	r24, 0x02	; 2
    2fe4:	65 e0       	ldi	r22, 0x05	; 5
    2fe6:	41 e0       	ldi	r20, 0x01	; 1
    2fe8:	0e 94 fa 08 	call	0x11f4	; 0x11f4 <DIO_Set_Pin_Direction>
	    DIO_Set_Pin_Direction(DIO_PORTA, DIO_PIN1, DIO_PIN_INPUT);  /* Defuse Wire */
    2fec:	80 e0       	ldi	r24, 0x00	; 0
    2fee:	61 e0       	ldi	r22, 0x01	; 1
    2ff0:	40 e0       	ldi	r20, 0x00	; 0
    2ff2:	0e 94 fa 08 	call	0x11f4	; 0x11f4 <DIO_Set_Pin_Direction>
	    DIO_Set_Pin_Direction(DIO_PORTA, DIO_PIN2, DIO_PIN_INPUT);  /* Boom Wire */
    2ff6:	80 e0       	ldi	r24, 0x00	; 0
    2ff8:	62 e0       	ldi	r22, 0x02	; 2
    2ffa:	40 e0       	ldi	r20, 0x00	; 0
    2ffc:	0e 94 fa 08 	call	0x11f4	; 0x11f4 <DIO_Set_Pin_Direction>
	    DIO_Set_Pin_Value(DIO_PORTA, DIO_PIN1, DIO_PIN_HIGH);       /* Pull-up */
    3000:	80 e0       	ldi	r24, 0x00	; 0
    3002:	61 e0       	ldi	r22, 0x01	; 1
    3004:	41 e0       	ldi	r20, 0x01	; 1
    3006:	0e 94 8f 09 	call	0x131e	; 0x131e <DIO_Set_Pin_Value>
	    DIO_Set_Pin_Value(DIO_PORTA, DIO_PIN2, DIO_PIN_HIGH);       /* Pull-up */
    300a:	80 e0       	ldi	r24, 0x00	; 0
    300c:	62 e0       	ldi	r22, 0x02	; 2
    300e:	41 e0       	ldi	r20, 0x01	; 1
    3010:	0e 94 8f 09 	call	0x131e	; 0x131e <DIO_Set_Pin_Value>

	    /* Initialize Timer */
	    G_u8Units = G_u8BombSeconds % 10;
    3014:	80 91 57 02 	lds	r24, 0x0257
    3018:	6a e0       	ldi	r22, 0x0A	; 10
    301a:	0e 94 12 1a 	call	0x3424	; 0x3424 <__udivmodqi4>
    301e:	90 93 98 02 	sts	0x0298, r25
	    G_u8Tens = G_u8BombSeconds / 10;
    3022:	80 91 57 02 	lds	r24, 0x0257
    3026:	0e 94 12 1a 	call	0x3424	; 0x3424 <__udivmodqi4>
    302a:	80 93 99 02 	sts	0x0299, r24
	    Timer_voidSetCallBack(Bomb_TimerTick, TIMER_CTC0_INT_INDEX);
    302e:	86 e5       	ldi	r24, 0x56	; 86
    3030:	99 e1       	ldi	r25, 0x19	; 25
    3032:	61 e0       	ldi	r22, 0x01	; 1
    3034:	0e 94 e2 06 	call	0xdc4	; 0xdc4 <Timer_voidSetCallBack>
	    Timer_voidInit();
    3038:	0e 94 a5 06 	call	0xd4a	; 0xd4a <Timer_voidInit>
	    GI_Enble();
    303c:	0e 94 c1 07 	call	0xf82	; 0xf82 <GI_Enble>
    u8 Local_u8PuzzleStage = 1; /* 1: ADC, 2: Password */
    u16 Local_u16ADCValue;
    u8 Local_u8SafeDial;
    u8 Local_u8Key;
    u8 Local_u8PassCounter = 0;
    u8 Local_u8StoredPass[4] = {'1', '2', '3', '4'};
    3040:	81 e3       	ldi	r24, 0x31	; 49
    3042:	8e 83       	std	Y+6, r24	; 0x06
    3044:	82 e3       	ldi	r24, 0x32	; 50
    3046:	8f 83       	std	Y+7, r24	; 0x07
    3048:	83 e3       	ldi	r24, 0x33	; 51
    304a:	88 87       	std	Y+8, r24	; 0x08
    304c:	84 e3       	ldi	r24, 0x34	; 52
    304e:	89 87       	std	Y+9, r24	; 0x09

    u8 Local_u8DefuseWire, Local_u8BoomWire, Local_u8VillainCmd;
    u8 CmdReceived = 0;

    /* Start the bomb immediately upon power on */
    motor_on(motor1);
    3050:	87 e0       	ldi	r24, 0x07	; 7
    3052:	91 e0       	ldi	r25, 0x01	; 1
    3054:	0e 94 85 17 	call	0x2f0a	; 0x2f0a <motor_on>
    SRVO_set_angle(180);
    3058:	84 eb       	ldi	r24, 0xB4	; 180
    305a:	0e 94 b7 14 	call	0x296e	; 0x296e <SRVO_set_angle>
    UART_print_data((u8*)"BOMB ARMED! Time is ticking...\r\n");
    305e:	80 e6       	ldi	r24, 0x60	; 96
    3060:	90 e0       	ldi	r25, 0x00	; 0
    3062:	0e 94 8f 06 	call	0xd1e	; 0xd1e <UART_print_data>

    LCD_send_command(0x01);
    3066:	81 e0       	ldi	r24, 0x01	; 1
    3068:	0e 94 71 16 	call	0x2ce2	; 0x2ce2 <LCD_send_command>
    LCD_send_string("Safe Dial:");
    306c:	81 e8       	ldi	r24, 0x81	; 129
    306e:	90 e0       	ldi	r25, 0x00	; 0
    3070:	0e 94 5e 16 	call	0x2cbc	; 0x2cbc <LCD_send_string>
    3074:	ff 24       	eor	r15, r15
    3076:	01 e0       	ldi	r16, 0x01	; 1
        /* ======================================================== */

        /* Read wires and villain commands */
        Local_u8DefuseWire = DIO_Get_Pin_Value(DIO_PORTA, DIO_PIN1);
        Local_u8BoomWire   = DIO_Get_Pin_Value(DIO_PORTA, DIO_PIN2);
        CmdReceived        = UART_receive_data_unblock(&Local_u8VillainCmd);
    3078:	3e 01       	movw	r6, r28
    307a:	08 94       	sec
    307c:	61 1c       	adc	r6, r1
    307e:	71 1c       	adc	r7, r1
                {
                    Local_u8Key = KPD_u8GetPressedKey();
                    if (Local_u8Key != KPD_NO_PRESSED_KEY)
                    {
                        /* 1. Store entered character and display a star */
                        Local_u8EnteredPass[Local_u8PassCounter] = Local_u8Key;
    3080:	22 e0       	ldi	r18, 0x02	; 2
    3082:	c2 2e       	mov	r12, r18
    3084:	d1 2c       	mov	r13, r1
    3086:	cc 0e       	add	r12, r28
    3088:	dd 1e       	adc	r13, r29
                            Local_u8IsPassCorrect = 1;

                            /* Compare entered array with stored one */
                            for (u8 i = 0; i < 4; i++)
                            {
                                if (Local_u8EnteredPass[i] != Local_u8StoredPass[i])
    308a:	96 e0       	ldi	r25, 0x06	; 6
    308c:	89 2e       	mov	r8, r25
    308e:	91 2c       	mov	r9, r1
    3090:	8c 0e       	add	r8, r28
    3092:	9d 1e       	adc	r9, r29
    3094:	88 ec       	ldi	r24, 0xC8	; 200
    3096:	a8 2e       	mov	r10, r24
    3098:	b1 2c       	mov	r11, r1
    309a:	01 c0       	rjmp	.+2      	; 0x309e <main+0x134>
    motor_on(motor1);
    SRVO_set_angle(180);
    UART_print_data((u8*)"BOMB ARMED! Time is ticking...\r\n");

    LCD_send_command(0x01);
    LCD_send_string("Safe Dial:");
    309c:	02 e0       	ldi	r16, 0x02	; 2
        /* ======================================================== */
        /* 1. Check for end events (Always running in the background) */
        /* ======================================================== */

        /* Read wires and villain commands */
        Local_u8DefuseWire = DIO_Get_Pin_Value(DIO_PORTA, DIO_PIN1);
    309e:	80 e0       	ldi	r24, 0x00	; 0
    30a0:	61 e0       	ldi	r22, 0x01	; 1
    30a2:	0e 94 02 0a 	call	0x1404	; 0x1404 <DIO_Get_Pin_Value>
    30a6:	e8 2e       	mov	r14, r24
        Local_u8BoomWire   = DIO_Get_Pin_Value(DIO_PORTA, DIO_PIN2);
    30a8:	80 e0       	ldi	r24, 0x00	; 0
    30aa:	62 e0       	ldi	r22, 0x02	; 2
    30ac:	0e 94 02 0a 	call	0x1404	; 0x1404 <DIO_Get_Pin_Value>
    30b0:	18 2f       	mov	r17, r24
        CmdReceived        = UART_receive_data_unblock(&Local_u8VillainCmd);
    30b2:	c3 01       	movw	r24, r6
    30b4:	0e 94 9c 06 	call	0xd38	; 0xd38 <UART_receive_data_unblock>
    30b8:	98 2f       	mov	r25, r24

        /* Explosion condition (Time is up, wrong wire cut, or villain command) */
        if (G_u8BombSeconds == 0 || Local_u8BoomWire == DIO_PIN_HIGH || (CmdReceived && Local_u8VillainCmd == 'K'))
    30ba:	80 91 57 02 	lds	r24, 0x0257
    30be:	88 23       	and	r24, r24
    30c0:	39 f0       	breq	.+14     	; 0x30d0 <main+0x166>
    30c2:	11 30       	cpi	r17, 0x01	; 1
    30c4:	29 f0       	breq	.+10     	; 0x30d0 <main+0x166>
    30c6:	99 23       	and	r25, r25
    30c8:	e9 f0       	breq	.+58     	; 0x3104 <main+0x19a>
    30ca:	89 81       	ldd	r24, Y+1	; 0x01
    30cc:	8b 34       	cpi	r24, 0x4B	; 75
    30ce:	d1 f4       	brne	.+52     	; 0x3104 <main+0x19a>
        {
            G_u8IsBombRunning = 0; /* Stop Timer and Buzzer */
    30d0:	10 92 58 02 	sts	0x0258, r1
            motor_off(motor1);
    30d4:	87 e0       	ldi	r24, 0x07	; 7
    30d6:	91 e0       	ldi	r25, 0x01	; 1
    30d8:	0e 94 7f 17 	call	0x2efe	; 0x2efe <motor_off>

            LCD_send_command(0x01);
    30dc:	81 e0       	ldi	r24, 0x01	; 1
    30de:	0e 94 71 16 	call	0x2ce2	; 0x2ce2 <LCD_send_command>
            LCD_send_string("BOOM! YOU DIED");
    30e2:	8c e8       	ldi	r24, 0x8C	; 140
    30e4:	90 e0       	ldi	r25, 0x00	; 0
    30e6:	0e 94 5e 16 	call	0x2cbc	; 0x2cbc <LCD_send_string>
            UART_print_data((u8*)"BOOM! Target Destroyed.\r\n");
    30ea:	8b e9       	ldi	r24, 0x9B	; 155
    30ec:	90 e0       	ldi	r25, 0x00	; 0
    30ee:	0e 94 8f 06 	call	0xd1e	; 0xd1e <UART_print_data>
            SRVO_set_angle(0);
    30f2:	80 e0       	ldi	r24, 0x00	; 0
    30f4:	0e 94 b7 14 	call	0x296e	; 0x296e <SRVO_set_angle>
            DIO_Set_Pin_Value(DIO_PORTC, DIO_PIN5, DIO_PIN_HIGH);
    30f8:	82 e0       	ldi	r24, 0x02	; 2
    30fa:	65 e0       	ldi	r22, 0x05	; 5
    30fc:	41 e0       	ldi	r20, 0x01	; 1
    30fe:	0e 94 8f 09 	call	0x131e	; 0x131e <DIO_Set_Pin_Value>
    3102:	ff cf       	rjmp	.-2      	; 0x3102 <main+0x198>

            while(1); /* Freeze the game */
        }

        /* Direct wire defuse condition (Risk) */
        if (Local_u8DefuseWire == DIO_PIN_HIGH)
    3104:	81 e0       	ldi	r24, 0x01	; 1
    3106:	e8 16       	cp	r14, r24
    3108:	b9 f4       	brne	.+46     	; 0x3138 <main+0x1ce>
        {
            G_u8IsBombRunning = 0;
    310a:	10 92 58 02 	sts	0x0258, r1
            motor_off(motor1);
    310e:	87 e0       	ldi	r24, 0x07	; 7
    3110:	91 e0       	ldi	r25, 0x01	; 1
    3112:	0e 94 7f 17 	call	0x2efe	; 0x2efe <motor_off>


            LCD_send_command(0x01);
    3116:	81 e0       	ldi	r24, 0x01	; 1
    3118:	0e 94 71 16 	call	0x2ce2	; 0x2ce2 <LCD_send_command>
            LCD_send_string("DEFUSED BY WIRE!");
    311c:	85 eb       	ldi	r24, 0xB5	; 181
    311e:	90 e0       	ldi	r25, 0x00	; 0
    3120:	0e 94 5e 16 	call	0x2cbc	; 0x2cbc <LCD_send_string>
            UART_print_data((u8*)"System Defused.\r\n");
    3124:	86 ec       	ldi	r24, 0xC6	; 198
    3126:	90 e0       	ldi	r25, 0x00	; 0
    3128:	0e 94 8f 06 	call	0xd1e	; 0xd1e <UART_print_data>
            DIO_Set_Pin_Value(DIO_PORTC, DIO_PIN5, DIO_PIN_LOW);
    312c:	82 e0       	ldi	r24, 0x02	; 2
    312e:	65 e0       	ldi	r22, 0x05	; 5
    3130:	40 e0       	ldi	r20, 0x00	; 0
    3132:	0e 94 8f 09 	call	0x131e	; 0x131e <DIO_Set_Pin_Value>
    3136:	ff cf       	rjmp	.-2      	; 0x3136 <main+0x1cc>

            while(1);
        }

        /* Remote defuse condition (Command S) */
                if (CmdReceived && Local_u8VillainCmd == 'S')
    3138:	99 23       	and	r25, r25
    313a:	d1 f0       	breq	.+52     	; 0x3170 <main+0x206>
    313c:	89 81       	ldd	r24, Y+1	; 0x01
    313e:	83 35       	cpi	r24, 0x53	; 83
    3140:	b9 f4       	brne	.+46     	; 0x3170 <main+0x206>
                {
                    G_u8IsBombRunning = 0;
    3142:	10 92 58 02 	sts	0x0258, r1
                    motor_off(motor1);
    3146:	87 e0       	ldi	r24, 0x07	; 7
    3148:	91 e0       	ldi	r25, 0x01	; 1
    314a:	0e 94 7f 17 	call	0x2efe	; 0x2efe <motor_off>


                    LCD_send_command(0x01);
    314e:	81 e0       	ldi	r24, 0x01	; 1
    3150:	0e 94 71 16 	call	0x2ce2	; 0x2ce2 <LCD_send_command>
                    LCD_send_string("DEFUSED BY ADMIN");
    3154:	88 ed       	ldi	r24, 0xD8	; 216
    3156:	90 e0       	ldi	r25, 0x00	; 0
    3158:	0e 94 5e 16 	call	0x2cbc	; 0x2cbc <LCD_send_string>
                    UART_print_data((u8*)"System Defused Remotely.\r\n");
    315c:	89 ee       	ldi	r24, 0xE9	; 233
    315e:	90 e0       	ldi	r25, 0x00	; 0
    3160:	0e 94 8f 06 	call	0xd1e	; 0xd1e <UART_print_data>
                    DIO_Set_Pin_Value(DIO_PORTC, DIO_PIN5, DIO_PIN_LOW);
    3164:	82 e0       	ldi	r24, 0x02	; 2
    3166:	65 e0       	ldi	r22, 0x05	; 5
    3168:	40 e0       	ldi	r20, 0x00	; 0
    316a:	0e 94 8f 09 	call	0x131e	; 0x131e <DIO_Set_Pin_Value>
    316e:	ff cf       	rjmp	.-2      	; 0x316e <main+0x204>

        /* ======================================================== */
        /* 2. Puzzles path (Runs in parallel with countdown and wires) */
        /* ======================================================== */

        if (Local_u8PuzzleStage == 1)
    3170:	01 30       	cpi	r16, 0x01	; 1
    3172:	b1 f5       	brne	.+108    	; 0x31e0 <main+0x276>
        {
            Local_u16ADCValue = ADC_Get_Digital_Value_Pulling(0);
    3174:	80 e0       	ldi	r24, 0x00	; 0
    3176:	0e 94 c5 0a 	call	0x158a	; 0x158a <ADC_Get_Digital_Value_Pulling>
            Local_u8SafeDial = (u8)((u32)Local_u16ADCValue * 100 / 1023);
    317a:	a0 e0       	ldi	r26, 0x00	; 0
    317c:	b0 e0       	ldi	r27, 0x00	; 0
    317e:	bc 01       	movw	r22, r24
    3180:	cd 01       	movw	r24, r26
    3182:	24 e6       	ldi	r18, 0x64	; 100
    3184:	30 e0       	ldi	r19, 0x00	; 0
    3186:	40 e0       	ldi	r20, 0x00	; 0
    3188:	50 e0       	ldi	r21, 0x00	; 0
    318a:	0e 94 f3 19 	call	0x33e6	; 0x33e6 <__mulsi3>
    318e:	2f ef       	ldi	r18, 0xFF	; 255
    3190:	33 e0       	ldi	r19, 0x03	; 3
    3192:	40 e0       	ldi	r20, 0x00	; 0
    3194:	50 e0       	ldi	r21, 0x00	; 0
    3196:	0e 94 1e 1a 	call	0x343c	; 0x343c <__udivmodsi4>
    319a:	12 2f       	mov	r17, r18

            /* Update in the same position to prevent screen flickering */
            LCD_go_to_XY(0, 1);
    319c:	80 e0       	ldi	r24, 0x00	; 0
    319e:	61 e0       	ldi	r22, 0x01	; 1
    31a0:	0e 94 86 16 	call	0x2d0c	; 0x2d0c <LCD_go_to_XY>
            LCD_send_number(Local_u8SafeDial);
    31a4:	61 2f       	mov	r22, r17
    31a6:	70 e0       	ldi	r23, 0x00	; 0
    31a8:	80 e0       	ldi	r24, 0x00	; 0
    31aa:	90 e0       	ldi	r25, 0x00	; 0
    31ac:	0e 94 f5 15 	call	0x2bea	; 0x2bea <LCD_send_number>
            LCD_send_string("   ");
    31b0:	84 e0       	ldi	r24, 0x04	; 4
    31b2:	91 e0       	ldi	r25, 0x01	; 1
    31b4:	0e 94 5e 16 	call	0x2cbc	; 0x2cbc <LCD_send_string>

            Local_u8Key = KPD_u8GetPressedKey();
    31b8:	0e 94 c6 16 	call	0x2d8c	; 0x2d8c <KPD_u8GetPressedKey>
            if (Local_u8Key == '=' && Local_u8SafeDial == 50)
    31bc:	8d 33       	cpi	r24, 0x3D	; 61
    31be:	09 f0       	breq	.+2      	; 0x31c2 <main+0x258>
    31c0:	6e cf       	rjmp	.-292    	; 0x309e <main+0x134>
    31c2:	12 33       	cpi	r17, 0x32	; 50
    31c4:	09 f0       	breq	.+2      	; 0x31c8 <main+0x25e>
    31c6:	6b cf       	rjmp	.-298    	; 0x309e <main+0x134>
            {
                Local_u8PuzzleStage = 2; /* Succeeded, move to password */
                LCD_send_command(0x01);
    31c8:	81 e0       	ldi	r24, 0x01	; 1
    31ca:	0e 94 71 16 	call	0x2ce2	; 0x2ce2 <LCD_send_command>
                LCD_send_string("Enter Password:");
    31ce:	88 e0       	ldi	r24, 0x08	; 8
    31d0:	91 e0       	ldi	r25, 0x01	; 1
    31d2:	0e 94 5e 16 	call	0x2cbc	; 0x2cbc <LCD_send_string>
                LCD_go_to_XY(0, 1);
    31d6:	80 e0       	ldi	r24, 0x00	; 0
    31d8:	61 e0       	ldi	r22, 0x01	; 1
    31da:	0e 94 86 16 	call	0x2d0c	; 0x2d0c <LCD_go_to_XY>
    31de:	5e cf       	rjmp	.-324    	; 0x309c <main+0x132>
            }
        }
        else if (Local_u8PuzzleStage == 2)
                {
                    Local_u8Key = KPD_u8GetPressedKey();
    31e0:	0e 94 c6 16 	call	0x2d8c	; 0x2d8c <KPD_u8GetPressedKey>
                    if (Local_u8Key != KPD_NO_PRESSED_KEY)
    31e4:	8f 3f       	cpi	r24, 0xFF	; 255
    31e6:	09 f4       	brne	.+2      	; 0x31ea <main+0x280>
    31e8:	59 cf       	rjmp	.-334    	; 0x309c <main+0x132>
                    {
                        /* 1. Store entered character and display a star */
                        Local_u8EnteredPass[Local_u8PassCounter] = Local_u8Key;
    31ea:	f6 01       	movw	r30, r12
    31ec:	ef 0d       	add	r30, r15
    31ee:	f1 1d       	adc	r31, r1
    31f0:	80 83       	st	Z, r24
                        LCD_send_data('*');
    31f2:	8a e2       	ldi	r24, 0x2A	; 42
    31f4:	0e 94 e0 15 	call	0x2bc0	; 0x2bc0 <LCD_send_data>
                        Local_u8PassCounter++;
    31f8:	f3 94       	inc	r15

                        /* 2. Verify only after entering 4 complete digits */
                        if (Local_u8PassCounter == 4)
    31fa:	84 e0       	ldi	r24, 0x04	; 4
    31fc:	f8 16       	cp	r15, r24
    31fe:	09 f0       	breq	.+2      	; 0x3202 <main+0x298>
    3200:	4d cf       	rjmp	.-358    	; 0x309c <main+0x132>
    3202:	20 e0       	ldi	r18, 0x00	; 0
    3204:	30 e0       	ldi	r19, 0x00	; 0
                            Local_u8IsPassCorrect = 1;

                            /* Compare entered array with stored one */
                            for (u8 i = 0; i < 4; i++)
                            {
                                if (Local_u8EnteredPass[i] != Local_u8StoredPass[i])
    3206:	f6 01       	movw	r30, r12
    3208:	e2 0f       	add	r30, r18
    320a:	f3 1f       	adc	r31, r19
    320c:	d4 01       	movw	r26, r8
    320e:	a2 0f       	add	r26, r18
    3210:	b3 1f       	adc	r27, r19
    3212:	90 81       	ld	r25, Z
    3214:	8c 91       	ld	r24, X
    3216:	98 17       	cp	r25, r24
    3218:	31 f4       	brne	.+12     	; 0x3226 <main+0x2bc>
    321a:	2f 5f       	subi	r18, 0xFF	; 255
    321c:	3f 4f       	sbci	r19, 0xFF	; 255
                        if (Local_u8PassCounter == 4)
                        {
                            Local_u8IsPassCorrect = 1;

                            /* Compare entered array with stored one */
                            for (u8 i = 0; i < 4; i++)
    321e:	24 30       	cpi	r18, 0x04	; 4
    3220:	31 05       	cpc	r19, r1
    3222:	89 f7       	brne	.-30     	; 0x3206 <main+0x29c>
    3224:	2c c0       	rjmp	.+88     	; 0x327e <main+0x314>
                                while(1);
                            }
                            else
                            {
                                /* Wrong password: Quick punishment then retry */
                                LCD_send_command(0x01);
    3226:	81 e0       	ldi	r24, 0x01	; 1
    3228:	0e 94 71 16 	call	0x2ce2	; 0x2ce2 <LCD_send_command>
                                LCD_send_string("WRONG PASS!");
    322c:	88 e1       	ldi	r24, 0x18	; 24
    322e:	91 e0       	ldi	r25, 0x01	; 1
    3230:	0e 94 5e 16 	call	0x2cbc	; 0x2cbc <LCD_send_string>
                                UART_print_data((u8*)"Wrong Password entered.\r\n");
    3234:	84 e2       	ldi	r24, 0x24	; 36
    3236:	91 e0       	ldi	r25, 0x01	; 1
    3238:	0e 94 8f 06 	call	0xd1e	; 0xd1e <UART_print_data>

                                /* Decrease time by 5 seconds as punishment */
                                if(G_u8BombSeconds > 5) G_u8BombSeconds -= 5;
    323c:	80 91 57 02 	lds	r24, 0x0257
    3240:	86 30       	cpi	r24, 0x06	; 6
    3242:	10 f4       	brcc	.+4      	; 0x3248 <main+0x2de>
    3244:	05 c0       	rjmp	.+10     	; 0x3250 <main+0x2e6>
    3246:	ff cf       	rjmp	.-2      	; 0x3246 <main+0x2dc>
    3248:	80 91 57 02 	lds	r24, 0x0257
    324c:	85 50       	subi	r24, 0x05	; 5
    324e:	01 c0       	rjmp	.+2      	; 0x3252 <main+0x2e8>
                                else G_u8BombSeconds = 1;
    3250:	81 e0       	ldi	r24, 0x01	; 1
    3252:	80 93 57 02 	sts	0x0257, r24
    3256:	88 e5       	ldi	r24, 0x58	; 88
    3258:	9b e1       	ldi	r25, 0x1B	; 27
    325a:	f5 01       	movw	r30, r10
    325c:	31 97       	sbiw	r30, 0x01	; 1
    325e:	f1 f7       	brne	.-4      	; 0x325c <main+0x2f2>
		{
			// wait 1/10 ms
			_delay_loop_2(((F_CPU) / 4e3) / 10);
			__ticks --;
    3260:	01 97       	sbiw	r24, 0x01	; 1
		__ticks = 1;
	else if (__tmp > 65535)
	{
		//	__ticks = requested delay in 1/10 ms
		__ticks = (uint16_t) (__ms * 10.0);
		while(__ticks)
    3262:	d9 f7       	brne	.-10     	; 0x325a <main+0x2f0>

                                /* Short delay to read "Wrong Pass" before clearing the screen */
                                _delay_ms(700);

                                LCD_send_command(0x01);
    3264:	81 e0       	ldi	r24, 0x01	; 1
    3266:	0e 94 71 16 	call	0x2ce2	; 0x2ce2 <LCD_send_command>
                                LCD_send_string("Enter Password:");
    326a:	88 e0       	ldi	r24, 0x08	; 8
    326c:	91 e0       	ldi	r25, 0x01	; 1
    326e:	0e 94 5e 16 	call	0x2cbc	; 0x2cbc <LCD_send_string>
                                LCD_go_to_XY(0, 1);
    3272:	80 e0       	ldi	r24, 0x00	; 0
    3274:	61 e0       	ldi	r22, 0x01	; 1
    3276:	0e 94 86 16 	call	0x2d0c	; 0x2d0c <LCD_go_to_XY>
    327a:	ff 24       	eor	r15, r15
    327c:	0f cf       	rjmp	.-482    	; 0x309c <main+0x132>

                            /* 3. Make decision based on the result */
                            if (Local_u8IsPassCorrect == 1)
                            {
                                /* Safe path: Defuse bomb successfully */
                                G_u8IsBombRunning = 0;
    327e:	10 92 58 02 	sts	0x0258, r1
                                motor_off(motor1);
    3282:	87 e0       	ldi	r24, 0x07	; 7
    3284:	91 e0       	ldi	r25, 0x01	; 1
    3286:	0e 94 7f 17 	call	0x2efe	; 0x2efe <motor_off>

                                DIO_Set_Pin_Value(DIO_PORTC, DIO_PIN5, DIO_PIN_LOW);
    328a:	82 e0       	ldi	r24, 0x02	; 2
    328c:	65 e0       	ldi	r22, 0x05	; 5
    328e:	40 e0       	ldi	r20, 0x00	; 0
    3290:	0e 94 8f 09 	call	0x131e	; 0x131e <DIO_Set_Pin_Value>
                                LCD_send_command(0x01);
    3294:	81 e0       	ldi	r24, 0x01	; 1
    3296:	0e 94 71 16 	call	0x2ce2	; 0x2ce2 <LCD_send_command>
                                LCD_send_string("DEFUSED BY CODE!");
    329a:	8e e3       	ldi	r24, 0x3E	; 62
    329c:	91 e0       	ldi	r25, 0x01	; 1
    329e:	0e 94 5e 16 	call	0x2cbc	; 0x2cbc <LCD_send_string>
                                UART_print_data((u8*)"System Defused.\r\n");
    32a2:	86 ec       	ldi	r24, 0xC6	; 198
    32a4:	90 e0       	ldi	r25, 0x00	; 0
    32a6:	0e 94 8f 06 	call	0xd1e	; 0xd1e <UART_print_data>
    32aa:	cd cf       	rjmp	.-102    	; 0x3246 <main+0x2dc>

000032ac <Bomb_TimerTick>:
    .STROBE_PORT = DIO_PORTC,
    .STROBE_PIN = DIO_PIN2
};

void Bomb_TimerTick(void)
{
    32ac:	0f 93       	push	r16
    static u16 Local_u16SecondsCounter = 0;
    static u8 Local_u8MuxCounter = 0;
    static u8 Local_u8CurrentDigit = 0;


    if (G_u8IsBombRunning == 0)
    32ae:	80 91 58 02 	lds	r24, 0x0258
    32b2:	88 23       	and	r24, r24
    32b4:	41 f4       	brne	.+16     	; 0x32c6 <Bomb_TimerTick+0x1a>
        {
            /* Send HIGH to Enable pins to disconnect both displays (depending on your wiring) */
            DIO_Set_Pin_Value(DIO_PORTC, DIO_PIN3, DIO_PIN_HIGH);
    32b6:	82 e0       	ldi	r24, 0x02	; 2
    32b8:	63 e0       	ldi	r22, 0x03	; 3
    32ba:	41 e0       	ldi	r20, 0x01	; 1
    32bc:	0e 94 8f 09 	call	0x131e	; 0x131e <DIO_Set_Pin_Value>
            DIO_Set_Pin_Value(DIO_PORTC, DIO_PIN4, DIO_PIN_HIGH);
    32c0:	82 e0       	ldi	r24, 0x02	; 2
    32c2:	64 e0       	ldi	r22, 0x04	; 4
    32c4:	65 c0       	rjmp	.+202    	; 0x3390 <Bomb_TimerTick+0xe4>
            return;
        }


    /* 1. Displays Multiplexing (always running) */
    Local_u8MuxCounter++;
    32c6:	80 91 9b 02 	lds	r24, 0x029B
    32ca:	8f 5f       	subi	r24, 0xFF	; 255
    32cc:	80 93 9b 02 	sts	0x029B, r24
    if (Local_u8MuxCounter == 2)
    32d0:	82 30       	cpi	r24, 0x02	; 2
    32d2:	09 f0       	breq	.+2      	; 0x32d6 <Bomb_TimerTick+0x2a>
    32d4:	4b c0       	rjmp	.+150    	; 0x336c <Bomb_TimerTick+0xc0>
    {
        Local_u8MuxCounter = 0;
    32d6:	10 92 9b 02 	sts	0x029B, r1
        DIO_Set_Pin_Direction(DIO_PORTC, DIO_PIN3, DIO_PIN_OUTPUT);
    32da:	63 e0       	ldi	r22, 0x03	; 3
    32dc:	41 e0       	ldi	r20, 0x01	; 1
    32de:	0e 94 fa 08 	call	0x11f4	; 0x11f4 <DIO_Set_Pin_Direction>
        DIO_Set_Pin_Direction(DIO_PORTC, DIO_PIN4, DIO_PIN_OUTPUT);
    32e2:	82 e0       	ldi	r24, 0x02	; 2
    32e4:	64 e0       	ldi	r22, 0x04	; 4
    32e6:	41 e0       	ldi	r20, 0x01	; 1
    32e8:	0e 94 fa 08 	call	0x11f4	; 0x11f4 <DIO_Set_Pin_Direction>
        DIO_Set_Pin_Value(DIO_PORTC, DIO_PIN3, DIO_PIN_LOW);
    32ec:	82 e0       	ldi	r24, 0x02	; 2
    32ee:	63 e0       	ldi	r22, 0x03	; 3
    32f0:	40 e0       	ldi	r20, 0x00	; 0
    32f2:	0e 94 8f 09 	call	0x131e	; 0x131e <DIO_Set_Pin_Value>
        DIO_Set_Pin_Value(DIO_PORTC, DIO_PIN4, DIO_PIN_LOW);
    32f6:	82 e0       	ldi	r24, 0x02	; 2
    32f8:	64 e0       	ldi	r22, 0x04	; 4
    32fa:	40 e0       	ldi	r20, 0x00	; 0
    32fc:	0e 94 8f 09 	call	0x131e	; 0x131e <DIO_Set_Pin_Value>

        if (Local_u8CurrentDigit == 0)
    3300:	80 91 9a 02 	lds	r24, 0x029A
    3304:	88 23       	and	r24, r24
    3306:	d1 f4       	brne	.+52     	; 0x333c <Bomb_TimerTick+0x90>
        {
        	ssd_display(sr1, common_anode, G_u8Units);
    3308:	00 91 98 02 	lds	r16, 0x0298
    330c:	40 91 7b 02 	lds	r20, 0x027B
    3310:	50 91 7c 02 	lds	r21, 0x027C
    3314:	60 91 7d 02 	lds	r22, 0x027D
    3318:	70 91 7e 02 	lds	r23, 0x027E
    331c:	80 91 7f 02 	lds	r24, 0x027F
    3320:	90 91 80 02 	lds	r25, 0x0280
    3324:	21 e0       	ldi	r18, 0x01	; 1
    3326:	0e 94 6f 14 	call	0x28de	; 0x28de <ssd_display>
            DIO_Set_Pin_Value(DIO_PORTC, DIO_PIN3, DIO_PIN_HIGH);
    332a:	82 e0       	ldi	r24, 0x02	; 2
    332c:	63 e0       	ldi	r22, 0x03	; 3
    332e:	41 e0       	ldi	r20, 0x01	; 1
    3330:	0e 94 8f 09 	call	0x131e	; 0x131e <DIO_Set_Pin_Value>
            Local_u8CurrentDigit = 1;
    3334:	81 e0       	ldi	r24, 0x01	; 1
    3336:	80 93 9a 02 	sts	0x029A, r24
    333a:	18 c0       	rjmp	.+48     	; 0x336c <Bomb_TimerTick+0xc0>
        }
        else
        {
        	ssd_display(sr1, common_anode, G_u8Tens);
    333c:	00 91 99 02 	lds	r16, 0x0299
    3340:	40 91 7b 02 	lds	r20, 0x027B
    3344:	50 91 7c 02 	lds	r21, 0x027C
    3348:	60 91 7d 02 	lds	r22, 0x027D
    334c:	70 91 7e 02 	lds	r23, 0x027E
    3350:	80 91 7f 02 	lds	r24, 0x027F
    3354:	90 91 80 02 	lds	r25, 0x0280
    3358:	21 e0       	ldi	r18, 0x01	; 1
    335a:	0e 94 6f 14 	call	0x28de	; 0x28de <ssd_display>
            DIO_Set_Pin_Value(DIO_PORTC, DIO_PIN4, DIO_PIN_HIGH);
    335e:	82 e0       	ldi	r24, 0x02	; 2
    3360:	64 e0       	ldi	r22, 0x04	; 4
    3362:	41 e0       	ldi	r20, 0x01	; 1
    3364:	0e 94 8f 09 	call	0x131e	; 0x131e <DIO_Set_Pin_Value>
            Local_u8CurrentDigit = 0;
    3368:	10 92 9a 02 	sts	0x029A, r1
        }
    }

    /* 2. Countdown and Buzzer (runs only while bomb is active) */
    if (G_u8IsBombRunning == 1)
    336c:	80 91 58 02 	lds	r24, 0x0258
    3370:	81 30       	cpi	r24, 0x01	; 1
    3372:	b9 f5       	brne	.+110    	; 0x33e2 <Bomb_TimerTick+0x136>
    {
        Local_u16SecondsCounter++;
    3374:	80 91 9c 02 	lds	r24, 0x029C
    3378:	90 91 9d 02 	lds	r25, 0x029D
    337c:	01 96       	adiw	r24, 0x01	; 1
    337e:	90 93 9d 02 	sts	0x029D, r25
    3382:	80 93 9c 02 	sts	0x029C, r24

        if (Local_u16SecondsCounter == 1)
    3386:	81 30       	cpi	r24, 0x01	; 1
    3388:	91 05       	cpc	r25, r1
    338a:	31 f4       	brne	.+12     	; 0x3398 <Bomb_TimerTick+0xec>
        {
            DIO_Set_Pin_Value(DIO_PORTC, DIO_PIN5, DIO_PIN_HIGH); /* Buzzer ON */
    338c:	82 e0       	ldi	r24, 0x02	; 2
    338e:	65 e0       	ldi	r22, 0x05	; 5
    3390:	41 e0       	ldi	r20, 0x01	; 1
    3392:	0e 94 8f 09 	call	0x131e	; 0x131e <DIO_Set_Pin_Value>
    3396:	25 c0       	rjmp	.+74     	; 0x33e2 <Bomb_TimerTick+0x136>
        }
        else if (Local_u16SecondsCounter == 500)
    3398:	21 e0       	ldi	r18, 0x01	; 1
    339a:	84 3f       	cpi	r24, 0xF4	; 244
    339c:	92 07       	cpc	r25, r18
    339e:	21 f4       	brne	.+8      	; 0x33a8 <Bomb_TimerTick+0xfc>
        {
            DIO_Set_Pin_Value(DIO_PORTC, DIO_PIN5, DIO_PIN_LOW);  /* Buzzer OFF */
    33a0:	82 e0       	ldi	r24, 0x02	; 2
    33a2:	65 e0       	ldi	r22, 0x05	; 5
    33a4:	40 e0       	ldi	r20, 0x00	; 0
    33a6:	f5 cf       	rjmp	.-22     	; 0x3392 <Bomb_TimerTick+0xe6>
        }
        else if (Local_u16SecondsCounter == 1000)
    33a8:	88 5e       	subi	r24, 0xE8	; 232
    33aa:	93 40       	sbci	r25, 0x03	; 3
    33ac:	d1 f4       	brne	.+52     	; 0x33e2 <Bomb_TimerTick+0x136>
        {
            Local_u16SecondsCounter = 0;
    33ae:	10 92 9d 02 	sts	0x029D, r1
    33b2:	10 92 9c 02 	sts	0x029C, r1
            if (G_u8BombSeconds > 0)
    33b6:	80 91 57 02 	lds	r24, 0x0257
    33ba:	88 23       	and	r24, r24
    33bc:	91 f0       	breq	.+36     	; 0x33e2 <Bomb_TimerTick+0x136>
            {
                G_u8BombSeconds--;
    33be:	80 91 57 02 	lds	r24, 0x0257
    33c2:	81 50       	subi	r24, 0x01	; 1
    33c4:	80 93 57 02 	sts	0x0257, r24
                G_u8Units = G_u8BombSeconds % 10;
    33c8:	80 91 57 02 	lds	r24, 0x0257
    33cc:	6a e0       	ldi	r22, 0x0A	; 10
    33ce:	0e 94 12 1a 	call	0x3424	; 0x3424 <__udivmodqi4>
    33d2:	90 93 98 02 	sts	0x0298, r25
                G_u8Tens = G_u8BombSeconds / 10;
    33d6:	80 91 57 02 	lds	r24, 0x0257
    33da:	0e 94 12 1a 	call	0x3424	; 0x3424 <__udivmodqi4>
    33de:	80 93 99 02 	sts	0x0299, r24
            }
        }
    }
}
    33e2:	0f 91       	pop	r16
    33e4:	08 95       	ret

000033e6 <__mulsi3>:
    33e6:	62 9f       	mul	r22, r18
    33e8:	d0 01       	movw	r26, r0
    33ea:	73 9f       	mul	r23, r19
    33ec:	f0 01       	movw	r30, r0
    33ee:	82 9f       	mul	r24, r18
    33f0:	e0 0d       	add	r30, r0
    33f2:	f1 1d       	adc	r31, r1
    33f4:	64 9f       	mul	r22, r20
    33f6:	e0 0d       	add	r30, r0
    33f8:	f1 1d       	adc	r31, r1
    33fa:	92 9f       	mul	r25, r18
    33fc:	f0 0d       	add	r31, r0
    33fe:	83 9f       	mul	r24, r19
    3400:	f0 0d       	add	r31, r0
    3402:	74 9f       	mul	r23, r20
    3404:	f0 0d       	add	r31, r0
    3406:	65 9f       	mul	r22, r21
    3408:	f0 0d       	add	r31, r0
    340a:	99 27       	eor	r25, r25
    340c:	72 9f       	mul	r23, r18
    340e:	b0 0d       	add	r27, r0
    3410:	e1 1d       	adc	r30, r1
    3412:	f9 1f       	adc	r31, r25
    3414:	63 9f       	mul	r22, r19
    3416:	b0 0d       	add	r27, r0
    3418:	e1 1d       	adc	r30, r1
    341a:	f9 1f       	adc	r31, r25
    341c:	bd 01       	movw	r22, r26
    341e:	cf 01       	movw	r24, r30
    3420:	11 24       	eor	r1, r1
    3422:	08 95       	ret

00003424 <__udivmodqi4>:
    3424:	99 1b       	sub	r25, r25
    3426:	79 e0       	ldi	r23, 0x09	; 9
    3428:	04 c0       	rjmp	.+8      	; 0x3432 <__udivmodqi4_ep>

0000342a <__udivmodqi4_loop>:
    342a:	99 1f       	adc	r25, r25
    342c:	96 17       	cp	r25, r22
    342e:	08 f0       	brcs	.+2      	; 0x3432 <__udivmodqi4_ep>
    3430:	96 1b       	sub	r25, r22

00003432 <__udivmodqi4_ep>:
    3432:	88 1f       	adc	r24, r24
    3434:	7a 95       	dec	r23
    3436:	c9 f7       	brne	.-14     	; 0x342a <__udivmodqi4_loop>
    3438:	80 95       	com	r24
    343a:	08 95       	ret

0000343c <__udivmodsi4>:
    343c:	a1 e2       	ldi	r26, 0x21	; 33
    343e:	1a 2e       	mov	r1, r26
    3440:	aa 1b       	sub	r26, r26
    3442:	bb 1b       	sub	r27, r27
    3444:	fd 01       	movw	r30, r26
    3446:	0d c0       	rjmp	.+26     	; 0x3462 <__udivmodsi4_ep>

00003448 <__udivmodsi4_loop>:
    3448:	aa 1f       	adc	r26, r26
    344a:	bb 1f       	adc	r27, r27
    344c:	ee 1f       	adc	r30, r30
    344e:	ff 1f       	adc	r31, r31
    3450:	a2 17       	cp	r26, r18
    3452:	b3 07       	cpc	r27, r19
    3454:	e4 07       	cpc	r30, r20
    3456:	f5 07       	cpc	r31, r21
    3458:	20 f0       	brcs	.+8      	; 0x3462 <__udivmodsi4_ep>
    345a:	a2 1b       	sub	r26, r18
    345c:	b3 0b       	sbc	r27, r19
    345e:	e4 0b       	sbc	r30, r20
    3460:	f5 0b       	sbc	r31, r21

00003462 <__udivmodsi4_ep>:
    3462:	66 1f       	adc	r22, r22
    3464:	77 1f       	adc	r23, r23
    3466:	88 1f       	adc	r24, r24
    3468:	99 1f       	adc	r25, r25
    346a:	1a 94       	dec	r1
    346c:	69 f7       	brne	.-38     	; 0x3448 <__udivmodsi4_loop>
    346e:	60 95       	com	r22
    3470:	70 95       	com	r23
    3472:	80 95       	com	r24
    3474:	90 95       	com	r25
    3476:	9b 01       	movw	r18, r22
    3478:	ac 01       	movw	r20, r24
    347a:	bd 01       	movw	r22, r26
    347c:	cf 01       	movw	r24, r30
    347e:	08 95       	ret

00003480 <__prologue_saves__>:
    3480:	2f 92       	push	r2
    3482:	3f 92       	push	r3
    3484:	4f 92       	push	r4
    3486:	5f 92       	push	r5
    3488:	6f 92       	push	r6
    348a:	7f 92       	push	r7
    348c:	8f 92       	push	r8
    348e:	9f 92       	push	r9
    3490:	af 92       	push	r10
    3492:	bf 92       	push	r11
    3494:	cf 92       	push	r12
    3496:	df 92       	push	r13
    3498:	ef 92       	push	r14
    349a:	ff 92       	push	r15
    349c:	0f 93       	push	r16
    349e:	1f 93       	push	r17
    34a0:	cf 93       	push	r28
    34a2:	df 93       	push	r29
    34a4:	cd b7       	in	r28, 0x3d	; 61
    34a6:	de b7       	in	r29, 0x3e	; 62
    34a8:	ca 1b       	sub	r28, r26
    34aa:	db 0b       	sbc	r29, r27
    34ac:	0f b6       	in	r0, 0x3f	; 63
    34ae:	f8 94       	cli
    34b0:	de bf       	out	0x3e, r29	; 62
    34b2:	0f be       	out	0x3f, r0	; 63
    34b4:	cd bf       	out	0x3d, r28	; 61
    34b6:	09 94       	ijmp

000034b8 <__epilogue_restores__>:
    34b8:	2a 88       	ldd	r2, Y+18	; 0x12
    34ba:	39 88       	ldd	r3, Y+17	; 0x11
    34bc:	48 88       	ldd	r4, Y+16	; 0x10
    34be:	5f 84       	ldd	r5, Y+15	; 0x0f
    34c0:	6e 84       	ldd	r6, Y+14	; 0x0e
    34c2:	7d 84       	ldd	r7, Y+13	; 0x0d
    34c4:	8c 84       	ldd	r8, Y+12	; 0x0c
    34c6:	9b 84       	ldd	r9, Y+11	; 0x0b
    34c8:	aa 84       	ldd	r10, Y+10	; 0x0a
    34ca:	b9 84       	ldd	r11, Y+9	; 0x09
    34cc:	c8 84       	ldd	r12, Y+8	; 0x08
    34ce:	df 80       	ldd	r13, Y+7	; 0x07
    34d0:	ee 80       	ldd	r14, Y+6	; 0x06
    34d2:	fd 80       	ldd	r15, Y+5	; 0x05
    34d4:	0c 81       	ldd	r16, Y+4	; 0x04
    34d6:	1b 81       	ldd	r17, Y+3	; 0x03
    34d8:	aa 81       	ldd	r26, Y+2	; 0x02
    34da:	b9 81       	ldd	r27, Y+1	; 0x01
    34dc:	ce 0f       	add	r28, r30
    34de:	d1 1d       	adc	r29, r1
    34e0:	0f b6       	in	r0, 0x3f	; 63
    34e2:	f8 94       	cli
    34e4:	de bf       	out	0x3e, r29	; 62
    34e6:	0f be       	out	0x3f, r0	; 63
    34e8:	cd bf       	out	0x3d, r28	; 61
    34ea:	ed 01       	movw	r28, r26
    34ec:	08 95       	ret

000034ee <_exit>:
    34ee:	f8 94       	cli

000034f0 <__stop_program>:
    34f0:	ff cf       	rjmp	.-2      	; 0x34f0 <__stop_program>
